productId,productName,insurer,supportStatus,structureStatus,economicsStatus,metadataOnlyBehaviorCount,metadataOnlyBehaviors,unsupportedItemCount,unsupportedItems,variantUnsupportedMatrix
aia-elite-secure-income-5-pay,AIA Elite Secure Income - 5 Pay,AIA Singapore,supported,structured,supported,6,aia-elite-secure-income-5p-fund-management-charge | aia-elite-secure-income-5p-no-fund-switching | aia-elite-secure-income-5p-power-up-bonus | aia-elite-secure-income-5p-secure-monthly-income-election | aia-elite-secure-income-5p-secure-monthly-income-gating | aia-elite-secure-income-5p-withdrawal-eligibility-gating,9,"Accidental-death claim admission timing, exclusions, and settlement remain informational only beyond the modeled current ordinary death amount plus the first-5-policy-year 50%-of-paid-regular-premiums uplift. | Fund switching remains informational only because it is not allowed under the product terms. | Fund-level management charges remain informational only because they depend on the selected ILP sub-fund. | Minimum withdrawal amount, minimum post-withdrawal policy value, and top-up eligibility while premiums are outstanding remain informational only. | Power-up Bonus remains informational only because it depends on a withdrawal-adjustment factor after policy year 5. | Regular-premium paid history and paid / deemed-paid Secure Monthly Income erosion need a manual current net protected premium base input in V1. | Secure Monthly Income amount, payout age, and payout period selection remain manual-assumption inputs in V1. | Secure Monthly Income versus Target Monthly Income gating remains informational only, including payout opt-out, reinvested-unit handling, and resumption after payout suspension. | Terminal-illness claim handling remains informational only beyond the modeled current terminal-illness benefit amount.","sgd-mip-5: Secure Monthly Income amount, payout age, and payout period selection remain manual-assumption inputs in V1. || Secure Monthly Income versus Target Monthly Income gating remains informational only, including payout opt-out, reinvested-unit handling, and resumption after payout suspension. || Power-up Bonus remains informational only because it depends on a withdrawal-adjustment factor after policy year 5. || Regular-premium paid history and paid / deemed-paid Secure Monthly Income erosion need a manual current net protected premium base input in V1. || Accidental-death claim admission timing, exclusions, and settlement remain informational only beyond the modeled current ordinary death amount plus the first-5-policy-year 50%-of-paid-regular-premiums uplift. || Terminal-illness claim handling remains informational only beyond the modeled current terminal-illness benefit amount. || Fund-level management charges remain informational only because they depend on the selected ILP sub-fund. || Minimum withdrawal amount, minimum post-withdrawal policy value, and top-up eligibility while premiums are outstanding remain informational only. || Fund switching remains informational only because it is not allowed under the product terms."
aia-elite-secure-income-single-premium,AIA Elite Secure Income - Single Premium,AIA Singapore,supported,structured,supported,4,aia-elite-secure-income-sp-fund-management-charge | aia-elite-secure-income-sp-no-fund-switching | aia-elite-secure-income-sp-secure-monthly-income-election | aia-elite-secure-income-sp-single-premium-principal-tracking,6,"Accidental-death claim admission timing, exclusions, and settlement remain informational only beyond the modeled current ordinary death amount plus the first-5-policy-year 10%-of-single-premium uplift. | Fund switching is not allowed and remains informational only. | Fund-level management charges remain informational only because they depend on the selected ILP sub-fund. | Secure Monthly Income amount, payout age, and payout period selection remain manual-assumption inputs in V1. | Single-premium principal tracking and paid / deemed-paid Secure Monthly Income erosion need a manual current net protected premium base input in V1. | Terminal-illness claim handling remains informational only beyond the modeled current terminal-illness benefit amount.","sgd-open-ended-sp: Secure Monthly Income amount, payout age, and payout period selection remain manual-assumption inputs in V1. || Single-premium principal tracking and paid / deemed-paid Secure Monthly Income erosion need a manual current net protected premium base input in V1. || Accidental-death claim admission timing, exclusions, and settlement remain informational only beyond the modeled current ordinary death amount plus the first-5-policy-year 10%-of-single-premium uplift. || Terminal-illness claim handling remains informational only beyond the modeled current terminal-illness benefit amount. || Fund-level management charges remain informational only because they depend on the selected ILP sub-fund. || Fund switching is not allowed and remains informational only."
aia-invest-easy-cash-srs,AIA Invest Easy (Cash/SRS),AIA Singapore,supported,structured,supported,9,aia-invest-easy-cash-srs-automatic-fund-rebalancing | aia-invest-easy-cash-srs-first-year-accidental-death-claim-exclusions | aia-invest-easy-cash-srs-free-look-refund | aia-invest-easy-cash-srs-full-surrender | aia-invest-easy-cash-srs-fund-management-charge | aia-invest-easy-cash-srs-fund-switching | aia-invest-easy-cash-srs-maturity-benefit | aia-invest-easy-cash-srs-partial-withdrawal | aia-invest-easy-cash-srs-top-up-age-limit,7,"First-year accidental-death claim admission, exclusions, and settlement remain informational only beyond the modeled current accidental-death estimate. | Free-look refund behavior remains informational only. | Fund-level management charges remain informational only because they depend on the selected fund mix rather than a single product-level rate. | Fund-switching and automatic fund re-balancing remain informational only. | Maturity benefit at insured age 100 remains informational only. | Partial-withdrawal and full-surrender administration remain informational only. | Top-up age-limit handling remains informational only.","sgd-open-ended-cash-srs: First-year accidental-death claim admission, exclusions, and settlement remain informational only beyond the modeled current accidental-death estimate. || Maturity benefit at insured age 100 remains informational only. || Partial-withdrawal and full-surrender administration remain informational only. || Fund-switching and automatic fund re-balancing remain informational only. || Fund-level management charges remain informational only because they depend on the selected fund mix rather than a single product-level rate. || Free-look refund behavior remains informational only. || Top-up age-limit handling remains informational only."
aia-invest-easy-cpf,AIA Invest Easy (CPF),AIA Singapore,supported,structured,supported,10,aia-invest-easy-cpf-automatic-fund-rebalancing | aia-invest-easy-cpf-cpf-fund-eligibility | aia-invest-easy-cpf-first-year-accidental-death-claim-exclusions | aia-invest-easy-cpf-free-look-refund | aia-invest-easy-cpf-full-surrender | aia-invest-easy-cpf-fund-management-charge | aia-invest-easy-cpf-fund-switching | aia-invest-easy-cpf-maturity-benefit | aia-invest-easy-cpf-partial-withdrawal | aia-invest-easy-cpf-top-up-age-limit,7,"CPF-eligible fund restrictions and top-up age-limit handling remain informational only. | First-year accidental-death claim admission, exclusions, and settlement remain informational only beyond the modeled current accidental-death estimate. | Free-look refund behavior remains informational only. | Fund-level management charges remain informational only because they depend on the selected fund mix rather than a single product-level rate. | Fund-switching and automatic fund re-balancing remain informational only. | Maturity benefit at insured age 100 remains informational only. | Partial-withdrawal and full-surrender administration remain informational only.","sgd-open-ended-cpf: First-year accidental-death claim admission, exclusions, and settlement remain informational only beyond the modeled current accidental-death estimate. || Maturity benefit at insured age 100 remains informational only. || Partial-withdrawal and full-surrender administration remain informational only. || Fund-switching and automatic fund re-balancing remain informational only. || Fund-level management charges remain informational only because they depend on the selected fund mix rather than a single product-level rate. || Free-look refund behavior remains informational only. || CPF-eligible fund restrictions and top-up age-limit handling remain informational only."
aia-pro-lifetime-protector-ii,AIA Pro Lifetime Protector (II),AIA Singapore,supported,structured,supported,13,aia-pro-lifetime-protector-ii-aia-vitality-powerup-dollar | aia-pro-lifetime-protector-ii-fund-management-charge | aia-pro-lifetime-protector-ii-fund-switching-and-rebalancing | aia-pro-lifetime-protector-ii-insured-amount-variation | aia-pro-lifetime-protector-ii-milestone-event-increase-option | aia-pro-lifetime-protector-ii-no-lapse-privilege | aia-pro-lifetime-protector-ii-optional-riders | aia-pro-lifetime-protector-ii-partial-withdrawal-eligibility-gate | aia-pro-lifetime-protector-ii-premium-frequency-change | aia-pro-lifetime-protector-ii-regular-premium-variation | aia-pro-lifetime-protector-ii-reinstatement-underwriting-and-extra-mortality | aia-pro-lifetime-protector-ii-termination-limits | aia-pro-lifetime-protector-ii-top-up-eligibility-gate,9,"AIA Vitality PowerUp Dollar, optional riders, fund switching, automatic fund switching, automatic fund re-balancing, and fund-level management charges remain informational only. | Insured-amount variation, milestone-event increase option, regular-premium variation, and premium-frequency change handling remain informational only. | No Lapse Privilege debt carry and post-depletion fee accrual remain informational only. | Partial-withdrawal eligibility timing, minimum withdrawal amount, and minimum residual policy-value rules remain informational only. | Reinstatement underwriting and extra-mortality revisions remain informational only. | The Max current death benefit needs a manual current insured amount input because insured-amount changes and claim-side reductions are not reconstructed from history in V1. | The Max death-benefit claim-side payout settlement itself remains metadata-only beyond the modeled current snapshot and Benefit Charge corridor. | The Plus current death benefit needs a manual current insured amount input because insured-amount changes and claim-side reductions are not reconstructed from history in V1. | The Plus death-benefit claim-side payout settlement itself remains metadata-only beyond the modeled current snapshot and Benefit Charge corridor.","sgd-open-ended-plus: No Lapse Privilege debt carry and post-depletion fee accrual remain informational only. || Partial-withdrawal eligibility timing, minimum withdrawal amount, and minimum residual policy-value rules remain informational only. || Insured-amount variation, milestone-event increase option, regular-premium variation, and premium-frequency change handling remain informational only. || AIA Vitality PowerUp Dollar, optional riders, fund switching, automatic fund switching, automatic fund re-balancing, and fund-level management charges remain informational only. || Reinstatement underwriting and extra-mortality revisions remain informational only. || The Plus current death benefit needs a manual current insured amount input because insured-amount changes and claim-side reductions are not reconstructed from history in V1. || The Plus death-benefit claim-side payout settlement itself remains metadata-only beyond the modeled current snapshot and Benefit Charge corridor. ;; sgd-open-ended-max: No Lapse Privilege debt carry and post-depletion fee accrual remain informational only. || Partial-withdrawal eligibility timing, minimum withdrawal amount, and minimum residual policy-value rules remain informational only. || Insured-amount variation, milestone-event increase option, regular-premium variation, and premium-frequency change handling remain informational only. || AIA Vitality PowerUp Dollar, optional riders, fund switching, automatic fund switching, automatic fund re-balancing, and fund-level management charges remain informational only. || Reinstatement underwriting and extra-mortality revisions remain informational only. || The Max current death benefit needs a manual current insured amount input because insured-amount changes and claim-side reductions are not reconstructed from history in V1. || The Max death-benefit claim-side payout settlement itself remains metadata-only beyond the modeled current snapshot and Benefit Charge corridor."
aia-platinum-retirement-elite,AIA Platinum Retirement Elite,AIA Singapore,supported,structured,supported,7,aia-platinum-retirement-elite-fund-management-charge | aia-platinum-retirement-elite-fund-switching | aia-platinum-retirement-elite-monthly-retirement-income-election | aia-platinum-retirement-elite-power-up-bonus | aia-platinum-retirement-elite-single-premium-corridor | aia-platinum-retirement-elite-stepped-up-income-option | aia-platinum-retirement-elite-top-up-eligibility-gating,7,"Fund switching mechanics remain informational only. | Fund-level management charges remain informational only because they depend on the selected ILP sub-fund. | Minimum withdrawal amount, minimum post-withdrawal policy value, top-up eligibility while premiums are outstanding, and top-up suspension remain informational only. | Power-up Bonus remains informational only because it depends on a withdrawal-adjustment factor and separately documented single-premium versus regular-premium policy values. | Single-pay and SRS single-premium corridors remain informational only in V1, including the 5% single-premium charge and single-premium withdrawal / surrender charge schedules. | Target Monthly Retirement Income amount, Target Retirement Age, Target Payout Period, and Stepped-up Income Option remain manual-assumption inputs in V1. | The current-state terminal-illness benefit amount is modeled as the same amount as the current death-benefit estimate, and the current accidental-death amount is modeled as the current death-benefit estimate plus 50% of cumulative paid regular premiums during the first 5 policy years, but accidental-death and terminal-illness claim admission, exclusions, settlement, and policy-termination handling remain informational only.","sgd-mip-5: Target Monthly Retirement Income amount, Target Retirement Age, Target Payout Period, and Stepped-up Income Option remain manual-assumption inputs in V1. || Power-up Bonus remains informational only because it depends on a withdrawal-adjustment factor and separately documented single-premium versus regular-premium policy values. || Single-pay and SRS single-premium corridors remain informational only in V1, including the 5% single-premium charge and single-premium withdrawal / surrender charge schedules. || The current-state terminal-illness benefit amount is modeled as the same amount as the current death-benefit estimate, and the current accidental-death amount is modeled as the current death-benefit estimate plus 50% of cumulative paid regular premiums during the first 5 policy years, but accidental-death and terminal-illness claim admission, exclusions, settlement, and policy-termination handling remain informational only. || Fund-level management charges remain informational only because they depend on the selected ILP sub-fund. || Minimum withdrawal amount, minimum post-withdrawal policy value, top-up eligibility while premiums are outstanding, and top-up suspension remain informational only. || Fund switching mechanics remain informational only."
aia-platinum-wealth-elite-2,AIA Platinum Wealth Elite 2.0,AIA Singapore,supported,structured,supported,12,aia-platinum-wealth-elite-2-administration-charge | aia-platinum-wealth-elite-2-change-of-insured-and-layering | aia-platinum-wealth-elite-2-death-benefit-bequest-option | aia-platinum-wealth-elite-2-free-legacy-cover | aia-platinum-wealth-elite-2-fund-management-charge | aia-platinum-wealth-elite-2-fund-switching-and-rebalancing | aia-platinum-wealth-elite-2-income-withdrawal-privilege | aia-platinum-wealth-elite-2-insurance-risk-charge | aia-platinum-wealth-elite-2-no-lapse-privilege | aia-platinum-wealth-elite-2-premium-term-extension | aia-platinum-wealth-elite-2-single-premium-corridor | aia-platinum-wealth-elite-2-vitality-bonus,9,"Administration charge remains informational only because it depends on issue-age and change-of-insured layering state. | Death Benefit Bequest Option and other protection-side payout handling remain informational only. | Fund-level management charges, fund switching, and automatic fund re-balancing remain informational only. | Income Withdrawal Privilege, vitality-linked bonuses, and change-of-insured effects remain informational only. | Insurance Risk Charge, Free Legacy Cover, and No Lapse Privilege debt accrual remain informational only. | Optional extension of the regular premium term beyond five years remains informational only in V1. | Single-pay corridor and the 5% single-premium charge remain informational only in V1. | Terminal-illness claim admission, exclusions, settlement, and post-claim state remain informational only beyond the modeled current terminal-illness amount. | The current death benefit needs a manual current insured amount input because withdrawals, Income Withdrawal Privilege usage, and claim-side reductions are not reconstructed from history in V1.","sgd-mip-5: Single-pay corridor and the 5% single-premium charge remain informational only in V1. || Optional extension of the regular premium term beyond five years remains informational only in V1. || Administration charge remains informational only because it depends on issue-age and change-of-insured layering state. || Insurance Risk Charge, Free Legacy Cover, and No Lapse Privilege debt accrual remain informational only. || Income Withdrawal Privilege, vitality-linked bonuses, and change-of-insured effects remain informational only. || The current death benefit needs a manual current insured amount input because withdrawals, Income Withdrawal Privilege usage, and claim-side reductions are not reconstructed from history in V1. || Death Benefit Bequest Option and other protection-side payout handling remain informational only. || Terminal-illness claim admission, exclusions, settlement, and post-claim state remain informational only beyond the modeled current terminal-illness amount. || Fund-level management charges, fund switching, and automatic fund re-balancing remain informational only."
aia-platinum-wealth-legacy,AIA Platinum Wealth Legacy,AIA Singapore,supported,structured,supported,8,aia-platinum-wealth-legacy-administration-charge | aia-platinum-wealth-legacy-expiry-age-election | aia-platinum-wealth-legacy-fund-management-charge | aia-platinum-wealth-legacy-insurance-risk-charge | aia-platinum-wealth-legacy-layering-and-adjusted-partial-withdrawal | aia-platinum-wealth-legacy-no-fund-switching | aia-platinum-wealth-legacy-no-lapse-privilege | aia-platinum-wealth-legacy-single-premium-corridor,8,"Adjusted partial withdrawal, layer creation from insured-amount changes, and minimum-insured-amount gating remain informational only. | Administration charge remains informational only because the applicable rates live in the policy illustration rather than the product summary. | Fund-level management charges and no-fund-switching constraints remain informational only. | Insurance Risk Charge, No Lapse Privilege activation or termination, and expiry-age election mechanics remain informational only. | Other protection-side payout handling remains informational only. | Single-pay corridor and the 5% single-premium charge remain informational only in V1. | Terminal-illness claim admission, exclusions, settlement, and post-claim state remain informational only beyond the modeled current terminal-illness amount. | The current death benefit needs manual current insured amount, current amount owing, and current No Lapse Privilege mode inputs because adjusted partial withdrawals and no-lapse history are not reconstructed from history in V1.","sgd-mip-5: Single-pay corridor and the 5% single-premium charge remain informational only in V1. || Administration charge remains informational only because the applicable rates live in the policy illustration rather than the product summary. || The current death benefit needs manual current insured amount, current amount owing, and current No Lapse Privilege mode inputs because adjusted partial withdrawals and no-lapse history are not reconstructed from history in V1. || Insurance Risk Charge, No Lapse Privilege activation or termination, and expiry-age election mechanics remain informational only. || Adjusted partial withdrawal, layer creation from insured-amount changes, and minimum-insured-amount gating remain informational only. || Terminal-illness claim admission, exclusions, settlement, and post-claim state remain informational only beyond the modeled current terminal-illness amount. || Other protection-side payout handling remains informational only. || Fund-level management charges and no-fund-switching constraints remain informational only."
aia-platinum-wealth-venture-2,AIA Platinum Wealth Venture 2.0,AIA Singapore,supported,structured,supported,4,aia-platinum-wealth-venture-2-fund-management-charge | aia-platinum-wealth-venture-2-fund-switching | aia-platinum-wealth-venture-2-secondary-insured-option | aia-platinum-wealth-venture-2-top-up-eligibility-gating,5,"Accidental-death claim admission / exclusions / settlement, secondary-insured handling, and other protection-side claim handling remain informational only beyond the modeled current ordinary death-benefit estimate plus the first-2-policy-year 100%-of-paid-regular-premiums accidental-death uplift. | Any underwriting or approval handling around premium resumption remains informational only. | Fund switching and reinvested dividend top-up units remain informational only. | Fund-level management charges remain informational only because they depend on the selected ILP sub-fund. | Minimum withdrawal amount, minimum post-withdrawal policy value, regular-top-up eligibility while premiums are outstanding, and top-up suspension remain informational only.","sgd-mip-5: Accidental-death claim admission / exclusions / settlement, secondary-insured handling, and other protection-side claim handling remain informational only beyond the modeled current ordinary death-benefit estimate plus the first-2-policy-year 100%-of-paid-regular-premiums accidental-death uplift. || Fund-level management charges remain informational only because they depend on the selected ILP sub-fund. || Minimum withdrawal amount, minimum post-withdrawal policy value, regular-top-up eligibility while premiums are outstanding, and top-up suspension remain informational only. || Fund switching and reinvested dividend top-up units remain informational only. || Any underwriting or approval handling around premium resumption remains informational only."
aia-wealth-venture,AIA Wealth Venture,AIA Singapore,supported,structured,supported,4,aia-wealth-venture-fund-management-charge | aia-wealth-venture-fund-switching | aia-wealth-venture-secondary-insured-option | aia-wealth-venture-top-up-eligibility-gating,5,"Accidental-death claim admission / exclusions / settlement, secondary-insured handling, and other protection-side claim handling remain informational only beyond the modeled current ordinary death-benefit estimate plus the first-2-policy-year 100%-of-paid-regular-premiums accidental-death uplift. | Any underwriting or approval handling around premium resumption remains informational only. | Fund switching and automatic fund switching / re-balancing remain informational only. | Fund-level management charges remain informational only because they depend on the selected ILP sub-fund. | Minimum withdrawal amount, minimum post-withdrawal policy value, regular-top-up eligibility while premiums are outstanding, and top-up suspension remain informational only.","sgd-mip-8: Accidental-death claim admission / exclusions / settlement, secondary-insured handling, and other protection-side claim handling remain informational only beyond the modeled current ordinary death-benefit estimate plus the first-2-policy-year 100%-of-paid-regular-premiums accidental-death uplift. || Fund-level management charges remain informational only because they depend on the selected ILP sub-fund. || Minimum withdrawal amount, minimum post-withdrawal policy value, regular-top-up eligibility while premiums are outstanding, and top-up suspension remain informational only. || Fund switching and automatic fund switching / re-balancing remain informational only. || Any underwriting or approval handling around premium resumption remains informational only."
fwd-invest-flexi-elite,FWD Invest Flexi Elite,FWD Singapore,supported,structured,supported,10,fwd-invest-flexi-elite-change-of-policy-currency | fwd-invest-flexi-elite-free-partial-withdrawal-benefit | fwd-invest-flexi-elite-fund-switching | fwd-invest-flexi-elite-involuntary-unemployment-benefit | fwd-invest-flexi-elite-partial-withdrawal-limits | fwd-invest-flexi-elite-policy-closure-charge | fwd-invest-flexi-elite-premium-flexibility-gates | fwd-invest-flexi-elite-premium-shortfall-charge | fwd-invest-flexi-elite-premium-shortfall-charge-refund | fwd-invest-flexi-elite-regular-withdrawal-option,6,"Changing the regular premium payment frequency after issue remains informational only. | Free Partial Withdrawal Benefit eligibility, capped fee waivers, and life-event proof requirements remain informational only. | Partial-withdrawal limit formulas, minimum withdrawal requirements, and minimum account-value gates remain informational only. | Policy closure charge, fund-switching review rights, pending-transaction sale timing, and change-of-policy-currency handling remain informational only. | Premium shortfall charge remains informational only because the unemployment waiver, refund, and variant-specific charge periods are not modeled exactly in V1. | Regular-premium reduction and increase windows, top-up eligibility gates, and premium-payment continuation after the minimum investment term remain informational only.","sgd-mip-10-flexi-3: Premium shortfall charge remains informational only because the unemployment waiver, refund, and variant-specific charge periods are not modeled exactly in V1. || Changing the regular premium payment frequency after issue remains informational only. || Free Partial Withdrawal Benefit eligibility, capped fee waivers, and life-event proof requirements remain informational only. || Partial-withdrawal limit formulas, minimum withdrawal requirements, and minimum account-value gates remain informational only. || Regular-premium reduction and increase windows, top-up eligibility gates, and premium-payment continuation after the minimum investment term remain informational only. || Policy closure charge, fund-switching review rights, pending-transaction sale timing, and change-of-policy-currency handling remain informational only. ;; sgd-mip-10-flexi-5: Premium shortfall charge remains informational only because the unemployment waiver, refund, and variant-specific charge periods are not modeled exactly in V1. || Changing the regular premium payment frequency after issue remains informational only. || Free Partial Withdrawal Benefit eligibility, capped fee waivers, and life-event proof requirements remain informational only. || Partial-withdrawal limit formulas, minimum withdrawal requirements, and minimum account-value gates remain informational only. || Regular-premium reduction and increase windows, top-up eligibility gates, and premium-payment continuation after the minimum investment term remain informational only. || Policy closure charge, fund-switching review rights, pending-transaction sale timing, and change-of-policy-currency handling remain informational only."
fwd-invest-flexi-vii,FWD Invest Flexi VII,FWD Singapore,supported,structured,supported,11,fwd-invest-flexi-vii-change-of-person-insured | fwd-invest-flexi-vii-fund-level-charges | fwd-invest-flexi-vii-fund-switching | fwd-invest-flexi-vii-policy-closure-charge | fwd-invest-flexi-vii-premium-pause-waiver | fwd-invest-flexi-vii-premium-shortfall-charge | fwd-invest-flexi-vii-regular-premium-reduction-and-restoration | fwd-invest-flexi-vii-repayment-bonus-restoration | fwd-invest-flexi-vii-support-benefit-waiver-and-refund | fwd-invest-flexi-vii-top-up-repayment-waterfall | fwd-invest-flexi-vii-withdrawal-eligibility-gates,8,"Changing the regular premium payment frequency after issue remains informational only. | Initial-units-account withdrawal lockout in the first two policy years, minimum withdrawal requirements, minimum account-value gates, and regular-withdrawal elections remain informational only. | Policy closure charge, change-of-person-insured handling, switching-fee review rights, and fund-level management charges remain informational only. | Premium shortfall charge remains informational only because the automatic 12-month Premium Pause Waiver on missed premiums is not modeled exactly in V1. | Regular-premium reduction and restoration mechanics from policy year 8 onward remain informational only. | Repayment-driven Loyalty Bonus restoration waterfalls and pending-transaction timing remain informational only. | Support Benefit approvals and premium-shortfall-charge refund / waiver behavior remain informational only. | Top-up repayment precedence for missed premiums, prior withdrawals, and prior regular-premium reductions remains informational only.","sgd-mip-10: Premium shortfall charge remains informational only because the automatic 12-month Premium Pause Waiver on missed premiums is not modeled exactly in V1. || Support Benefit approvals and premium-shortfall-charge refund / waiver behavior remain informational only. || Repayment-driven Loyalty Bonus restoration waterfalls and pending-transaction timing remain informational only. || Changing the regular premium payment frequency after issue remains informational only. || Top-up repayment precedence for missed premiums, prior withdrawals, and prior regular-premium reductions remains informational only. || Regular-premium reduction and restoration mechanics from policy year 8 onward remain informational only. || Initial-units-account withdrawal lockout in the first two policy years, minimum withdrawal requirements, minimum account-value gates, and regular-withdrawal elections remain informational only. || Policy closure charge, change-of-person-insured handling, switching-fee review rights, and fund-level management charges remain informational only."
fwd-invest-first-max,FWD Invest First Max,FWD Singapore,supported,structured,supported,11,fwd-invest-first-max-accumulation-bonus | fwd-invest-first-max-change-of-person-insured | fwd-invest-first-max-change-of-policy-currency | fwd-invest-first-max-fund-management-charge | fwd-invest-first-max-increase-regular-premium-layer | fwd-invest-first-max-maturity-benefit | fwd-invest-first-max-minimum-withdrawal-rules | fwd-invest-first-max-missed-premium-grace-period | fwd-invest-first-max-multi-life-last-survivor | fwd-invest-first-max-policy-closure-charge | fwd-invest-first-max-regular-premium-reduction,7,"Accumulation Bonus remains informational only because the published prior-60-month qualification gate and top-up proration are not executed in this slice. | Booster Bonus missed-premium disqualification across the first 2 policy years and increase-regular-premium-layer handling remain informational only. | Loyalty Bonus pending-transaction timing and increase-regular-premium-layer handling remain informational only. | Maturity Benefit, multi-life last-survivor handling, and change-of-person-insured behavior remain informational only beyond the modeled current ordinary death-benefit amount. | Minimum withdrawal amount, minimum account-value gates, policy closure charge, change-of-policy-currency handling, and fund management charges remain informational only. | Missed-premium, grace-period, and bonus-suspension interactions remain informational only. | Recurring single premium reduction priority, increase regular premium layers, and regular-premium reduction sequencing remain informational only.","sgd-mip-10: Accumulation Bonus remains informational only because the published prior-60-month qualification gate and top-up proration are not executed in this slice. || Booster Bonus missed-premium disqualification across the first 2 policy years and increase-regular-premium-layer handling remain informational only. || Loyalty Bonus pending-transaction timing and increase-regular-premium-layer handling remain informational only. || Maturity Benefit, multi-life last-survivor handling, and change-of-person-insured behavior remain informational only beyond the modeled current ordinary death-benefit amount. || Recurring single premium reduction priority, increase regular premium layers, and regular-premium reduction sequencing remain informational only. || Missed-premium, grace-period, and bonus-suspension interactions remain informational only. || Minimum withdrawal amount, minimum account-value gates, policy closure charge, change-of-policy-currency handling, and fund management charges remain informational only."
fwd-invest-first-summit,FWD Invest First Summit,FWD Singapore,supported,structured,supported,7,fwd-invest-first-summit-change-of-person-insured | fwd-invest-first-summit-change-of-policy-currency | fwd-invest-first-summit-fund-management-charge | fwd-invest-first-summit-minimum-withdrawal-rules | fwd-invest-first-summit-multi-life-last-survivor | fwd-invest-first-summit-policy-closure-charge | fwd-invest-first-summit-support-benefit-waiver-and-refund,7,"Booster Bonus pending-transaction timing and reward-band change notices remain informational only beyond the modeled 10-year-corridor bonus rates. | Loyalty Bonus pending-transaction timing remains informational only beyond the modeled published 0.6% p.a. during-premium-term bonus rate and the published adjustment-factor formula. | Multi-life last-survivor handling and change-of-person-insured behavior remain informational only beyond the modeled current ordinary death-benefit amount. | Perpetual Bonus qualification and pending-transaction timing remain informational only beyond the modeled published 1.0% p.a. accumulation-account bonus rate. | Policy closure charge, change-of-policy-currency handling, switching-fee review rights, and fund management charges remain informational only. | Support Benefit waiver/refund logic, premium-shortfall recovery state, and outstanding-charge accumulation remain informational only. | Top-up cap, top-up eligibility timing, minimum withdrawal amount, regular withdrawal scheduling, and minimum account-value gates remain informational only.","sgd-mip-10: Booster Bonus pending-transaction timing and reward-band change notices remain informational only beyond the modeled 10-year-corridor bonus rates. || Loyalty Bonus pending-transaction timing remains informational only beyond the modeled published 0.6% p.a. during-premium-term bonus rate and the published adjustment-factor formula. || Perpetual Bonus qualification and pending-transaction timing remain informational only beyond the modeled published 1.0% p.a. accumulation-account bonus rate. || Support Benefit waiver/refund logic, premium-shortfall recovery state, and outstanding-charge accumulation remain informational only. || Multi-life last-survivor handling and change-of-person-insured behavior remain informational only beyond the modeled current ordinary death-benefit amount. || Top-up cap, top-up eligibility timing, minimum withdrawal amount, regular withdrawal scheduling, and minimum account-value gates remain informational only. || Policy closure charge, change-of-policy-currency handling, switching-fee review rights, and fund management charges remain informational only."
fwd-invest-first-horizon,FWD Invest First Horizon,FWD Singapore,supported,structured,supported,11,fwd-invest-first-horizon-change-of-person-insured | fwd-invest-first-horizon-fund-level-charges | fwd-invest-first-horizon-fund-switching | fwd-invest-first-horizon-policy-closure-charge | fwd-invest-first-horizon-premium-pause-waiver | fwd-invest-first-horizon-premium-shortfall-charge | fwd-invest-first-horizon-repayment-bonus-restoration | fwd-invest-first-horizon-support-benefit-waiver | fwd-invest-first-horizon-top-up-eligibility-and-cap | fwd-invest-first-horizon-top-up-repayment-waterfall | fwd-invest-first-horizon-withdrawal-eligibility-gates,8,"Changing the regular premium payment frequency after issue remains informational only. | Initial-units-account withdrawal lockout in the first two policy years, the 50%-minus-prior-withdrawals partial-withdrawal limit, and minimum account-value gates remain informational only. | Policy closure charge, switching fee review rights, fund management charges, change-of-person-insured handling, and fund-level transaction deferrals remain informational only. | Policy year 3 non-payment behavior, Support Benefit approvals, and Premium Pause Waiver month accounting remain informational only. | Premium shortfall charge remains informational only because the automatic 24-month Premium Pause Waiver starts only from policy year 4 and is not modeled exactly in V1. | Repayment-driven bonus restoration remains informational only. | Top-up eligibility from policy year 2, total top-up cap, minimum top-up amount, and minimum withdrawal requirements remain informational only. | Top-up repayment precedence for missed premiums, prior withdrawals, and prior premium reductions remains informational only.","sgd-mip-20: Premium shortfall charge remains informational only because the automatic 24-month Premium Pause Waiver starts only from policy year 4 and is not modeled exactly in V1. || Policy year 3 non-payment behavior, Support Benefit approvals, and Premium Pause Waiver month accounting remain informational only. || Repayment-driven bonus restoration remains informational only. || Changing the regular premium payment frequency after issue remains informational only. || Top-up repayment precedence for missed premiums, prior withdrawals, and prior premium reductions remains informational only. || Top-up eligibility from policy year 2, total top-up cap, minimum top-up amount, and minimum withdrawal requirements remain informational only. || Initial-units-account withdrawal lockout in the first two policy years, the 50%-minus-prior-withdrawals partial-withdrawal limit, and minimum account-value gates remain informational only. || Policy closure charge, switching fee review rights, fund management charges, change-of-person-insured handling, and fund-level transaction deferrals remain informational only. ;; sgd-mip-25: Premium shortfall charge remains informational only because the automatic 24-month Premium Pause Waiver starts only from policy year 4 and is not modeled exactly in V1. || Policy year 3 non-payment behavior, Support Benefit approvals, and Premium Pause Waiver month accounting remain informational only. || Repayment-driven bonus restoration remains informational only. || Changing the regular premium payment frequency after issue remains informational only. || Top-up repayment precedence for missed premiums, prior withdrawals, and prior premium reductions remains informational only. || Top-up eligibility from policy year 2, total top-up cap, minimum top-up amount, and minimum withdrawal requirements remain informational only. || Initial-units-account withdrawal lockout in the first two policy years, the 50%-minus-prior-withdrawals partial-withdrawal limit, and minimum account-value gates remain informational only. || Policy closure charge, switching fee review rights, fund management charges, change-of-person-insured handling, and fund-level transaction deferrals remain informational only."
fwd-invest-goal-1,FWD Invest Goal 1,FWD,supported,structured,supported,8,fwd-invest-goal-1-change-of-person-insured | fwd-invest-goal-1-currency-change-processing | fwd-invest-goal-1-fund-management-fees | fwd-invest-goal-1-multi-life-last-survivor | fwd-invest-goal-1-policy-closure-charge | fwd-invest-goal-1-single-premium-principal-tracking | fwd-invest-goal-1-switching-fee-administration | fwd-invest-goal-1-withdrawal-minimum-rules,4,"Fund management fees remain informational only because they depend on the selected ILP sub-fund. | Multi-life last-survivor death-trigger handling remains informational only. | Policy closure charge, currency-change processing, change-of-person-insured handling, and reviewable switching-fee administration remain informational only. | Single-premium principal tracking remains informational only in V1.","sgd-open-ended: Multi-life last-survivor death-trigger handling remains informational only. || Single-premium principal tracking remains informational only in V1. || Policy closure charge, currency-change processing, change-of-person-insured handling, and reviewable switching-fee administration remain informational only. || Fund management fees remain informational only because they depend on the selected ILP sub-fund. ;; usd-open-ended: Multi-life last-survivor death-trigger handling remains informational only. || Single-premium principal tracking remains informational only in V1. || Policy closure charge, currency-change processing, change-of-person-insured handling, and reviewable switching-fee administration remain informational only. || Fund management fees remain informational only because they depend on the selected ILP sub-fund."
income-invest-flex,Invest Flex,Income Insurance,supported,structured,supported,5,income-vs1-death-benefit-continuation-after-insured-replacement | income-vs1-distribution-payout-threshold-and-cpf-srs-exclusions | income-vs1-future-premium-option | income-vs1-life-events-withdrawal-eligibility-and-count-limits | income-vs1-secondary-insured-option,4,"Future Premium Option remains informational only. | Life Events Withdrawal Benefit eligibility timing, documentary proof, and use-count limits remain manual. | Secondary insured appointment, removal, and insured-replacement mechanics remain informational only. | The published minimum distribution amount and CPF/SRS payout-election exclusions remain informational only.","sgd-mip-5: Secondary insured appointment, removal, and insured-replacement mechanics remain informational only. || Life Events Withdrawal Benefit eligibility timing, documentary proof, and use-count limits remain manual. || Future Premium Option remains informational only. || The published minimum distribution amount and CPF/SRS payout-election exclusions remain informational only. ;; sgd-mip-10: Secondary insured appointment, removal, and insured-replacement mechanics remain informational only. || Life Events Withdrawal Benefit eligibility timing, documentary proof, and use-count limits remain manual. || Future Premium Option remains informational only. || The published minimum distribution amount and CPF/SRS payout-election exclusions remain informational only. ;; sgd-mip-15: Secondary insured appointment, removal, and insured-replacement mechanics remain informational only. || Life Events Withdrawal Benefit eligibility timing, documentary proof, and use-count limits remain manual. || Future Premium Option remains informational only. || The published minimum distribution amount and CPF/SRS payout-election exclusions remain informational only. ;; sgd-mip-20: Secondary insured appointment, removal, and insured-replacement mechanics remain informational only. || Life Events Withdrawal Benefit eligibility timing, documentary proof, and use-count limits remain manual. || Future Premium Option remains informational only. || The published minimum distribution amount and CPF/SRS payout-election exclusions remain informational only."
income-astralink-va2,AstraLink (VA2),Income Insurance,supported,structured,supported,5,astralink-va2-accidental-tpd-and-claim-settlement | astralink-va2-flexible-options | astralink-va2-investment-bonus | astralink-va2-no-lapse-guarantee | astralink-va2-premium-holiday-gating,8,"Accidental-death / accidental-TPD claim admission and exclusions, and broader protection-side claim settlement remain informational only beyond the modeled current death / terminal-illness / TPD / accidental-death / accidental-TPD snapshots. | Changing premium or sum assured, retirement option, and guaranteed insurability option remain informational only. | Investment bonus tables depend on annual premium bands and sum assured multiple, including a separate rider table, and remain informational only. | Minimum withdrawal amount, minimum post-withdrawal policy value, and top-up blocking during premium holiday remain informational only. | No Lapse Guarantee amount-owed carry and reinstatement behavior remain informational only. | Premium holiday start gating and the pre-2nd-anniversary lapse path remain informational only. | The current-state TPD estimate also needs a manual remaining aggregate TPD cap because the published S$6.5 million aggregate limit is not reconstructed from cross-policy history in V1. | The current-state death / terminal-illness / TPD estimates need a manual current applicable basic benefit input because that benefit changes across MPV / sum-assured mode and is not reconstructed from history in V1.","sgd-mip-10: Investment bonus tables depend on annual premium bands and sum assured multiple, including a separate rider table, and remain informational only. || No Lapse Guarantee amount-owed carry and reinstatement behavior remain informational only. || Premium holiday start gating and the pre-2nd-anniversary lapse path remain informational only. || Minimum withdrawal amount, minimum post-withdrawal policy value, and top-up blocking during premium holiday remain informational only. || Changing premium or sum assured, retirement option, and guaranteed insurability option remain informational only. || The current-state death / terminal-illness / TPD estimates need a manual current applicable basic benefit input because that benefit changes across MPV / sum-assured mode and is not reconstructed from history in V1. || The current-state TPD estimate also needs a manual remaining aggregate TPD cap because the published S$6.5 million aggregate limit is not reconstructed from cross-policy history in V1. || Accidental-death / accidental-TPD claim admission and exclusions, and broader protection-side claim settlement remain informational only beyond the modeled current death / terminal-illness / TPD / accidental-death / accidental-TPD snapshots. ;; sgd-mip-15: Investment bonus tables depend on annual premium bands and sum assured multiple, including a separate rider table, and remain informational only. || No Lapse Guarantee amount-owed carry and reinstatement behavior remain informational only. || Premium holiday start gating and the pre-2nd-anniversary lapse path remain informational only. || Minimum withdrawal amount, minimum post-withdrawal policy value, and top-up blocking during premium holiday remain informational only. || Changing premium or sum assured, retirement option, and guaranteed insurability option remain informational only. || The current-state death / terminal-illness / TPD estimates need a manual current applicable basic benefit input because that benefit changes across MPV / sum-assured mode and is not reconstructed from history in V1. || The current-state TPD estimate also needs a manual remaining aggregate TPD cap because the published S$6.5 million aggregate limit is not reconstructed from cross-policy history in V1. || Accidental-death / accidental-TPD claim admission and exclusions, and broader protection-side claim settlement remain informational only beyond the modeled current death / terminal-illness / TPD / accidental-death / accidental-TPD snapshots. ;; sgd-mip-20: Investment bonus tables depend on annual premium bands and sum assured multiple, including a separate rider table, and remain informational only. || No Lapse Guarantee amount-owed carry and reinstatement behavior remain informational only. || Premium holiday start gating and the pre-2nd-anniversary lapse path remain informational only. || Minimum withdrawal amount, minimum post-withdrawal policy value, and top-up blocking during premium holiday remain informational only. || Changing premium or sum assured, retirement option, and guaranteed insurability option remain informational only. || The current-state death / terminal-illness / TPD estimates need a manual current applicable basic benefit input because that benefit changes across MPV / sum-assured mode and is not reconstructed from history in V1. || The current-state TPD estimate also needs a manual remaining aggregate TPD cap because the published S$6.5 million aggregate limit is not reconstructed from cross-policy history in V1. || Accidental-death / accidental-TPD claim admission and exclusions, and broader protection-side claim settlement remain informational only beyond the modeled current death / terminal-illness / TPD / accidental-death / accidental-TPD snapshots. ;; sgd-mip-25: Investment bonus tables depend on annual premium bands and sum assured multiple, including a separate rider table, and remain informational only. || No Lapse Guarantee amount-owed carry and reinstatement behavior remain informational only. || Premium holiday start gating and the pre-2nd-anniversary lapse path remain informational only. || Minimum withdrawal amount, minimum post-withdrawal policy value, and top-up blocking during premium holiday remain informational only. || Changing premium or sum assured, retirement option, and guaranteed insurability option remain informational only. || The current-state death / terminal-illness / TPD estimates need a manual current applicable basic benefit input because that benefit changes across MPV / sum-assured mode and is not reconstructed from history in V1. || The current-state TPD estimate also needs a manual remaining aggregate TPD cap because the published S$6.5 million aggregate limit is not reconstructed from cross-policy history in V1. || Accidental-death / accidental-TPD claim admission and exclusions, and broader protection-side claim settlement remain informational only beyond the modeled current death / terminal-illness / TPD / accidental-death / accidental-TPD snapshots."
income-invest-flex-trivantage,Invest Flex TriVantage,Income Insurance,supported,structured,supported,5,income-vs3-death-benefit-continuation-after-insured-replacement | income-vs3-distribution-payout-threshold | income-vs3-future-premium-option | income-vs3-life-events-withdrawal-eligibility-and-count-limits | income-vs3-secondary-insured-option,4,"Future Premium Option remains informational only. | Life Events Withdrawal Benefit eligibility timing, documentary proof, and use-count limits remain manual. | Secondary insured appointment, removal, and insured-replacement mechanics remain informational only. | The published minimum distribution amount and fund-level payout processing remain informational only.","sgd-mip-10: Secondary insured appointment, removal, and insured-replacement mechanics remain informational only. || Life Events Withdrawal Benefit eligibility timing, documentary proof, and use-count limits remain manual. || Future Premium Option remains informational only. || The published minimum distribution amount and fund-level payout processing remain informational only."
income-invest-flex-vantage,Invest Flex Vantage,Income Insurance,supported,structured,supported,5,income-vs2-death-benefit-continuation-after-insured-replacement | income-vs2-distribution-payout-threshold | income-vs2-future-premium-option | income-vs2-life-events-withdrawal-eligibility-and-count-limits | income-vs2-secondary-insured-option,4,"Future Premium Option remains informational only. | Life Events Withdrawal Benefit eligibility timing, documentary proof, and use-count limits remain manual. | Secondary insured appointment, removal, and insured-replacement mechanics remain informational only. | The published minimum distribution amount and fund-level payout processing remain informational only.","sgd-mip-5: Secondary insured appointment, removal, and insured-replacement mechanics remain informational only. || Life Events Withdrawal Benefit eligibility timing, documentary proof, and use-count limits remain manual. || Future Premium Option remains informational only. || The published minimum distribution amount and fund-level payout processing remain informational only. ;; sgd-mip-10: Secondary insured appointment, removal, and insured-replacement mechanics remain informational only. || Life Events Withdrawal Benefit eligibility timing, documentary proof, and use-count limits remain manual. || Future Premium Option remains informational only. || The published minimum distribution amount and fund-level payout processing remain informational only. ;; sgd-mip-15: Secondary insured appointment, removal, and insured-replacement mechanics remain informational only. || Life Events Withdrawal Benefit eligibility timing, documentary proof, and use-count limits remain manual. || Future Premium Option remains informational only. || The published minimum distribution amount and fund-level payout processing remain informational only. ;; sgd-mip-20: Secondary insured appointment, removal, and insured-replacement mechanics remain informational only. || Life Events Withdrawal Benefit eligibility timing, documentary proof, and use-count limits remain manual. || Future Premium Option remains informational only. || The published minimum distribution amount and fund-level payout processing remain informational only."
income-legacy-flex-solitaire,Legacy Flex Solitaire (VA3S / VA3R),Income Insurance,supported,structured,supported,10,income-legacy-flex-solitaire-fund-level-annual-management-fee | income-legacy-flex-solitaire-fund-switching-and-suspension | income-legacy-flex-solitaire-future-premium-option | income-legacy-flex-solitaire-no-lapse-guarantee | income-legacy-flex-solitaire-retirement-and-distribution-options | income-legacy-flex-solitaire-secondary-insured-and-bequest-option | income-legacy-flex-solitaire-single-premium-corridor | income-legacy-flex-solitaire-terminal-illness-and-claim-settlement | income-legacy-flex-solitaire-top-up-account-first-12-month-charge-window | income-legacy-flex-solitaire-withdrawal-access-option,9,"Automatic adjusted-sum-assured updates after top-ups, charged withdrawals, withdrawal-access exceptions, and sum-assured reductions remain informational only, so the current adjusted sum assured must be maintained manually for the insurance-cover-charge corridor and current death / terminal-illness benefit estimate. | Fund-level annual management fees, fund switching, and suspension of dealings remain informational only. | Future Premium Option and recurring top-up enrollment remain informational only. | Loyalty Bonus exceptions for withdrawal-access-option withdrawals and top-up-account withdrawals remain manual because those non-suspending withdrawal types are not inferred automatically from current event history. | No Lapse Guarantee debt carry and termination behavior remain informational only. | Single-premium corridor remains informational only in V1, including the 4% single-premium charge and the single-premium Appendix 2 charge schedule. | Terminal-illness claim settlement, secondary-insured continuation, bequest option behavior, and other protection-side claim mechanics remain informational only beyond the supported current death / terminal-illness benefit estimate and insurance-cover-charge corridor. | Top-up-account withdrawals and surrenders within the first 12 months remain informational only because the current executable slice treats the top-up account as charge-free throughout. | Withdrawal Access Option, retirement-option distribution payout elections, and the insurer-set minimum distribution payout threshold remain informational only.","sgd-regular-mip-5: Single-premium corridor remains informational only in V1, including the 4% single-premium charge and the single-premium Appendix 2 charge schedule. || Loyalty Bonus exceptions for withdrawal-access-option withdrawals and top-up-account withdrawals remain manual because those non-suspending withdrawal types are not inferred automatically from current event history. || Automatic adjusted-sum-assured updates after top-ups, charged withdrawals, withdrawal-access exceptions, and sum-assured reductions remain informational only, so the current adjusted sum assured must be maintained manually for the insurance-cover-charge corridor and current death / terminal-illness benefit estimate. || Terminal-illness claim settlement, secondary-insured continuation, bequest option behavior, and other protection-side claim mechanics remain informational only beyond the supported current death / terminal-illness benefit estimate and insurance-cover-charge corridor. || No Lapse Guarantee debt carry and termination behavior remain informational only. || Future Premium Option and recurring top-up enrollment remain informational only. || Withdrawal Access Option, retirement-option distribution payout elections, and the insurer-set minimum distribution payout threshold remain informational only. || Fund-level annual management fees, fund switching, and suspension of dealings remain informational only. || Top-up-account withdrawals and surrenders within the first 12 months remain informational only because the current executable slice treats the top-up account as charge-free throughout. ;; sgd-regular-mip-10: Single-premium corridor remains informational only in V1, including the 4% single-premium charge and the single-premium Appendix 2 charge schedule. || Loyalty Bonus exceptions for withdrawal-access-option withdrawals and top-up-account withdrawals remain manual because those non-suspending withdrawal types are not inferred automatically from current event history. || Automatic adjusted-sum-assured updates after top-ups, charged withdrawals, withdrawal-access exceptions, and sum-assured reductions remain informational only, so the current adjusted sum assured must be maintained manually for the insurance-cover-charge corridor and current death / terminal-illness benefit estimate. || Terminal-illness claim settlement, secondary-insured continuation, bequest option behavior, and other protection-side claim mechanics remain informational only beyond the supported current death / terminal-illness benefit estimate and insurance-cover-charge corridor. || No Lapse Guarantee debt carry and termination behavior remain informational only. || Future Premium Option and recurring top-up enrollment remain informational only. || Withdrawal Access Option, retirement-option distribution payout elections, and the insurer-set minimum distribution payout threshold remain informational only. || Fund-level annual management fees, fund switching, and suspension of dealings remain informational only. || Top-up-account withdrawals and surrenders within the first 12 months remain informational only because the current executable slice treats the top-up account as charge-free throughout."
income-wealthlink-gl3,WealthLink (GL3),Income Insurance,supported,structured,supported,3,income-wealthlink-gl3-accidental-death-claim-exclusions | income-wealthlink-gl3-fund-level-annual-management-fee | income-wealthlink-gl3-fund-switching,3,"Accidental-death claim admission, the 365-day accident timing gate, exclusions, and claim settlement remain informational only beyond the modeled current ordinary and accidental-death benefit estimates. | Fund-level annual management fees remain informational only because they are published outside the product summary and vary by chosen ILP sub-fund. | Fund-switching administration remains informational only.","sgd-open-ended-cash-or-srs: Accidental-death claim admission, the 365-day accident timing gate, exclusions, and claim settlement remain informational only beyond the modeled current ordinary and accidental-death benefit estimates. || Fund-level annual management fees remain informational only because they are published outside the product summary and vary by chosen ILP sub-fund. || Fund-switching administration remains informational only."
income-snack-investment,SNACK-Investment,Income Insurance,supported,structured,supported,6,income-snack-investment-accidental-death-claim-exclusions | income-snack-investment-auto-invest-weekly-cap | income-snack-investment-free-look | income-snack-investment-fund-management-fee | income-snack-investment-suspension-of-dealings | income-snack-investment-trigger-driven-top-ups,5,"Accidental-death protection formulas remain informational only. | Free-look refund mechanics remain informational only. | Fund-level annual management fees remain informational only because the product summary publishes them only at fund level and does not give a single policy-level rate. | Suspension, fund closure, and merged-fund handling remain informational only. | Trigger-driven top-up enrollment, weekly cap handling, and Auto Invest behavior remain informational only.","sgd-open-ended: Accidental-death protection formulas remain informational only. || Trigger-driven top-up enrollment, weekly cap handling, and Auto Invest behavior remain informational only. || Fund-level annual management fees remain informational only because the product summary publishes them only at fund level and does not give a single policy-level rate. || Suspension, fund closure, and merged-fund handling remain informational only. || Free-look refund mechanics remain informational only."
manulife-investready-growth,Manulife InvestReady Growth,Manulife Singapore,supported,structured,supported,10,manulife-investready-growth-booster-bonus | manulife-investready-growth-fund-management-charge | manulife-investready-growth-fund-switching-and-redirection | manulife-investready-growth-life-insured-change | manulife-investready-growth-partial-withdrawal-flexibility | manulife-investready-growth-partial-withdrawal-flexibility-life-stage-waiver | manulife-investready-growth-post-flexi-premium-variation | manulife-investready-growth-reinstatement-underwriting-and-pre-existing-condition-exclusions | manulife-investready-growth-reinvested-dividend-withdrawals | manulife-investready-growth-ti-claim-admission-settlement-and-notification-timing,10,"Booster Bonus remains informational only. | Changing the regular premium payment mode from annual to a non-annual mode remains informational only. | Current amount owing and the remaining aggregate TI cap must still be entered manually for the current death / terminal-illness and residual-after-TI estimates; claim-notification valuation timing, TI claim admission, and settlement remain informational only. | Fund switching, premium redirection, automatic fund rebalancing, change-of-payment-mode, change-of-life-insured, and post-Flexi premium variation options remain informational only. | Fund-level management charges remain informational only because they depend on the selected ILP sub-fund. | Loyalty-bonus suspension after withdrawals of reinvested dividends remains informational only. | Premium Bonus still does not reconstruct withdrawals of accumulated reinvested dividends; that exclusion remains informational only. | Reinstatement underwriting and pre-existing-condition exclusions remain informational only. | The partial-withdrawal flexibility corridor from policy year 6 and the life-stage-event waiver remain informational only. | Withdrawals of accumulated reinvested dividends remain informational only.","sgd-mip-15-flexi-10: Booster Bonus remains informational only. || Premium Bonus still does not reconstruct withdrawals of accumulated reinvested dividends; that exclusion remains informational only. || Loyalty-bonus suspension after withdrawals of reinvested dividends remains informational only. || Changing the regular premium payment mode from annual to a non-annual mode remains informational only. || The partial-withdrawal flexibility corridor from policy year 6 and the life-stage-event waiver remain informational only. || Current amount owing and the remaining aggregate TI cap must still be entered manually for the current death / terminal-illness and residual-after-TI estimates; claim-notification valuation timing, TI claim admission, and settlement remain informational only. || Withdrawals of accumulated reinvested dividends remain informational only. || Fund-level management charges remain informational only because they depend on the selected ILP sub-fund. || Fund switching, premium redirection, automatic fund rebalancing, change-of-payment-mode, change-of-life-insured, and post-Flexi premium variation options remain informational only. || Reinstatement underwriting and pre-existing-condition exclusions remain informational only. ;; sgd-mip-20-flexi-10: Booster Bonus remains informational only. || Premium Bonus still does not reconstruct withdrawals of accumulated reinvested dividends; that exclusion remains informational only. || Loyalty-bonus suspension after withdrawals of reinvested dividends remains informational only. || Changing the regular premium payment mode from annual to a non-annual mode remains informational only. || The partial-withdrawal flexibility corridor from policy year 6 and the life-stage-event waiver remain informational only. || Current amount owing and the remaining aggregate TI cap must still be entered manually for the current death / terminal-illness and residual-after-TI estimates; claim-notification valuation timing, TI claim admission, and settlement remain informational only. || Withdrawals of accumulated reinvested dividends remain informational only. || Fund-level management charges remain informational only because they depend on the selected ILP sub-fund. || Fund switching, premium redirection, automatic fund rebalancing, change-of-payment-mode, change-of-life-insured, and post-Flexi premium variation options remain informational only. || Reinstatement underwriting and pre-existing-condition exclusions remain informational only."
manulife-investready-iii,Manulife InvestReady (III),Manulife Singapore,supported,structured,supported,5,manulife-investready-iii-flexi-start-premium-variation | manulife-investready-iii-reinstatement-underwriting-and-pre-existing-condition-exclusions | manulife-investready-iii-reinvested-dividend-withdrawals | manulife-investready-iii-ti-claim-admission-settlement-and-notification-timing | manulife-investready-iii-top-up-underwriting,8,"Changing the regular premium payment mode from annual to a non-annual mode during the premium-shortfall-charge period remains informational only. | Current amount owing and the remaining aggregate TI cap must still be entered manually for the current death / terminal-illness and residual-after-TI estimates; claim-notification valuation timing, TI claim admission, and settlement remain informational only. | Issue-time policy-fee band selection remains informational only; enter the actual annual policy-fee amount for low-band corridors before trusting the projection. | Partial-withdrawal amount limits, minimum withdrawal amount, and minimum residual-account-value rules remain informational only. | Regular premium variation from Flexi Start onwards remains informational only. | Reinstatement underwriting and pre-existing-condition exclusions remain informational only. | Top-up underwriting remains informational only. | Withdrawals of accumulated reinvested dividends remain informational only.","sgd-mip-5-flexi-1: Changing the regular premium payment mode from annual to a non-annual mode during the premium-shortfall-charge period remains informational only. || Top-up underwriting remains informational only. || Withdrawals of accumulated reinvested dividends remain informational only. || Current amount owing and the remaining aggregate TI cap must still be entered manually for the current death / terminal-illness and residual-after-TI estimates; claim-notification valuation timing, TI claim admission, and settlement remain informational only. || Reinstatement underwriting and pre-existing-condition exclusions remain informational only. || Regular premium variation from Flexi Start onwards remains informational only. || Partial-withdrawal amount limits, minimum withdrawal amount, and minimum residual-account-value rules remain informational only. ;; sgd-mip-5-flexi-4: Changing the regular premium payment mode from annual to a non-annual mode during the premium-shortfall-charge period remains informational only. || Top-up underwriting remains informational only. || Withdrawals of accumulated reinvested dividends remain informational only. || Current amount owing and the remaining aggregate TI cap must still be entered manually for the current death / terminal-illness and residual-after-TI estimates; claim-notification valuation timing, TI claim admission, and settlement remain informational only. || Reinstatement underwriting and pre-existing-condition exclusions remain informational only. || Regular premium variation from Flexi Start onwards remains informational only. || Partial-withdrawal amount limits, minimum withdrawal amount, and minimum residual-account-value rules remain informational only. ;; sgd-mip-6-flexi-2: Changing the regular premium payment mode from annual to a non-annual mode during the premium-shortfall-charge period remains informational only. || Top-up underwriting remains informational only. || Withdrawals of accumulated reinvested dividends remain informational only. || Current amount owing and the remaining aggregate TI cap must still be entered manually for the current death / terminal-illness and residual-after-TI estimates; claim-notification valuation timing, TI claim admission, and settlement remain informational only. || Reinstatement underwriting and pre-existing-condition exclusions remain informational only. || Regular premium variation from Flexi Start onwards remains informational only. || Partial-withdrawal amount limits, minimum withdrawal amount, and minimum residual-account-value rules remain informational only. ;; sgd-mip-7-flexi-5: Changing the regular premium payment mode from annual to a non-annual mode during the premium-shortfall-charge period remains informational only. || Top-up underwriting remains informational only. || Withdrawals of accumulated reinvested dividends remain informational only. || Current amount owing and the remaining aggregate TI cap must still be entered manually for the current death / terminal-illness and residual-after-TI estimates; claim-notification valuation timing, TI claim admission, and settlement remain informational only. || Reinstatement underwriting and pre-existing-condition exclusions remain informational only. || Regular premium variation from Flexi Start onwards remains informational only. || Partial-withdrawal amount limits, minimum withdrawal amount, and minimum residual-account-value rules remain informational only. ;; sgd-mip-10-flexi-3: Issue-time policy-fee band selection remains informational only; enter the actual annual policy-fee amount for low-band corridors before trusting the projection. || Changing the regular premium payment mode from annual to a non-annual mode during the premium-shortfall-charge period remains informational only. || Top-up underwriting remains informational only. || Withdrawals of accumulated reinvested dividends remain informational only. || Current amount owing and the remaining aggregate TI cap must still be entered manually for the current death / terminal-illness and residual-after-TI estimates; claim-notification valuation timing, TI claim admission, and settlement remain informational only. || Reinstatement underwriting and pre-existing-condition exclusions remain informational only. || Regular premium variation from Flexi Start onwards remains informational only. || Partial-withdrawal amount limits, minimum withdrawal amount, and minimum residual-account-value rules remain informational only. ;; sgd-mip-10-flexi-5: Issue-time policy-fee band selection remains informational only; enter the actual annual policy-fee amount for low-band corridors before trusting the projection. || Changing the regular premium payment mode from annual to a non-annual mode during the premium-shortfall-charge period remains informational only. || Top-up underwriting remains informational only. || Withdrawals of accumulated reinvested dividends remain informational only. || Current amount owing and the remaining aggregate TI cap must still be entered manually for the current death / terminal-illness and residual-after-TI estimates; claim-notification valuation timing, TI claim admission, and settlement remain informational only. || Reinstatement underwriting and pre-existing-condition exclusions remain informational only. || Regular premium variation from Flexi Start onwards remains informational only. || Partial-withdrawal amount limits, minimum withdrawal amount, and minimum residual-account-value rules remain informational only. ;; sgd-mip-10-flexi-8: Issue-time policy-fee band selection remains informational only; enter the actual annual policy-fee amount for low-band corridors before trusting the projection. || Changing the regular premium payment mode from annual to a non-annual mode during the premium-shortfall-charge period remains informational only. || Top-up underwriting remains informational only. || Withdrawals of accumulated reinvested dividends remain informational only. || Current amount owing and the remaining aggregate TI cap must still be entered manually for the current death / terminal-illness and residual-after-TI estimates; claim-notification valuation timing, TI claim admission, and settlement remain informational only. || Reinstatement underwriting and pre-existing-condition exclusions remain informational only. || Regular premium variation from Flexi Start onwards remains informational only. || Partial-withdrawal amount limits, minimum withdrawal amount, and minimum residual-account-value rules remain informational only. ;; sgd-mip-13-flexi-10: Issue-time policy-fee band selection remains informational only; enter the actual annual policy-fee amount for low-band corridors before trusting the projection. || Changing the regular premium payment mode from annual to a non-annual mode during the premium-shortfall-charge period remains informational only. || Top-up underwriting remains informational only. || Withdrawals of accumulated reinvested dividends remain informational only. || Current amount owing and the remaining aggregate TI cap must still be entered manually for the current death / terminal-illness and residual-after-TI estimates; claim-notification valuation timing, TI claim admission, and settlement remain informational only. || Reinstatement underwriting and pre-existing-condition exclusions remain informational only. || Regular premium variation from Flexi Start onwards remains informational only. || Partial-withdrawal amount limits, minimum withdrawal amount, and minimum residual-account-value rules remain informational only."
manulife-investready-iii-sep-2025,Manulife InvestReady (III),Manulife Singapore,supported,structured,supported,5,manulife-investready-iii-fund-switching-and-redirection | manulife-investready-iii-life-stage-partial-withdrawal | manulife-investready-iii-reinstatement-underwriting-and-pre-existing-condition-exclusions | manulife-investready-iii-step-up-booster-bonus | manulife-investready-iii-ti-claim-admission-settlement-and-notification-timing,7,"Changing the regular premium payment mode from annual to a non-annual mode during the premium-shortfall-charge period remains informational only. | Current amount owing and the remaining aggregate TI cap must still be entered manually for the current death / terminal-illness and residual-after-TI estimates; claim-notification valuation timing, TI claim admission, and settlement remain informational only. | Fund switching, premium redirection, automatic fund rebalancing, and change-of-mode-of-payment options remain informational only. | Issue-time policy-fee band selection remains informational only; enter the actual annual policy-fee amount for low-band corridors before trusting the projection. | Life-stage partial-withdrawal waivers remain informational only, including waiver eligibility proof, per-event caps, and the two-application lifetime limit. | Reinstatement underwriting and pre-existing-condition exclusions remain informational only. | Step-up Booster Bonus remains informational only.","sgd-mip-5-flexi-4-sep-2025: Changing the regular premium payment mode from annual to a non-annual mode during the premium-shortfall-charge period remains informational only. || Step-up Booster Bonus remains informational only. || Life-stage partial-withdrawal waivers remain informational only, including waiver eligibility proof, per-event caps, and the two-application lifetime limit. || Current amount owing and the remaining aggregate TI cap must still be entered manually for the current death / terminal-illness and residual-after-TI estimates; claim-notification valuation timing, TI claim admission, and settlement remain informational only. || Fund switching, premium redirection, automatic fund rebalancing, and change-of-mode-of-payment options remain informational only. || Reinstatement underwriting and pre-existing-condition exclusions remain informational only. ;; sgd-mip-7-flexi-5-sep-2025: Changing the regular premium payment mode from annual to a non-annual mode during the premium-shortfall-charge period remains informational only. || Step-up Booster Bonus remains informational only. || Life-stage partial-withdrawal waivers remain informational only, including waiver eligibility proof, per-event caps, and the two-application lifetime limit. || Current amount owing and the remaining aggregate TI cap must still be entered manually for the current death / terminal-illness and residual-after-TI estimates; claim-notification valuation timing, TI claim admission, and settlement remain informational only. || Fund switching, premium redirection, automatic fund rebalancing, and change-of-mode-of-payment options remain informational only. || Reinstatement underwriting and pre-existing-condition exclusions remain informational only. ;; sgd-mip-10-flexi-3-sep-2025: Issue-time policy-fee band selection remains informational only; enter the actual annual policy-fee amount for low-band corridors before trusting the projection. || Changing the regular premium payment mode from annual to a non-annual mode during the premium-shortfall-charge period remains informational only. || Step-up Booster Bonus remains informational only. || Life-stage partial-withdrawal waivers remain informational only, including waiver eligibility proof, per-event caps, and the two-application lifetime limit. || Current amount owing and the remaining aggregate TI cap must still be entered manually for the current death / terminal-illness and residual-after-TI estimates; claim-notification valuation timing, TI claim admission, and settlement remain informational only. || Fund switching, premium redirection, automatic fund rebalancing, and change-of-mode-of-payment options remain informational only. || Reinstatement underwriting and pre-existing-condition exclusions remain informational only. ;; sgd-mip-10-flexi-5-sep-2025: Issue-time policy-fee band selection remains informational only; enter the actual annual policy-fee amount for low-band corridors before trusting the projection. || Changing the regular premium payment mode from annual to a non-annual mode during the premium-shortfall-charge period remains informational only. || Step-up Booster Bonus remains informational only. || Life-stage partial-withdrawal waivers remain informational only, including waiver eligibility proof, per-event caps, and the two-application lifetime limit. || Current amount owing and the remaining aggregate TI cap must still be entered manually for the current death / terminal-illness and residual-after-TI estimates; claim-notification valuation timing, TI claim admission, and settlement remain informational only. || Fund switching, premium redirection, automatic fund rebalancing, and change-of-mode-of-payment options remain informational only. || Reinstatement underwriting and pre-existing-condition exclusions remain informational only. ;; sgd-mip-10-flexi-8-sep-2025: Issue-time policy-fee band selection remains informational only; enter the actual annual policy-fee amount for low-band corridors before trusting the projection. || Changing the regular premium payment mode from annual to a non-annual mode during the premium-shortfall-charge period remains informational only. || Step-up Booster Bonus remains informational only. || Life-stage partial-withdrawal waivers remain informational only, including waiver eligibility proof, per-event caps, and the two-application lifetime limit. || Current amount owing and the remaining aggregate TI cap must still be entered manually for the current death / terminal-illness and residual-after-TI estimates; claim-notification valuation timing, TI claim admission, and settlement remain informational only. || Fund switching, premium redirection, automatic fund rebalancing, and change-of-mode-of-payment options remain informational only. || Reinstatement underwriting and pre-existing-condition exclusions remain informational only. ;; sgd-mip-13-flexi-10-sep-2025: Issue-time policy-fee band selection remains informational only; enter the actual annual policy-fee amount for low-band corridors before trusting the projection. || Changing the regular premium payment mode from annual to a non-annual mode during the premium-shortfall-charge period remains informational only. || Step-up Booster Bonus remains informational only. || Life-stage partial-withdrawal waivers remain informational only, including waiver eligibility proof, per-event caps, and the two-application lifetime limit. || Current amount owing and the remaining aggregate TI cap must still be entered manually for the current death / terminal-illness and residual-after-TI estimates; claim-notification valuation timing, TI claim admission, and settlement remain informational only. || Fund switching, premium redirection, automatic fund rebalancing, and change-of-mode-of-payment options remain informational only. || Reinstatement underwriting and pre-existing-condition exclusions remain informational only."
manulife-manuinvest-duo,ManuInvest Duo,Manulife Singapore,supported,structured,supported,10,manuinvest-duo-death-ti-tpd-benefit-payout-handling | manuinvest-duo-fund-management-charge | manuinvest-duo-fund-switching-and-redirection | manuinvest-duo-life-insured-change | manuinvest-duo-premium-flexibility-benefit | manuinvest-duo-premium-shortfall-charge | manuinvest-duo-reinvested-dividend-withdrawals | manuinvest-duo-sum-insured-change | manuinvest-duo-welcome-bonus | manuinvest-duo-withdrawal-flexibility-charge-threshold,10,"Change-of-sum-insured and change-of-life-insured options remain informational only. | Death, terminal-illness, and TPD claim admission / exclusions / settlement remain informational only beyond the current death, terminal-illness, residual-after-TI, TPD, and residual-after-TPD estimates. | Fund-level management charges remain informational only because they depend on the selected ILP sub-fund. | Fund-switching, premium redirection, automatic rebalancing, and payment-mode changes remain informational only. | Premium shortfall charge and Premium Flexibility Benefit remain informational only because they depend on a cumulative missed-premium allowance ledger. | The S$50 withdrawal-flexibility fee corridor and the published aggregate annual withdrawal cap remain informational only. | The current TPD benefit estimate and current residual death-benefit estimate after a TPD claim today both need a manual remaining aggregate TPD cap input because the product summary publishes a S$5 million cross-policy disability limit that is not reconstructed from claims history in V1. | The current terminal-illness benefit estimate and current residual death-benefit estimate after a TI claim today both need a manual remaining aggregate TI cap input because the product summary publishes a S$1 million TI limit and a cross-policy TI/CI limit that are not reconstructed from claims history in V1. | Welcome Bonus remains informational only because the published bonus grid depends on the issue-time sum-insured multiple. | Withdrawals of accumulated reinvested dividends remain informational only.","sgd-mip-10: The current terminal-illness benefit estimate and current residual death-benefit estimate after a TI claim today both need a manual remaining aggregate TI cap input because the product summary publishes a S$1 million TI limit and a cross-policy TI/CI limit that are not reconstructed from claims history in V1. || The current TPD benefit estimate and current residual death-benefit estimate after a TPD claim today both need a manual remaining aggregate TPD cap input because the product summary publishes a S$5 million cross-policy disability limit that is not reconstructed from claims history in V1. || Death, terminal-illness, and TPD claim admission / exclusions / settlement remain informational only beyond the current death, terminal-illness, residual-after-TI, TPD, and residual-after-TPD estimates. || Welcome Bonus remains informational only because the published bonus grid depends on the issue-time sum-insured multiple. || Premium shortfall charge and Premium Flexibility Benefit remain informational only because they depend on a cumulative missed-premium allowance ledger. || The S$50 withdrawal-flexibility fee corridor and the published aggregate annual withdrawal cap remain informational only. || Withdrawals of accumulated reinvested dividends remain informational only. || Fund-level management charges remain informational only because they depend on the selected ILP sub-fund. || Fund-switching, premium redirection, automatic rebalancing, and payment-mode changes remain informational only. || Change-of-sum-insured and change-of-life-insured options remain informational only. ;; sgd-mip-15: The current terminal-illness benefit estimate and current residual death-benefit estimate after a TI claim today both need a manual remaining aggregate TI cap input because the product summary publishes a S$1 million TI limit and a cross-policy TI/CI limit that are not reconstructed from claims history in V1. || The current TPD benefit estimate and current residual death-benefit estimate after a TPD claim today both need a manual remaining aggregate TPD cap input because the product summary publishes a S$5 million cross-policy disability limit that is not reconstructed from claims history in V1. || Death, terminal-illness, and TPD claim admission / exclusions / settlement remain informational only beyond the current death, terminal-illness, residual-after-TI, TPD, and residual-after-TPD estimates. || Welcome Bonus remains informational only because the published bonus grid depends on the issue-time sum-insured multiple. || Premium shortfall charge and Premium Flexibility Benefit remain informational only because they depend on a cumulative missed-premium allowance ledger. || The S$50 withdrawal-flexibility fee corridor and the published aggregate annual withdrawal cap remain informational only. || Withdrawals of accumulated reinvested dividends remain informational only. || Fund-level management charges remain informational only because they depend on the selected ILP sub-fund. || Fund-switching, premium redirection, automatic rebalancing, and payment-mode changes remain informational only. || Change-of-sum-insured and change-of-life-insured options remain informational only. ;; sgd-mip-20: The current terminal-illness benefit estimate and current residual death-benefit estimate after a TI claim today both need a manual remaining aggregate TI cap input because the product summary publishes a S$1 million TI limit and a cross-policy TI/CI limit that are not reconstructed from claims history in V1. || The current TPD benefit estimate and current residual death-benefit estimate after a TPD claim today both need a manual remaining aggregate TPD cap input because the product summary publishes a S$5 million cross-policy disability limit that is not reconstructed from claims history in V1. || Death, terminal-illness, and TPD claim admission / exclusions / settlement remain informational only beyond the current death, terminal-illness, residual-after-TI, TPD, and residual-after-TPD estimates. || Welcome Bonus remains informational only because the published bonus grid depends on the issue-time sum-insured multiple. || Premium shortfall charge and Premium Flexibility Benefit remain informational only because they depend on a cumulative missed-premium allowance ledger. || The S$50 withdrawal-flexibility fee corridor and the published aggregate annual withdrawal cap remain informational only. || Withdrawals of accumulated reinvested dividends remain informational only. || Fund-level management charges remain informational only because they depend on the selected ILP sub-fund. || Fund-switching, premium redirection, automatic rebalancing, and payment-mode changes remain informational only. || Change-of-sum-insured and change-of-life-insured options remain informational only."
manulife-manulink-investor-ii,Manulink Investor (II),Manulife Singapore,supported,structured,supported,7,manulink-investor-ii-cpf-dividend-crediting | manulink-investor-ii-cpf-funding-route | manulink-investor-ii-full-surrender | manulink-investor-ii-fund-management-fee | manulink-investor-ii-fund-switching | manulink-investor-ii-lapse-and-termination | manulink-investor-ii-partial-withdrawal,7,"CPF routing and payout-destination operations remain informational only. | Fund-level management fees remain informational only because they vary by chosen ILP sub-fund and are published in the fund summaries. | Fund-switching remains informational only. | Lapsing and termination behavior remains informational only. | Partial-withdrawal and full-surrender administration remain informational only. | Terminal-illness claim admission / exclusions / settlement, suicide exclusion handling, and claim-notification timing remain informational only beyond the modeled current death, terminal-illness, and residual-after-TI estimates. | The current terminal-illness benefit estimate and current residual death-benefit estimate after a TI claim today both need a manual remaining aggregate TI cap input because the product summary publishes a S$1 million TI limit and a cross-policy TI/CI limit that are not reconstructed from claims history in V1.","sgd-open-ended-cash: The current terminal-illness benefit estimate and current residual death-benefit estimate after a TI claim today both need a manual remaining aggregate TI cap input because the product summary publishes a S$1 million TI limit and a cross-policy TI/CI limit that are not reconstructed from claims history in V1. || Terminal-illness claim admission / exclusions / settlement, suicide exclusion handling, and claim-notification timing remain informational only beyond the modeled current death, terminal-illness, and residual-after-TI estimates. || Partial-withdrawal and full-surrender administration remain informational only. || Fund-level management fees remain informational only because they vary by chosen ILP sub-fund and are published in the fund summaries. || Fund-switching remains informational only. || CPF routing and payout-destination operations remain informational only. || Lapsing and termination behavior remains informational only. ;; sgd-open-ended-srs: The current terminal-illness benefit estimate and current residual death-benefit estimate after a TI claim today both need a manual remaining aggregate TI cap input because the product summary publishes a S$1 million TI limit and a cross-policy TI/CI limit that are not reconstructed from claims history in V1. || Terminal-illness claim admission / exclusions / settlement, suicide exclusion handling, and claim-notification timing remain informational only beyond the modeled current death, terminal-illness, and residual-after-TI estimates. || Partial-withdrawal and full-surrender administration remain informational only. || Fund-level management fees remain informational only because they vary by chosen ILP sub-fund and are published in the fund summaries. || Fund-switching remains informational only. || CPF routing and payout-destination operations remain informational only. || Lapsing and termination behavior remains informational only."
manulife-smartretire-v-income,Manulife SmartRetire (V) - Income,Manulife Singapore,supported,structured,supported,8,manulife-smartretire-v-income-claim-handling | manulife-smartretire-v-income-coi-refund-claim-history-and-past-due-handling | manulife-smartretire-v-income-flexi-start-premium-variation | manulife-smartretire-v-income-fund-management-charge | manulife-smartretire-v-income-fund-switching-and-redirection | manulife-smartretire-v-income-reinstatement-underwriting-and-exclusion-resets | manulife-smartretire-v-income-reinvested-dividend-withdrawal | manulife-smartretire-v-income-waiver-of-premium-benefit,8,"Death-benefit claim settlement and post-claim handling remain informational only beyond the modeled death-benefit COI table. | Flexi-start regular-premium variation and change-of-basic-sum-insured mechanics remain informational only. | Fund-level management charges, fund switching, premium redirection, and automatic fund rebalancing remain informational only. | Refund of Cost of Insurance at target retirement age is only modeled as a future projection when current refund-eligible death COI collected and WOP-on-TPD claim-state inputs are supplied. Already-due or past-due refund handling remains informational only. | Reinstatement underwriting, approval, premium-allocation carry-forward, and exclusion resets after reinstatement remain informational only. | The current-state death-benefit estimate now covers the MIP corridor plus the later current-only mature-policy corridors once manual amount-owing and retirement-state inputs are supplied. Claim-side handling after benefit settlement remains informational only. | Waiver of Premium benefit on TPD claim admission, waiver activation, and post-claim premium investment remain informational only beyond the modeled WOP-on-TPD COI table. | Withdrawals of accumulated reinvested dividends remain informational only.","sgd-mip-8-flexi-3: The current-state death-benefit estimate now covers the MIP corridor plus the later current-only mature-policy corridors once manual amount-owing and retirement-state inputs are supplied. Claim-side handling after benefit settlement remains informational only. || Death-benefit claim settlement and post-claim handling remain informational only beyond the modeled death-benefit COI table. || Waiver of Premium benefit on TPD claim admission, waiver activation, and post-claim premium investment remain informational only beyond the modeled WOP-on-TPD COI table. || Refund of Cost of Insurance at target retirement age is only modeled as a future projection when current refund-eligible death COI collected and WOP-on-TPD claim-state inputs are supplied. Already-due or past-due refund handling remains informational only. || Flexi-start regular-premium variation and change-of-basic-sum-insured mechanics remain informational only. || Reinstatement underwriting, approval, premium-allocation carry-forward, and exclusion resets after reinstatement remain informational only. || Withdrawals of accumulated reinvested dividends remain informational only. || Fund-level management charges, fund switching, premium redirection, and automatic fund rebalancing remain informational only. ;; sgd-mip-8-flexi-5: The current-state death-benefit estimate now covers the MIP corridor plus the later current-only mature-policy corridors once manual amount-owing and retirement-state inputs are supplied. Claim-side handling after benefit settlement remains informational only. || Death-benefit claim settlement and post-claim handling remain informational only beyond the modeled death-benefit COI table. || Waiver of Premium benefit on TPD claim admission, waiver activation, and post-claim premium investment remain informational only beyond the modeled WOP-on-TPD COI table. || Refund of Cost of Insurance at target retirement age is only modeled as a future projection when current refund-eligible death COI collected and WOP-on-TPD claim-state inputs are supplied. Already-due or past-due refund handling remains informational only. || Flexi-start regular-premium variation and change-of-basic-sum-insured mechanics remain informational only. || Reinstatement underwriting, approval, premium-allocation carry-forward, and exclusion resets after reinstatement remain informational only. || Withdrawals of accumulated reinvested dividends remain informational only. || Fund-level management charges, fund switching, premium redirection, and automatic fund rebalancing remain informational only. ;; sgd-mip-12-flexi-8: The current-state death-benefit estimate now covers the MIP corridor plus the later current-only mature-policy corridors once manual amount-owing and retirement-state inputs are supplied. Claim-side handling after benefit settlement remains informational only. || Death-benefit claim settlement and post-claim handling remain informational only beyond the modeled death-benefit COI table. || Waiver of Premium benefit on TPD claim admission, waiver activation, and post-claim premium investment remain informational only beyond the modeled WOP-on-TPD COI table. || Refund of Cost of Insurance at target retirement age is only modeled as a future projection when current refund-eligible death COI collected and WOP-on-TPD claim-state inputs are supplied. Already-due or past-due refund handling remains informational only. || Flexi-start regular-premium variation and change-of-basic-sum-insured mechanics remain informational only. || Reinstatement underwriting, approval, premium-allocation carry-forward, and exclusion resets after reinstatement remain informational only. || Withdrawals of accumulated reinvested dividends remain informational only. || Fund-level management charges, fund switching, premium redirection, and automatic fund rebalancing remain informational only."
manulife-smartretire-v-sum,Manulife SmartRetire (V) - Sum,Manulife Singapore,supported,structured,supported,10,manulife-smartretire-v-sum-claim-handling | manulife-smartretire-v-sum-coi-refund-claim-history-and-past-due-handling | manulife-smartretire-v-sum-flexi-start-premium-variation | manulife-smartretire-v-sum-fund-management-charge | manulife-smartretire-v-sum-fund-switching-and-redirection | manulife-smartretire-v-sum-regular-income-drawdown | manulife-smartretire-v-sum-reinstatement-underwriting-and-exclusion-resets | manulife-smartretire-v-sum-reinvested-dividend-withdrawal | manulife-smartretire-v-sum-target-retirement-sum-withdrawal | manulife-smartretire-v-sum-waiver-of-premium-benefit,10,"Death-benefit claim settlement and post-claim handling remain informational only beyond the modeled death-benefit COI table. | Flexi-start regular-premium variation and change-of-basic-sum-insured mechanics remain informational only. | Fund-level management charges, fund switching, premium redirection, and automatic fund rebalancing remain informational only. | Optional regular-income drawdown elections remain informational only. | Refund of Cost of Insurance at target retirement age is only modeled as a future projection when current refund-eligible death COI collected and WOP-on-TPD claim-state inputs are supplied. Already-due or past-due refund handling remains informational only. | Reinstatement underwriting, approval, premium-allocation carry-forward, and exclusion resets after reinstatement remain informational only. | Target Retirement Sum withdrawal remains informational only and should be represented manually with withdrawal events if needed. | The current-state death-benefit estimate now covers the MIP corridor plus the later current-only mature-policy corridors once manual amount-owing and retirement-state inputs are supplied. Claim-side handling after benefit settlement remains informational only. | Waiver of Premium benefit on TPD claim admission, waiver activation, and post-claim premium investment remain informational only beyond the modeled WOP-on-TPD COI table. | Withdrawals of accumulated reinvested dividends remain informational only.","sgd-mip-8-flexi-3: Target Retirement Sum withdrawal remains informational only and should be represented manually with withdrawal events if needed. || Optional regular-income drawdown elections remain informational only. || The current-state death-benefit estimate now covers the MIP corridor plus the later current-only mature-policy corridors once manual amount-owing and retirement-state inputs are supplied. Claim-side handling after benefit settlement remains informational only. || Death-benefit claim settlement and post-claim handling remain informational only beyond the modeled death-benefit COI table. || Waiver of Premium benefit on TPD claim admission, waiver activation, and post-claim premium investment remain informational only beyond the modeled WOP-on-TPD COI table. || Refund of Cost of Insurance at target retirement age is only modeled as a future projection when current refund-eligible death COI collected and WOP-on-TPD claim-state inputs are supplied. Already-due or past-due refund handling remains informational only. || Flexi-start regular-premium variation and change-of-basic-sum-insured mechanics remain informational only. || Reinstatement underwriting, approval, premium-allocation carry-forward, and exclusion resets after reinstatement remain informational only. || Withdrawals of accumulated reinvested dividends remain informational only. || Fund-level management charges, fund switching, premium redirection, and automatic fund rebalancing remain informational only. ;; sgd-mip-8-flexi-5: Target Retirement Sum withdrawal remains informational only and should be represented manually with withdrawal events if needed. || Optional regular-income drawdown elections remain informational only. || The current-state death-benefit estimate now covers the MIP corridor plus the later current-only mature-policy corridors once manual amount-owing and retirement-state inputs are supplied. Claim-side handling after benefit settlement remains informational only. || Death-benefit claim settlement and post-claim handling remain informational only beyond the modeled death-benefit COI table. || Waiver of Premium benefit on TPD claim admission, waiver activation, and post-claim premium investment remain informational only beyond the modeled WOP-on-TPD COI table. || Refund of Cost of Insurance at target retirement age is only modeled as a future projection when current refund-eligible death COI collected and WOP-on-TPD claim-state inputs are supplied. Already-due or past-due refund handling remains informational only. || Flexi-start regular-premium variation and change-of-basic-sum-insured mechanics remain informational only. || Reinstatement underwriting, approval, premium-allocation carry-forward, and exclusion resets after reinstatement remain informational only. || Withdrawals of accumulated reinvested dividends remain informational only. || Fund-level management charges, fund switching, premium redirection, and automatic fund rebalancing remain informational only. ;; sgd-mip-12-flexi-8: Target Retirement Sum withdrawal remains informational only and should be represented manually with withdrawal events if needed. || Optional regular-income drawdown elections remain informational only. || The current-state death-benefit estimate now covers the MIP corridor plus the later current-only mature-policy corridors once manual amount-owing and retirement-state inputs are supplied. Claim-side handling after benefit settlement remains informational only. || Death-benefit claim settlement and post-claim handling remain informational only beyond the modeled death-benefit COI table. || Waiver of Premium benefit on TPD claim admission, waiver activation, and post-claim premium investment remain informational only beyond the modeled WOP-on-TPD COI table. || Refund of Cost of Insurance at target retirement age is only modeled as a future projection when current refund-eligible death COI collected and WOP-on-TPD claim-state inputs are supplied. Already-due or past-due refund handling remains informational only. || Flexi-start regular-premium variation and change-of-basic-sum-insured mechanics remain informational only. || Reinstatement underwriting, approval, premium-allocation carry-forward, and exclusion resets after reinstatement remain informational only. || Withdrawals of accumulated reinvested dividends remain informational only. || Fund-level management charges, fund switching, premium redirection, and automatic fund rebalancing remain informational only."
etiqa-invest-flex-prime-ii,Invest flex prime II,Etiqa,supported,structured,supported,5,etiqa-flex-prime-ii-change-of-life-insured | etiqa-flex-prime-ii-distribution-paying-fund-threshold-and-withdrawal-consequences | etiqa-flex-prime-ii-free-partial-withdrawal-benefit | etiqa-flex-prime-ii-premium-free-period-gated-shortfall-charge | etiqa-flex-prime-ii-premium-free-period-gating,10,"Change of Life insured remains informational only. | Distribution-paying fund minimum S$40 payout threshold, bank-account administration, change-request cutoff, and withdrawal consequences on reinvested distributions remain informational only. | Free Partial Withdrawal Benefit count and 5%-of-total-premiums cap remain informational only. | Optional riders and guaranteed issue wording remain informational only. | Premium shortfall charge and premium repayment reset behavior remain informational only. | Premium-Free Period accumulated-month logic remains informational only. | Premium-Free Period gating on the other premium-term corridors remains informational only. | Premium-Free Period-gated shortfall-charge paths outside 10 Years - Flexi 3 remain informational only. | Terminal-illness claim admission, exclusions, settlement, and post-claim continuation remain informational only beyond the modeled current terminal-illness amount. | The current-state death and terminal-illness snapshot needs manual current amount owing and remaining aggregate TI cap inputs because debt and cross-policy TI cap usage are not reconstructed from history in V1.","sgd-mip-10-flexi-3: The current-state death and terminal-illness snapshot needs manual current amount owing and remaining aggregate TI cap inputs because debt and cross-policy TI cap usage are not reconstructed from history in V1. || Terminal-illness claim admission, exclusions, settlement, and post-claim continuation remain informational only beyond the modeled current terminal-illness amount. || Premium-Free Period gating on the other premium-term corridors remains informational only. || Premium-Free Period-gated shortfall-charge paths outside 10 Years - Flexi 3 remain informational only. || Free Partial Withdrawal Benefit count and 5%-of-total-premiums cap remain informational only. || Distribution-paying fund minimum S$40 payout threshold, bank-account administration, change-request cutoff, and withdrawal consequences on reinvested distributions remain informational only. || Change of Life insured remains informational only. || Optional riders and guaranteed issue wording remain informational only. ;; sgd-mip-10-flexi-5: The current-state death and terminal-illness snapshot needs manual current amount owing and remaining aggregate TI cap inputs because debt and cross-policy TI cap usage are not reconstructed from history in V1. || Terminal-illness claim admission, exclusions, settlement, and post-claim continuation remain informational only beyond the modeled current terminal-illness amount. || Premium-Free Period accumulated-month logic remains informational only. || Premium shortfall charge and premium repayment reset behavior remain informational only. || Free Partial Withdrawal Benefit count and 5%-of-total-premiums cap remain informational only. || Distribution-paying fund minimum S$40 payout threshold, bank-account administration, change-request cutoff, and withdrawal consequences on reinvested distributions remain informational only. || Change of Life insured remains informational only. || Optional riders and guaranteed issue wording remain informational only. ;; sgd-mip-20: The current-state death and terminal-illness snapshot needs manual current amount owing and remaining aggregate TI cap inputs because debt and cross-policy TI cap usage are not reconstructed from history in V1. || Terminal-illness claim admission, exclusions, settlement, and post-claim continuation remain informational only beyond the modeled current terminal-illness amount. || Premium-Free Period accumulated-month logic remains informational only. || Premium shortfall charge and premium repayment reset behavior remain informational only. || Free Partial Withdrawal Benefit count and 5%-of-total-premiums cap remain informational only. || Distribution-paying fund minimum S$40 payout threshold, bank-account administration, change-request cutoff, and withdrawal consequences on reinvested distributions remain informational only. || Change of Life insured remains informational only. || Optional riders and guaranteed issue wording remain informational only."
etiqa-invest-flex-pro,Invest flex pro,Etiqa,supported,structured,supported,5,etiqa-flex-pro-change-of-life-insured | etiqa-flex-pro-distribution-paying-fund-threshold-and-withdrawal-consequences | etiqa-flex-pro-free-partial-withdrawal-benefit | etiqa-flex-pro-premium-free-period-gated-shortfall-charge | etiqa-flex-pro-premium-free-period-gating,10,"Change of Life insured remains informational only. | Distribution-paying fund minimum S$40 payout threshold, bank-account administration, change-request cutoff, and withdrawal consequences on reinvested distributions remain informational only. | Free Partial Withdrawal Benefit count and 5%-of-total-premiums cap remain informational only. | Optional riders and guaranteed issue wording remain informational only. | Premium shortfall charge and premium repayment reset behavior remain informational only. | Premium-Free Period accumulated-month logic remains informational only. | Premium-Free Period gating on the other premium-term corridors remains informational only. | Premium-Free Period-gated shortfall-charge paths outside 10 Years - Flexi 3 remain informational only. | Terminal-illness claim admission, exclusions, settlement, and post-claim continuation remain informational only beyond the modeled current terminal-illness amount. | The current-state death and terminal-illness snapshot needs manual current amount owing and remaining aggregate TI cap inputs because debt and cross-policy TI cap usage are not reconstructed from history in V1.","sgd-mip-10-flexi-3: The current-state death and terminal-illness snapshot needs manual current amount owing and remaining aggregate TI cap inputs because debt and cross-policy TI cap usage are not reconstructed from history in V1. || Terminal-illness claim admission, exclusions, settlement, and post-claim continuation remain informational only beyond the modeled current terminal-illness amount. || Premium-Free Period gating on the other premium-term corridors remains informational only. || Premium-Free Period-gated shortfall-charge paths outside 10 Years - Flexi 3 remain informational only. || Free Partial Withdrawal Benefit count and 5%-of-total-premiums cap remain informational only. || Distribution-paying fund minimum S$40 payout threshold, bank-account administration, change-request cutoff, and withdrawal consequences on reinvested distributions remain informational only. || Change of Life insured remains informational only. || Optional riders and guaranteed issue wording remain informational only. ;; sgd-mip-10-flexi-5: The current-state death and terminal-illness snapshot needs manual current amount owing and remaining aggregate TI cap inputs because debt and cross-policy TI cap usage are not reconstructed from history in V1. || Terminal-illness claim admission, exclusions, settlement, and post-claim continuation remain informational only beyond the modeled current terminal-illness amount. || Premium-Free Period accumulated-month logic remains informational only. || Premium shortfall charge and premium repayment reset behavior remain informational only. || Free Partial Withdrawal Benefit count and 5%-of-total-premiums cap remain informational only. || Distribution-paying fund minimum S$40 payout threshold, bank-account administration, change-request cutoff, and withdrawal consequences on reinvested distributions remain informational only. || Change of Life insured remains informational only. || Optional riders and guaranteed issue wording remain informational only. ;; sgd-mip-20: The current-state death and terminal-illness snapshot needs manual current amount owing and remaining aggregate TI cap inputs because debt and cross-policy TI cap usage are not reconstructed from history in V1. || Terminal-illness claim admission, exclusions, settlement, and post-claim continuation remain informational only beyond the modeled current terminal-illness amount. || Premium-Free Period accumulated-month logic remains informational only. || Premium shortfall charge and premium repayment reset behavior remain informational only. || Free Partial Withdrawal Benefit count and 5%-of-total-premiums cap remain informational only. || Distribution-paying fund minimum S$40 payout threshold, bank-account administration, change-request cutoff, and withdrawal consequences on reinvested distributions remain informational only. || Change of Life insured remains informational only. || Optional riders and guaranteed issue wording remain informational only."
etiqa-invest-flex-wealth-ii,Invest flex wealth II,Etiqa,supported,structured,supported,5,etiqa-flex-wealth-ii-change-of-life-insured | etiqa-flex-wealth-ii-free-partial-withdrawal-limit | etiqa-flex-wealth-ii-optional-riders | etiqa-flex-wealth-ii-premium-free-period-entitlement | etiqa-flex-wealth-ii-premium-free-period-gated-shortfall-charge-after-policy-year-3,7,"Change of Life Insured remains informational only. | Free partial withdrawal allowance from the Regular Premium Account remains informational only. | Optional riders remain informational only. | Premium shortfall charge after policy year 3 and Premium-Free Period reset behavior remain informational only. | Premium-Free Period entitlement tracking remains informational only. | Terminal-illness claim admission, exclusions, settlement, and post-claim continuation remain informational only beyond the modeled current terminal-illness amount. | The current-state death and terminal-illness snapshot needs manual current amount owing and remaining aggregate TI cap inputs because debt and cross-policy TI cap usage are not reconstructed from history in V1.","sgd-mip-10: The current-state death and terminal-illness snapshot needs manual current amount owing and remaining aggregate TI cap inputs because debt and cross-policy TI cap usage are not reconstructed from history in V1. || Terminal-illness claim admission, exclusions, settlement, and post-claim continuation remain informational only beyond the modeled current terminal-illness amount. || Premium-Free Period entitlement tracking remains informational only. || Premium shortfall charge after policy year 3 and Premium-Free Period reset behavior remain informational only. || Free partial withdrawal allowance from the Regular Premium Account remains informational only. || Change of Life Insured remains informational only. || Optional riders remain informational only. ;; sgd-mip-15: The current-state death and terminal-illness snapshot needs manual current amount owing and remaining aggregate TI cap inputs because debt and cross-policy TI cap usage are not reconstructed from history in V1. || Terminal-illness claim admission, exclusions, settlement, and post-claim continuation remain informational only beyond the modeled current terminal-illness amount. || Premium-Free Period entitlement tracking remains informational only. || Premium shortfall charge after policy year 3 and Premium-Free Period reset behavior remain informational only. || Free partial withdrawal allowance from the Regular Premium Account remains informational only. || Change of Life Insured remains informational only. || Optional riders remain informational only. ;; sgd-mip-20: The current-state death and terminal-illness snapshot needs manual current amount owing and remaining aggregate TI cap inputs because debt and cross-policy TI cap usage are not reconstructed from history in V1. || Terminal-illness claim admission, exclusions, settlement, and post-claim continuation remain informational only beyond the modeled current terminal-illness amount. || Premium-Free Period entitlement tracking remains informational only. || Premium shortfall charge after policy year 3 and Premium-Free Period reset behavior remain informational only. || Free partial withdrawal allowance from the Regular Premium Account remains informational only. || Change of Life Insured remains informational only. || Optional riders remain informational only."
etiqa-dash-pet-plus,Dash PET Plus,Etiqa,supported,structured,supported,8,etiqa-dash-pet-plus-automatic-portfolio-rebalancing | etiqa-dash-pet-plus-basic-policy-dependency | etiqa-dash-pet-plus-dividend-crediting-to-basic-policy | etiqa-dash-pet-plus-free-look | etiqa-dash-pet-plus-fund-management-fee | etiqa-dash-pet-plus-grace-period-top-up-funding | etiqa-dash-pet-plus-paynow-transfer-charge | etiqa-dash-pet-plus-yearly-renewability,6,"Dividend crediting into the linked Basic policy, automatic portfolio rebalancing, grace-period funding, and free-look handling remain informational only. | Fund-level management fees remain informational only because they depend on the selected ILP sub-fund. | PayNow transfer charges remain informational only because they depend on payout method rather than the rider ledger. | Terminal-illness claim admission, exclusions, settlement, and post-claim continuation remain informational only. | The current-state death and terminal-illness snapshot needs manual current amount owing and remaining aggregate TI cap inputs because rider debt and cross-policy TI cap usage are not reconstructed from history in V1. | Yearly renewability, basic-policy attachment gating, and unilateral rider termination notice remain informational only.","sgd-open-ended-rider: The current-state death and terminal-illness snapshot needs manual current amount owing and remaining aggregate TI cap inputs because rider debt and cross-policy TI cap usage are not reconstructed from history in V1. || Terminal-illness claim admission, exclusions, settlement, and post-claim continuation remain informational only. || Yearly renewability, basic-policy attachment gating, and unilateral rider termination notice remain informational only. || PayNow transfer charges remain informational only because they depend on payout method rather than the rider ledger. || Fund-level management fees remain informational only because they depend on the selected ILP sub-fund. || Dividend crediting into the linked Basic policy, automatic portfolio rebalancing, grace-period funding, and free-look handling remain informational only."
etiqa-invest-smart-flex-ii,Invest smart flex II,Etiqa,supported,structured,supported,5,etiqa-smart-flex-ii-change-of-life-insured | etiqa-smart-flex-ii-free-partial-withdrawal-limit | etiqa-smart-flex-ii-optional-riders | etiqa-smart-flex-ii-premium-free-period-entitlement | etiqa-smart-flex-ii-premium-free-period-gated-shortfall-charge-after-policy-year-3,7,"Change of Life Insured remains informational only. | Free partial withdrawal allowance from the Regular Premium Account remains informational only. | Optional riders remain informational only. | Premium shortfall charge after policy year 3 and Premium-Free Period reset behavior remain informational only. | Premium-Free Period entitlement tracking remains informational only. | Terminal-illness claim admission, exclusions, settlement, and post-claim continuation remain informational only beyond the modeled current terminal-illness amount. | The current-state death and terminal-illness snapshot needs manual current amount owing and remaining aggregate TI cap inputs because debt and cross-policy TI cap usage are not reconstructed from history in V1.","sgd-mip-10: The current-state death and terminal-illness snapshot needs manual current amount owing and remaining aggregate TI cap inputs because debt and cross-policy TI cap usage are not reconstructed from history in V1. || Terminal-illness claim admission, exclusions, settlement, and post-claim continuation remain informational only beyond the modeled current terminal-illness amount. || Premium-Free Period entitlement tracking remains informational only. || Premium shortfall charge after policy year 3 and Premium-Free Period reset behavior remain informational only. || Free partial withdrawal allowance from the Regular Premium Account remains informational only. || Change of Life Insured remains informational only. || Optional riders remain informational only. ;; sgd-mip-15: The current-state death and terminal-illness snapshot needs manual current amount owing and remaining aggregate TI cap inputs because debt and cross-policy TI cap usage are not reconstructed from history in V1. || Terminal-illness claim admission, exclusions, settlement, and post-claim continuation remain informational only beyond the modeled current terminal-illness amount. || Premium-Free Period entitlement tracking remains informational only. || Premium shortfall charge after policy year 3 and Premium-Free Period reset behavior remain informational only. || Free partial withdrawal allowance from the Regular Premium Account remains informational only. || Change of Life Insured remains informational only. || Optional riders remain informational only. ;; sgd-mip-20: The current-state death and terminal-illness snapshot needs manual current amount owing and remaining aggregate TI cap inputs because debt and cross-policy TI cap usage are not reconstructed from history in V1. || Terminal-illness claim admission, exclusions, settlement, and post-claim continuation remain informational only beyond the modeled current terminal-illness amount. || Premium-Free Period entitlement tracking remains informational only. || Premium shortfall charge after policy year 3 and Premium-Free Period reset behavior remain informational only. || Free partial withdrawal allowance from the Regular Premium Account remains informational only. || Change of Life Insured remains informational only. || Optional riders remain informational only."
etiqa-invest-smart-vista,Invest Smart Vista,Etiqa,supported,structured,supported,6,etiqa-smart-vista-change-of-life-insured | etiqa-smart-vista-free-partial-withdrawal-limit | etiqa-smart-vista-optional-riders | etiqa-smart-vista-premium-free-period-entitlement | etiqa-smart-vista-premium-free-period-gated-shortfall-charge-after-policy-year-3 | etiqa-smart-vista-shariah-fund-availability,7,"Change of Life Insured remains informational only. | Free partial withdrawal allowance from the Regular Premium Account remains informational only. | Optional riders remain informational only. | Premium shortfall charge after policy year 3 and Premium-Free Period reset behavior remain informational only. | Premium-Free Period entitlement tracking remains informational only. | Terminal-illness claim admission, exclusions, settlement, and post-claim continuation remain informational only beyond the modeled current terminal-illness amount. | The current-state death and terminal-illness snapshot needs manual current amount owing and remaining aggregate TI cap inputs because debt and cross-policy TI cap usage are not reconstructed from history in V1.","sgd-mip-10: The current-state death and terminal-illness snapshot needs manual current amount owing and remaining aggregate TI cap inputs because debt and cross-policy TI cap usage are not reconstructed from history in V1. || Terminal-illness claim admission, exclusions, settlement, and post-claim continuation remain informational only beyond the modeled current terminal-illness amount. || Premium-Free Period entitlement tracking remains informational only. || Premium shortfall charge after policy year 3 and Premium-Free Period reset behavior remain informational only. || Free partial withdrawal allowance from the Regular Premium Account remains informational only. || Change of Life Insured remains informational only. || Optional riders remain informational only. ;; sgd-mip-15: The current-state death and terminal-illness snapshot needs manual current amount owing and remaining aggregate TI cap inputs because debt and cross-policy TI cap usage are not reconstructed from history in V1. || Terminal-illness claim admission, exclusions, settlement, and post-claim continuation remain informational only beyond the modeled current terminal-illness amount. || Premium-Free Period entitlement tracking remains informational only. || Premium shortfall charge after policy year 3 and Premium-Free Period reset behavior remain informational only. || Free partial withdrawal allowance from the Regular Premium Account remains informational only. || Change of Life Insured remains informational only. || Optional riders remain informational only. ;; sgd-mip-20: The current-state death and terminal-illness snapshot needs manual current amount owing and remaining aggregate TI cap inputs because debt and cross-policy TI cap usage are not reconstructed from history in V1. || Terminal-illness claim admission, exclusions, settlement, and post-claim continuation remain informational only beyond the modeled current terminal-illness amount. || Premium-Free Period entitlement tracking remains informational only. || Premium shortfall charge after policy year 3 and Premium-Free Period reset behavior remain informational only. || Free partial withdrawal allowance from the Regular Premium Account remains informational only. || Change of Life Insured remains informational only. || Optional riders remain informational only."
etiqa-invest-starter,Invest starter,Etiqa,supported,structured,supported,4,invest-starter-change-of-life-insured | invest-starter-one-time-reward | invest-starter-optional-protection-riders | invest-starter-policy-charge-refund-every-3-years,6,"Change of life insured remains informational only. | One-time reward for linked insurance purchases remains informational only. | Optional protection riders remain informational only. | Policy charge refund every three years remains informational only. | Terminal-illness claim admission, exclusions, settlement, and post-claim continuation remain informational only beyond the modeled current terminal-illness amount. | The current-state death and terminal-illness snapshot needs manual current amount owing and remaining aggregate TI cap inputs because debt and cross-policy TI cap usage are not reconstructed from history in V1.","sgd-mip-5: The current-state death and terminal-illness snapshot needs manual current amount owing and remaining aggregate TI cap inputs because debt and cross-policy TI cap usage are not reconstructed from history in V1. || Terminal-illness claim admission, exclusions, settlement, and post-claim continuation remain informational only beyond the modeled current terminal-illness amount. || Policy charge refund every three years remains informational only. || One-time reward for linked insurance purchases remains informational only. || Change of life insured remains informational only. || Optional protection riders remain informational only."
etiqa-invest-plus-sp,Invest plus SP,Etiqa,supported,structured,supported,8,etiqa-invest-plus-sp-dividend-threshold-and-withdrawal-consequences | etiqa-invest-plus-sp-free-look | etiqa-invest-plus-sp-fund-management-fee | etiqa-invest-plus-sp-grace-period-top-up-funding | etiqa-invest-plus-sp-power-up-bonus | etiqa-invest-plus-sp-reinstatement | etiqa-invest-plus-sp-representative-management-charge | etiqa-invest-plus-sp-top-up-vintage-accounting,7,"Free-look handling remains informational only. | Fund-level management fees, dividend payout thresholds, change-request cutoffs, and withdrawal consequences on reinvested dividends remain informational only. | Grace-period top-up funding remains informational only. | Power-up bonus remains informational only because it credits additional units based on rolling initial-account and top-up averages. | Reinstatement remains informational only. | Representative management charge remains informational only because the application-agreed rate can vary up to 0.75% per annum. | Top-up-specific policy-charge clocks, top-up-specific surrender / withdrawal charge clocks, and top-up-first withdrawal sequencing remain informational only beyond the modeled current ordinary death-benefit estimate.","sgd-open-ended-single-premium-initial-only: Power-up bonus remains informational only because it credits additional units based on rolling initial-account and top-up averages. || Top-up-specific policy-charge clocks, top-up-specific surrender / withdrawal charge clocks, and top-up-first withdrawal sequencing remain informational only beyond the modeled current ordinary death-benefit estimate. || Representative management charge remains informational only because the application-agreed rate can vary up to 0.75% per annum. || Fund-level management fees, dividend payout thresholds, change-request cutoffs, and withdrawal consequences on reinvested dividends remain informational only. || Grace-period top-up funding remains informational only. || Reinstatement remains informational only. || Free-look handling remains informational only."
etiqa-invest-vista,Invest vista,Etiqa,supported,structured,supported,5,etiqa-vista-change-of-life-insured | etiqa-vista-distribution-paying-fund-threshold-and-withdrawal-consequences | etiqa-vista-free-partial-withdrawal-benefit | etiqa-vista-premium-free-period-gated-shortfall-charge | etiqa-vista-premium-free-period-gating,10,"Change of Life insured remains informational only. | Distribution-paying fund minimum S$40 payout threshold, bank-account administration, change-request cutoff, and withdrawal consequences on reinvested distributions remain informational only. | Free Partial Withdrawal Benefit count and 5%-of-total-premiums cap remain informational only. | Optional riders and guaranteed issue wording remain informational only. | Premium shortfall charge and premium repayment reset behavior remain informational only. | Premium-Free Period accumulated-month logic remains informational only. | Premium-Free Period gating on the other premium-term corridors remains informational only. | Premium-Free Period-gated shortfall-charge paths outside 10 Years - Flexi 3 remain informational only. | Terminal-illness claim admission, exclusions, settlement, and post-claim continuation remain informational only beyond the modeled current terminal-illness amount. | The current-state death and terminal-illness snapshot needs manual current amount owing and remaining aggregate TI cap inputs because debt and cross-policy TI cap usage are not reconstructed from history in V1.","sgd-mip-10-flexi-3: The current-state death and terminal-illness snapshot needs manual current amount owing and remaining aggregate TI cap inputs because debt and cross-policy TI cap usage are not reconstructed from history in V1. || Terminal-illness claim admission, exclusions, settlement, and post-claim continuation remain informational only beyond the modeled current terminal-illness amount. || Premium-Free Period gating on the other premium-term corridors remains informational only. || Premium-Free Period-gated shortfall-charge paths outside 10 Years - Flexi 3 remain informational only. || Free Partial Withdrawal Benefit count and 5%-of-total-premiums cap remain informational only. || Distribution-paying fund minimum S$40 payout threshold, bank-account administration, change-request cutoff, and withdrawal consequences on reinvested distributions remain informational only. || Change of Life insured remains informational only. || Optional riders and guaranteed issue wording remain informational only. ;; sgd-mip-10-flexi-5: The current-state death and terminal-illness snapshot needs manual current amount owing and remaining aggregate TI cap inputs because debt and cross-policy TI cap usage are not reconstructed from history in V1. || Terminal-illness claim admission, exclusions, settlement, and post-claim continuation remain informational only beyond the modeled current terminal-illness amount. || Premium-Free Period accumulated-month logic remains informational only. || Premium shortfall charge and premium repayment reset behavior remain informational only. || Free Partial Withdrawal Benefit count and 5%-of-total-premiums cap remain informational only. || Distribution-paying fund minimum S$40 payout threshold, bank-account administration, change-request cutoff, and withdrawal consequences on reinvested distributions remain informational only. || Change of Life insured remains informational only. || Optional riders and guaranteed issue wording remain informational only. ;; sgd-mip-20: The current-state death and terminal-illness snapshot needs manual current amount owing and remaining aggregate TI cap inputs because debt and cross-policy TI cap usage are not reconstructed from history in V1. || Terminal-illness claim admission, exclusions, settlement, and post-claim continuation remain informational only beyond the modeled current terminal-illness amount. || Premium-Free Period accumulated-month logic remains informational only. || Premium shortfall charge and premium repayment reset behavior remain informational only. || Free Partial Withdrawal Benefit count and 5%-of-total-premiums cap remain informational only. || Distribution-paying fund minimum S$40 payout threshold, bank-account administration, change-request cutoff, and withdrawal consequences on reinvested distributions remain informational only. || Change of Life insured remains informational only. || Optional riders and guaranteed issue wording remain informational only."
etiqa-tiq-invest,Tiq Invest,Etiqa,supported,structured,supported,2,etiqa-tiq-invest-fund-switching | etiqa-tiq-invest-grace-period-funding,3,"Fund-switching administration remains informational only. | Grace-period funding remains informational only. | Terminal-illness claim admission, exclusions, settlement, and post-claim continuation remain informational only beyond the modeled current terminal-illness amount.","sgd-open-ended: Terminal-illness claim admission, exclusions, settlement, and post-claim continuation remain informational only beyond the modeled current terminal-illness amount. || Grace-period funding remains informational only. || Fund-switching administration remains informational only."
etiqa-invest-wealth-purpose,Invest Wealth Purpose,Etiqa,supported,structured,supported,5,etiqa-wealth-purpose-change-of-life-insured | etiqa-wealth-purpose-free-partial-withdrawal-limit | etiqa-wealth-purpose-optional-riders | etiqa-wealth-purpose-premium-free-period-entitlement | etiqa-wealth-purpose-premium-free-period-gated-shortfall-charge-after-policy-year-3,7,"Change of Life Insured remains informational only. | Free partial withdrawal allowance from the Regular Premium Account remains informational only. | Optional riders remain informational only. | Premium shortfall charges after policy year 3 remain informational only. | Premium-Free Period entitlement tracking remains informational only. | Terminal-illness claim admission, exclusions, settlement, and post-claim continuation remain informational only beyond the modeled current terminal-illness amount. | The current-state death and terminal-illness snapshot needs manual current amount owing and remaining aggregate TI cap inputs because debt and cross-policy TI cap usage are not reconstructed from history in V1.","sgd-mip-10: The current-state death and terminal-illness snapshot needs manual current amount owing and remaining aggregate TI cap inputs because debt and cross-policy TI cap usage are not reconstructed from history in V1. || Terminal-illness claim admission, exclusions, settlement, and post-claim continuation remain informational only beyond the modeled current terminal-illness amount. || Premium-Free Period entitlement tracking remains informational only. || Premium shortfall charges after policy year 3 remain informational only. || Free partial withdrawal allowance from the Regular Premium Account remains informational only. || Change of Life Insured remains informational only. || Optional riders remain informational only. ;; sgd-mip-15: The current-state death and terminal-illness snapshot needs manual current amount owing and remaining aggregate TI cap inputs because debt and cross-policy TI cap usage are not reconstructed from history in V1. || Terminal-illness claim admission, exclusions, settlement, and post-claim continuation remain informational only beyond the modeled current terminal-illness amount. || Premium-Free Period entitlement tracking remains informational only. || Premium shortfall charges after policy year 3 remain informational only. || Free partial withdrawal allowance from the Regular Premium Account remains informational only. || Change of Life Insured remains informational only. || Optional riders remain informational only. ;; sgd-mip-20: The current-state death and terminal-illness snapshot needs manual current amount owing and remaining aggregate TI cap inputs because debt and cross-policy TI cap usage are not reconstructed from history in V1. || Terminal-illness claim admission, exclusions, settlement, and post-claim continuation remain informational only beyond the modeled current terminal-illness amount. || Premium-Free Period entitlement tracking remains informational only. || Premium shortfall charges after policy year 3 remain informational only. || Free partial withdrawal allowance from the Regular Premium Account remains informational only. || Change of Life Insured remains informational only. || Optional riders remain informational only."
great-eastern-great-invest-advantage-2-rsp,GREAT Invest Advantage 2 (RSP),Great Eastern,supported,structured,supported,1,great-eastern-gia2-rsp-srs-surrender-destination,2,"Fund-switching and minimum-transaction guards remain informational only. | The current-state terminal-illness benefit amount is modeled as the same amount as the current death-benefit estimate after manual current amount owing, but terminal-illness claim admission, exclusions, settlement, and policy termination remain informational only.","sgd-open-ended-cash-or-srs: The current-state terminal-illness benefit amount is modeled as the same amount as the current death-benefit estimate after manual current amount owing, but terminal-illness claim admission, exclusions, settlement, and policy termination remain informational only. || Fund-switching and minimum-transaction guards remain informational only."
great-eastern-great-invest-advantage-2-sp,GREAT Invest Advantage 2 (SP),Great Eastern,supported,structured,supported,1,great-eastern-gia2-sp-srs-surrender-destination,2,"Fund-switching and minimum-transaction guards remain informational only. | The current-state terminal-illness benefit amount is modeled as the same amount as the current death-benefit estimate after manual current amount owing, but terminal-illness claim admission, exclusions, settlement, and policy termination remain informational only.","sgd-open-ended-cash-or-srs: The current-state terminal-illness benefit amount is modeled as the same amount as the current death-benefit estimate after manual current amount owing, but terminal-illness claim admission, exclusions, settlement, and policy termination remain informational only. || Fund-switching and minimum-transaction guards remain informational only."
great-eastern-great-invest-advantage-rsp,GREAT Invest Advantage (RSP),Great Eastern,supported,structured,supported,1,great-eastern-gia-rsp-srs-cpfis-surrender-destination,2,"Fund-switching and minimum-transaction guards remain informational only. | The current-state terminal-illness benefit amount is modeled as the same amount as the current death-benefit estimate after manual current amount owing, but terminal-illness claim admission, exclusions, settlement, and policy termination remain informational only.","sgd-open-ended-cash-or-srs: The current-state terminal-illness benefit amount is modeled as the same amount as the current death-benefit estimate after manual current amount owing, but terminal-illness claim admission, exclusions, settlement, and policy termination remain informational only. || Fund-switching and minimum-transaction guards remain informational only. ;; sgd-open-ended-cpfis: The current-state terminal-illness benefit amount is modeled as the same amount as the current death-benefit estimate after manual current amount owing, but terminal-illness claim admission, exclusions, settlement, and policy termination remain informational only. || Fund-switching and minimum-transaction guards remain informational only."
great-eastern-great-invest-advantage-sp,GREAT Invest Advantage (SP),Great Eastern,supported,structured,supported,1,great-eastern-gia-sp-srs-cpfis-surrender-destination,2,"Fund-switching and minimum-transaction guards remain informational only. | The current-state terminal-illness benefit amount is modeled as the same amount as the current death-benefit estimate after manual current amount owing, but terminal-illness claim admission, exclusions, settlement, and policy termination remain informational only.","sgd-open-ended-cash-or-srs: The current-state terminal-illness benefit amount is modeled as the same amount as the current death-benefit estimate after manual current amount owing, but terminal-illness claim admission, exclusions, settlement, and policy termination remain informational only. || Fund-switching and minimum-transaction guards remain informational only. ;; sgd-open-ended-cpfis: The current-state terminal-illness benefit amount is modeled as the same amount as the current death-benefit estimate after manual current amount owing, but terminal-illness claim admission, exclusions, settlement, and policy termination remain informational only. || Fund-switching and minimum-transaction guards remain informational only."
great-eastern-great-life-advantage-4,GREAT Life Advantage 4,Great Eastern,supported,structured,supported,9,great-life-advantage-4-afr-and-fund-switching | great-life-advantage-4-basic-sum-assured-state | great-life-advantage-4-child-cover | great-life-advantage-4-continuation-event | great-life-advantage-4-fund-level-fees | great-life-advantage-4-gisa-option | great-life-advantage-4-non-lapse-guarantee-debt | great-life-advantage-4-regular-premium-stream-reset | great-life-advantage-4-rider-charge-deductions,8,"Basic sum assured changes, GISA milestones, and premium-stream resets after regular-premium increases remain informational only. | Child cover, terminal-illness claim admission / exclusions / settlement, and other protection-benefit claim administration remain informational only beyond the modeled current death / terminal-illness / TPD benefit estimate and fee drag. | Fund-level management fees, AFR, and fund switching remain informational only. | Non-lapse guarantee debt carry, rider continuation, and lapse/reinstatement sequencing after a Continuation Event remain informational only. | Rider-side charge deductions and rider continuation behavior remain informational only. | The current residual death-benefit estimate after a TPD claim today and the current TI benefit estimate after a TPD claim today both need a manual Continuation Event status because qualifying Additional CI UDR attachment and in-force state at TPD admission are not reconstructed in V1. | The current-state TPD estimate needs a manual remaining aggregate TPD cap input because Great Eastern’s S$5,000,000 aggregate TPD limit is not reconstructed across policies and riders in V1. | The current-state death / terminal-illness / TPD benefit estimate needs manual current basic sum assured and current amount owing inputs because current debt and protected-base history are not reconstructed in V1.","sgd-open-ended-regular-pay: The current-state death / terminal-illness / TPD benefit estimate needs manual current basic sum assured and current amount owing inputs because current debt and protected-base history are not reconstructed in V1. || The current-state TPD estimate needs a manual remaining aggregate TPD cap input because Great Eastern’s S$5,000,000 aggregate TPD limit is not reconstructed across policies and riders in V1. || The current residual death-benefit estimate after a TPD claim today and the current TI benefit estimate after a TPD claim today both need a manual Continuation Event status because qualifying Additional CI UDR attachment and in-force state at TPD admission are not reconstructed in V1. || Non-lapse guarantee debt carry, rider continuation, and lapse/reinstatement sequencing after a Continuation Event remain informational only. || Basic sum assured changes, GISA milestones, and premium-stream resets after regular-premium increases remain informational only. || Rider-side charge deductions and rider continuation behavior remain informational only. || Fund-level management fees, AFR, and fund switching remain informational only. || Child cover, terminal-illness claim admission / exclusions / settlement, and other protection-benefit claim administration remain informational only beyond the modeled current death / terminal-illness / TPD benefit estimate and fee drag."
great-eastern-prestige-legacy-advantage,Prestige Legacy Advantage,Great Eastern,supported,structured,supported,8,great-eastern-pla-current-sum-assured-tracking | great-eastern-pla-free-partial-withdrawal-annual-limit | great-eastern-pla-fund-level-fees | great-eastern-pla-fund-switching | great-eastern-pla-non-lapse-privilege | great-eastern-pla-non-standard-insurance-rate-classes | great-eastern-pla-single-premium-principal-tracking | great-eastern-pla-sum-assured-reduction,7,"Current-sum-assured tracking after future top-ups, partial withdrawals, and the free partial withdrawal annual limit from policy year 11 onward remains informational only. | Fund-level management and custodian fees remain informational only. | Non-lapse privilege debt carry and lapse/reinstatement behavior remain informational only. | Non-standard underwriting classes and region-specific insurance-charge rates remain informational only. | Single-premium principal tracking remains informational only in V1. | Sum assured reductions and fund switching remain informational only. | The current terminal-illness snapshot also needs a manual remaining aggregate TI cap; terminal-illness claim admission, exclusions, settlement, and post-claim current-sum-assured or account-value reductions remain informational only beyond the modeled current death and terminal-illness benefit estimate.","sgd-mip-5-single-premium: Single-premium principal tracking remains informational only in V1. || Current-sum-assured tracking after future top-ups, partial withdrawals, and the free partial withdrawal annual limit from policy year 11 onward remains informational only. || The current terminal-illness snapshot also needs a manual remaining aggregate TI cap; terminal-illness claim admission, exclusions, settlement, and post-claim current-sum-assured or account-value reductions remain informational only beyond the modeled current death and terminal-illness benefit estimate. || Non-lapse privilege debt carry and lapse/reinstatement behavior remain informational only. || Non-standard underwriting classes and region-specific insurance-charge rates remain informational only. || Fund-level management and custodian fees remain informational only. || Sum assured reductions and fund switching remain informational only."
great-eastern-prestige-portfolio,Prestige Portfolio,Great Eastern,supported,structured,supported,9,great-eastern-prestige-portfolio-accidental-death-claim-exclusions | great-eastern-prestige-portfolio-basic-sum-assured-history | great-eastern-prestige-portfolio-fund-level-fees | great-eastern-prestige-portfolio-fund-switching | great-eastern-prestige-portfolio-minimum-transaction-guards | great-eastern-prestige-portfolio-post-issue-fee-changes | great-eastern-prestige-portfolio-regular-premium-corridor | great-eastern-prestige-portfolio-regular-premium-surrender-deductions | great-eastern-prestige-portfolio-srs-return-destination,5,"Accidental-death claim admission, exclusions, settlement timing, and basic-sum-assured history after future withdrawals remain informational only beyond the modeled current ordinary and accidental-death benefit estimates. | Fund switching, premium-apportionment changes, and minimum-transaction guards remain informational only. | Post-issue fee changes, newly introduced fees, and fund-level charges remain informational only. | Regular-premium cash corridor remains informational only because the early-surrender deductions are shown only in the policy illustration rather than as a published fixed catalog schedule. | SRS return-destination handling on withdrawals and surrender remains informational only.","sgd-open-ended-single-premium-cash: Regular-premium cash corridor remains informational only because the early-surrender deductions are shown only in the policy illustration rather than as a published fixed catalog schedule. || Accidental-death claim admission, exclusions, settlement timing, and basic-sum-assured history after future withdrawals remain informational only beyond the modeled current ordinary and accidental-death benefit estimates. || SRS return-destination handling on withdrawals and surrender remains informational only. || Fund switching, premium-apportionment changes, and minimum-transaction guards remain informational only. || Post-issue fee changes, newly introduced fees, and fund-level charges remain informational only. ;; sgd-open-ended-single-premium-srs: Regular-premium cash corridor remains informational only because the early-surrender deductions are shown only in the policy illustration rather than as a published fixed catalog schedule. || Accidental-death claim admission, exclusions, settlement timing, and basic-sum-assured history after future withdrawals remain informational only beyond the modeled current ordinary and accidental-death benefit estimates. || SRS return-destination handling on withdrawals and surrender remains informational only. || Fund switching, premium-apportionment changes, and minimum-transaction guards remain informational only. || Post-issue fee changes, newly introduced fees, and fund-level charges remain informational only. ;; sgd-open-ended-recurrent-single-premium-srs: Regular-premium cash corridor remains informational only because the early-surrender deductions are shown only in the policy illustration rather than as a published fixed catalog schedule. || Accidental-death claim admission, exclusions, settlement timing, and basic-sum-assured history after future withdrawals remain informational only beyond the modeled current ordinary and accidental-death benefit estimates. || SRS return-destination handling on withdrawals and surrender remains informational only. || Fund switching, premium-apportionment changes, and minimum-transaction guards remain informational only. || Post-issue fee changes, newly introduced fees, and fund-level charges remain informational only."
great-eastern-investment-linked-insurance-plan-2,Investment-linked Insurance Plan 2,Great Eastern,supported,structured,supported,5,great-eastern-ilp2-automatic-fund-rebalancing-administration | great-eastern-ilp2-change-of-life-assured | great-eastern-ilp2-choice10-fixed-fee-threshold-transition | great-eastern-ilp2-rider-premium-deduction-treatment | great-eastern-ilp2-tpd-continuation-event,5,"Administrative gating on top-ups, premium reductions, change of life assured, and AFR remains informational only. | Choice 10 prevailing-annualised-premium transitions across the S$6,000 fixed-fee threshold are not modeled dynamically; switch variants manually if the threshold changes after a premium reduction. | TPD and terminal-illness claim admission / exclusions / settlement, plus post-claim continuation handling, remain informational only beyond the modeled current death / terminal-illness / TPD benefit estimate. | The current-state TPD benefit estimate also needs a manual remaining aggregate TPD cap because the published S$5 million aggregate insurer limit is not reconstructed from cross-policy history in V1. | The current-state death / terminal-illness / TPD benefit estimate needs a manual current amount owing input because current debt is not reconstructed from history in V1.","sgd-mip-10-choice-5: The current-state death / terminal-illness / TPD benefit estimate needs a manual current amount owing input because current debt is not reconstructed from history in V1. || The current-state TPD benefit estimate also needs a manual remaining aggregate TPD cap because the published S$5 million aggregate insurer limit is not reconstructed from cross-policy history in V1. || TPD and terminal-illness claim admission / exclusions / settlement, plus post-claim continuation handling, remain informational only beyond the modeled current death / terminal-illness / TPD benefit estimate. || Administrative gating on top-ups, premium reductions, change of life assured, and AFR remains informational only. ;; sgd-mip-10-choice-10-under-6000: The current-state death / terminal-illness / TPD benefit estimate needs a manual current amount owing input because current debt is not reconstructed from history in V1. || The current-state TPD benefit estimate also needs a manual remaining aggregate TPD cap because the published S$5 million aggregate insurer limit is not reconstructed from cross-policy history in V1. || TPD and terminal-illness claim admission / exclusions / settlement, plus post-claim continuation handling, remain informational only beyond the modeled current death / terminal-illness / TPD benefit estimate. || Administrative gating on top-ups, premium reductions, change of life assured, and AFR remains informational only. || Choice 10 prevailing-annualised-premium transitions across the S$6,000 fixed-fee threshold are not modeled dynamically; switch variants manually if the threshold changes after a premium reduction. ;; sgd-mip-10-choice-10-6000-and-above: The current-state death / terminal-illness / TPD benefit estimate needs a manual current amount owing input because current debt is not reconstructed from history in V1. || The current-state TPD benefit estimate also needs a manual remaining aggregate TPD cap because the published S$5 million aggregate insurer limit is not reconstructed from cross-policy history in V1. || TPD and terminal-illness claim admission / exclusions / settlement, plus post-claim continuation handling, remain informational only beyond the modeled current death / terminal-illness / TPD benefit estimate. || Administrative gating on top-ups, premium reductions, change of life assured, and AFR remains informational only. || Choice 10 prevailing-annualised-premium transitions across the S$6,000 fixed-fee threshold are not modeled dynamically; switch variants manually if the threshold changes after a premium reduction."
great-eastern-wealth-advantage-4,GREAT Wealth Advantage 4,Great Eastern,supported,structured,supported,5,great-eastern-wa4-automatic-fund-rebalancing-administration | great-eastern-wa4-change-of-life-assured | great-eastern-wa4-fixed-fee-threshold-transition | great-eastern-wa4-rider-premium-deduction-treatment | great-eastern-wa4-tpd-continuation-event,5,"Administrative gating on top-ups, premium reductions, change of life assured, and AFR remains informational only. | Prevailing-annualised-premium transitions across the S$6,000 fixed-fee threshold are not modeled dynamically; switch variants manually if the threshold changes after a premium reduction. | TPD continuation-event state and terminal-illness claim admission, exclusions, settlement, and post-claim continuation remain informational only beyond the modeled current death / terminal-illness / TPD benefit estimate. | The current-state TPD estimate needs a manual remaining aggregate TPD cap input because Great Eastern’s S$5,000,000 aggregate TPD limit is not reconstructed across policies and riders in V1. | The current-state death / terminal-illness / TPD benefit estimate needs a manual current amount owing input because current debt is not reconstructed from history in V1.","sgd-mip-10-choice-5: The current-state death / terminal-illness / TPD benefit estimate needs a manual current amount owing input because current debt is not reconstructed from history in V1. || The current-state TPD estimate needs a manual remaining aggregate TPD cap input because Great Eastern’s S$5,000,000 aggregate TPD limit is not reconstructed across policies and riders in V1. || TPD continuation-event state and terminal-illness claim admission, exclusions, settlement, and post-claim continuation remain informational only beyond the modeled current death / terminal-illness / TPD benefit estimate. || Administrative gating on top-ups, premium reductions, change of life assured, and AFR remains informational only. ;; sgd-mip-10-choice-10-under-6000: The current-state death / terminal-illness / TPD benefit estimate needs a manual current amount owing input because current debt is not reconstructed from history in V1. || The current-state TPD estimate needs a manual remaining aggregate TPD cap input because Great Eastern’s S$5,000,000 aggregate TPD limit is not reconstructed across policies and riders in V1. || TPD continuation-event state and terminal-illness claim admission, exclusions, settlement, and post-claim continuation remain informational only beyond the modeled current death / terminal-illness / TPD benefit estimate. || Administrative gating on top-ups, premium reductions, change of life assured, and AFR remains informational only. || Prevailing-annualised-premium transitions across the S$6,000 fixed-fee threshold are not modeled dynamically; switch variants manually if the threshold changes after a premium reduction. ;; sgd-mip-10-choice-10-6000-and-above: The current-state death / terminal-illness / TPD benefit estimate needs a manual current amount owing input because current debt is not reconstructed from history in V1. || The current-state TPD estimate needs a manual remaining aggregate TPD cap input because Great Eastern’s S$5,000,000 aggregate TPD limit is not reconstructed across policies and riders in V1. || TPD continuation-event state and terminal-illness claim admission, exclusions, settlement, and post-claim continuation remain informational only beyond the modeled current death / terminal-illness / TPD benefit estimate. || Administrative gating on top-ups, premium reductions, change of life assured, and AFR remains informational only. || Prevailing-annualised-premium transitions across the S$6,000 fixed-fee threshold are not modeled dynamically; switch variants manually if the threshold changes after a premium reduction. ;; sgd-mip-15-choice-15-under-6000: The current-state death / terminal-illness / TPD benefit estimate needs a manual current amount owing input because current debt is not reconstructed from history in V1. || The current-state TPD estimate needs a manual remaining aggregate TPD cap input because Great Eastern’s S$5,000,000 aggregate TPD limit is not reconstructed across policies and riders in V1. || TPD continuation-event state and terminal-illness claim admission, exclusions, settlement, and post-claim continuation remain informational only beyond the modeled current death / terminal-illness / TPD benefit estimate. || Administrative gating on top-ups, premium reductions, change of life assured, and AFR remains informational only. || Prevailing-annualised-premium transitions across the S$6,000 fixed-fee threshold are not modeled dynamically; switch variants manually if the threshold changes after a premium reduction. ;; sgd-mip-15-choice-15-6000-and-above: The current-state death / terminal-illness / TPD benefit estimate needs a manual current amount owing input because current debt is not reconstructed from history in V1. || The current-state TPD estimate needs a manual remaining aggregate TPD cap input because Great Eastern’s S$5,000,000 aggregate TPD limit is not reconstructed across policies and riders in V1. || TPD continuation-event state and terminal-illness claim admission, exclusions, settlement, and post-claim continuation remain informational only beyond the modeled current death / terminal-illness / TPD benefit estimate. || Administrative gating on top-ups, premium reductions, change of life assured, and AFR remains informational only. || Prevailing-annualised-premium transitions across the S$6,000 fixed-fee threshold are not modeled dynamically; switch variants manually if the threshold changes after a premium reduction."
hsbc-life-goal-builder-ii,Goal Builder II,HSBC Life,supported,structured,supported,4,goal-builder-ii-loyalty-bonus-supplementary-premium-exclusion | goal-builder-ii-no-dividend-insufficient-nav-gate | goal-builder-ii-regular-withdrawal-minimums | goal-builder-ii-terminal-illness-post-claim-reduction-and-payout-mechanics,8,"Automatic paid-up / lapse state is not modeled beyond premium-holiday fee drag. | Loyalty Bonus exclusion for Top-up Premiums and Recurrent Single Premiums made in the preceding 24 calendar months remains informational only. | Regular withdrawal minimum-balance gates, minimum withdrawal amount, and per-fund proportional realization rules remain informational only. | Terminal illness proportional post-claim reduction and other claim-side payout mechanics remain informational only beyond the modeled current TI snapshot. | The current TI snapshot needs a manual remaining aggregate TI cap and does not reconstruct historical regular-withdrawal erosion once a scheduled payout assumption is already active in V1. | The current accidental-death estimate also needs manual current age and current amount owing inputs and does not reconstruct historical regular-withdrawal erosion once a scheduled payout assumption is already active in V1; age-75 cut-off handling is modeled, while claim exclusions and settlement remain informational only. | The current-state death-benefit estimate needs a manual current amount owing input and does not reconstruct historical regular-withdrawal erosion once a scheduled payout assumption is already active in V1. | The published no-dividend-during-insufficient-NAV rule remains informational only.","sgd-mip-5: Loyalty Bonus exclusion for Top-up Premiums and Recurrent Single Premiums made in the preceding 24 calendar months remains informational only. || The current-state death-benefit estimate needs a manual current amount owing input and does not reconstruct historical regular-withdrawal erosion once a scheduled payout assumption is already active in V1. || The current accidental-death estimate also needs manual current age and current amount owing inputs and does not reconstruct historical regular-withdrawal erosion once a scheduled payout assumption is already active in V1; age-75 cut-off handling is modeled, while claim exclusions and settlement remain informational only. || The current TI snapshot needs a manual remaining aggregate TI cap and does not reconstruct historical regular-withdrawal erosion once a scheduled payout assumption is already active in V1. || Terminal illness proportional post-claim reduction and other claim-side payout mechanics remain informational only beyond the modeled current TI snapshot. || Automatic paid-up / lapse state is not modeled beyond premium-holiday fee drag. || The published no-dividend-during-insufficient-NAV rule remains informational only. || Regular withdrawal minimum-balance gates, minimum withdrawal amount, and per-fund proportional realization rules remain informational only. ;; usd-mip-5: Loyalty Bonus exclusion for Top-up Premiums and Recurrent Single Premiums made in the preceding 24 calendar months remains informational only. || The current-state death-benefit estimate needs a manual current amount owing input and does not reconstruct historical regular-withdrawal erosion once a scheduled payout assumption is already active in V1. || The current accidental-death estimate also needs manual current age and current amount owing inputs and does not reconstruct historical regular-withdrawal erosion once a scheduled payout assumption is already active in V1; age-75 cut-off handling is modeled, while claim exclusions and settlement remain informational only. || The current TI snapshot needs a manual remaining aggregate TI cap and does not reconstruct historical regular-withdrawal erosion once a scheduled payout assumption is already active in V1. || Terminal illness proportional post-claim reduction and other claim-side payout mechanics remain informational only beyond the modeled current TI snapshot. || Automatic paid-up / lapse state is not modeled beyond premium-holiday fee drag. || The published no-dividend-during-insufficient-NAV rule remains informational only. || Regular withdrawal minimum-balance gates, minimum withdrawal amount, and per-fund proportional realization rules remain informational only. ;; sgd-mip-10: Loyalty Bonus exclusion for Top-up Premiums and Recurrent Single Premiums made in the preceding 24 calendar months remains informational only. || The current-state death-benefit estimate needs a manual current amount owing input and does not reconstruct historical regular-withdrawal erosion once a scheduled payout assumption is already active in V1. || The current accidental-death estimate also needs manual current age and current amount owing inputs and does not reconstruct historical regular-withdrawal erosion once a scheduled payout assumption is already active in V1; age-75 cut-off handling is modeled, while claim exclusions and settlement remain informational only. || The current TI snapshot needs a manual remaining aggregate TI cap and does not reconstruct historical regular-withdrawal erosion once a scheduled payout assumption is already active in V1. || Terminal illness proportional post-claim reduction and other claim-side payout mechanics remain informational only beyond the modeled current TI snapshot. || Automatic paid-up / lapse state is not modeled beyond premium-holiday fee drag. || The published no-dividend-during-insufficient-NAV rule remains informational only. || Regular withdrawal minimum-balance gates, minimum withdrawal amount, and per-fund proportional realization rules remain informational only. ;; usd-mip-10: Loyalty Bonus exclusion for Top-up Premiums and Recurrent Single Premiums made in the preceding 24 calendar months remains informational only. || The current-state death-benefit estimate needs a manual current amount owing input and does not reconstruct historical regular-withdrawal erosion once a scheduled payout assumption is already active in V1. || The current accidental-death estimate also needs manual current age and current amount owing inputs and does not reconstruct historical regular-withdrawal erosion once a scheduled payout assumption is already active in V1; age-75 cut-off handling is modeled, while claim exclusions and settlement remain informational only. || The current TI snapshot needs a manual remaining aggregate TI cap and does not reconstruct historical regular-withdrawal erosion once a scheduled payout assumption is already active in V1. || Terminal illness proportional post-claim reduction and other claim-side payout mechanics remain informational only beyond the modeled current TI snapshot. || Automatic paid-up / lapse state is not modeled beyond premium-holiday fee drag. || The published no-dividend-during-insufficient-NAV rule remains informational only. || Regular withdrawal minimum-balance gates, minimum withdrawal amount, and per-fund proportional realization rules remain informational only. ;; sgd-mip-15: Loyalty Bonus exclusion for Top-up Premiums and Recurrent Single Premiums made in the preceding 24 calendar months remains informational only. || The current-state death-benefit estimate needs a manual current amount owing input and does not reconstruct historical regular-withdrawal erosion once a scheduled payout assumption is already active in V1. || The current accidental-death estimate also needs manual current age and current amount owing inputs and does not reconstruct historical regular-withdrawal erosion once a scheduled payout assumption is already active in V1; age-75 cut-off handling is modeled, while claim exclusions and settlement remain informational only. || The current TI snapshot needs a manual remaining aggregate TI cap and does not reconstruct historical regular-withdrawal erosion once a scheduled payout assumption is already active in V1. || Terminal illness proportional post-claim reduction and other claim-side payout mechanics remain informational only beyond the modeled current TI snapshot. || Automatic paid-up / lapse state is not modeled beyond premium-holiday fee drag. || The published no-dividend-during-insufficient-NAV rule remains informational only. || Regular withdrawal minimum-balance gates, minimum withdrawal amount, and per-fund proportional realization rules remain informational only. ;; usd-mip-15: Loyalty Bonus exclusion for Top-up Premiums and Recurrent Single Premiums made in the preceding 24 calendar months remains informational only. || The current-state death-benefit estimate needs a manual current amount owing input and does not reconstruct historical regular-withdrawal erosion once a scheduled payout assumption is already active in V1. || The current accidental-death estimate also needs manual current age and current amount owing inputs and does not reconstruct historical regular-withdrawal erosion once a scheduled payout assumption is already active in V1; age-75 cut-off handling is modeled, while claim exclusions and settlement remain informational only. || The current TI snapshot needs a manual remaining aggregate TI cap and does not reconstruct historical regular-withdrawal erosion once a scheduled payout assumption is already active in V1. || Terminal illness proportional post-claim reduction and other claim-side payout mechanics remain informational only beyond the modeled current TI snapshot. || Automatic paid-up / lapse state is not modeled beyond premium-holiday fee drag. || The published no-dividend-during-insufficient-NAV rule remains informational only. || Regular withdrawal minimum-balance gates, minimum withdrawal amount, and per-fund proportional realization rules remain informational only."
hsbc-life-wealth-accelerate,Wealth Accelerate,HSBC Life,supported,structured,supported,2,hsbc-accelerate-dividend-bank-routing | premium-holiday-delayed-or-partial-repayment,0,,
hsbc-life-wealth-abundance,Wealth Abundance,HSBC Life,supported,structured,supported,6,hsbc-abundance-dividend-cash-payout-routing-fallback-and-execution | hsbc-abundance-life-replacement-cover-reset-and-rider-termination | hsbc-abundance-life-replacement-eligibility-and-underwriting | hsbc-abundance-life-replacement-policy-reissue-fallback | hsbc-abundance-rsp-administrative-restart-after-premium-holiday | hsbc-abundance-terminal-illness-cap-overflow-and-post-claim-state,7,"Designated-bank-account routing, unsuccessful cash-credit fallback to reinvestment, and payout execution operations remain informational only. | Life Replacement Option policy-reissue fallback, non-identical replacement-policy terms, and post-replacement premium / term administration remain informational only. | Life Replacement Option request timing, replacement eligibility, and underwriting acceptance remain informational only. | Life Replacement Option rider termination, new suicide / incontestability / exclusion periods, and revised expiry-date administration remain informational only. | The current accidental-death estimate also needs manual current age and current amount owing inputs and follows the same current regular-withdrawal-history limitation; age-75 cut-off handling is modeled, while claim exclusions, payout settlement, and post-claim state remain informational only. | The current terminal-illness snapshot also needs a manual remaining aggregate TI cap and follows the same current regular-withdrawal-history limitation; cap-overflow continuation, payout settlement, and post-claim state remain informational only. | The current-state death-benefit estimate needs a manual current amount owing input and does not reconstruct historical or active regular-withdrawal erosion from the Regular Premium Account in V1.","sgd-mip-10: The current-state death-benefit estimate needs a manual current amount owing input and does not reconstruct historical or active regular-withdrawal erosion from the Regular Premium Account in V1. || The current accidental-death estimate also needs manual current age and current amount owing inputs and follows the same current regular-withdrawal-history limitation; age-75 cut-off handling is modeled, while claim exclusions, payout settlement, and post-claim state remain informational only. || The current terminal-illness snapshot also needs a manual remaining aggregate TI cap and follows the same current regular-withdrawal-history limitation; cap-overflow continuation, payout settlement, and post-claim state remain informational only. || Life Replacement Option request timing, replacement eligibility, and underwriting acceptance remain informational only. || Life Replacement Option rider termination, new suicide / incontestability / exclusion periods, and revised expiry-date administration remain informational only. || Life Replacement Option policy-reissue fallback, non-identical replacement-policy terms, and post-replacement premium / term administration remain informational only. || Designated-bank-account routing, unsuccessful cash-credit fallback to reinvestment, and payout execution operations remain informational only. ;; usd-mip-10: The current-state death-benefit estimate needs a manual current amount owing input and does not reconstruct historical or active regular-withdrawal erosion from the Regular Premium Account in V1. || The current accidental-death estimate also needs manual current age and current amount owing inputs and follows the same current regular-withdrawal-history limitation; age-75 cut-off handling is modeled, while claim exclusions, payout settlement, and post-claim state remain informational only. || The current terminal-illness snapshot also needs a manual remaining aggregate TI cap and follows the same current regular-withdrawal-history limitation; cap-overflow continuation, payout settlement, and post-claim state remain informational only. || Life Replacement Option request timing, replacement eligibility, and underwriting acceptance remain informational only. || Life Replacement Option rider termination, new suicide / incontestability / exclusion periods, and revised expiry-date administration remain informational only. || Life Replacement Option policy-reissue fallback, non-identical replacement-policy terms, and post-replacement premium / term administration remain informational only. || Designated-bank-account routing, unsuccessful cash-credit fallback to reinvestment, and payout execution operations remain informational only."
hsbc-life-wealth-focus-flexi-1,Wealth Focus (Flexi 1),HSBC Life,supported,structured,supported,6,wealth-focus-accidental-death-claim-settlement-and-exclusions | wealth-focus-claim-side-benefit-settlement | wealth-focus-life-replacement-cover-reset-and-rider-termination | wealth-focus-life-replacement-eligibility-and-underwriting | wealth-focus-life-replacement-policy-reissue-fallback | wealth-focus-terminal-illness-claim-admission-and-settlement,7,"Claim-side payout settlement remains informational only beyond the modeled current death, terminal-illness, and residual-after-TI snapshots. | Life Replacement Option policy-reissue fallback, non-identical replacement-policy terms, and post-replacement premium / term administration remain informational only. | Life Replacement Option request timing, replacement eligibility, and underwriting acceptance remain informational only. | Life Replacement Option rider termination, new suicide / incontestability / exclusion periods, and revised expiry-date administration remain informational only. | Terminal Illness claim admission, notification valuation timing, and settlement remain informational only beyond the modeled current TI snapshot and residual death-benefit estimate after TI claim today. | The current accidental-death estimate also needs manual current age input and follows the same current Regular Withdrawal history limitation as the current death-benefit estimate; age-75 cut-off and the published SGD 2 million cap are modeled, while claim exclusions and settlement remain informational only. | The current terminal-illness snapshot and residual death-benefit estimate after a TI claim today also need a manual remaining aggregate TI cap and follow the same current Regular Withdrawal history limitation as the current death-benefit estimate.","sgd-mip-10: Life Replacement Option request timing, replacement eligibility, and underwriting acceptance remain informational only. || Life Replacement Option rider termination, new suicide / incontestability / exclusion periods, and revised expiry-date administration remain informational only. || Life Replacement Option policy-reissue fallback, non-identical replacement-policy terms, and post-replacement premium / term administration remain informational only. || The current accidental-death estimate also needs manual current age input and follows the same current Regular Withdrawal history limitation as the current death-benefit estimate; age-75 cut-off and the published SGD 2 million cap are modeled, while claim exclusions and settlement remain informational only. || The current terminal-illness snapshot and residual death-benefit estimate after a TI claim today also need a manual remaining aggregate TI cap and follow the same current Regular Withdrawal history limitation as the current death-benefit estimate. || Terminal Illness claim admission, notification valuation timing, and settlement remain informational only beyond the modeled current TI snapshot and residual death-benefit estimate after TI claim today. || Claim-side payout settlement remains informational only beyond the modeled current death, terminal-illness, and residual-after-TI snapshots. ;; usd-mip-10: Life Replacement Option request timing, replacement eligibility, and underwriting acceptance remain informational only. || Life Replacement Option rider termination, new suicide / incontestability / exclusion periods, and revised expiry-date administration remain informational only. || Life Replacement Option policy-reissue fallback, non-identical replacement-policy terms, and post-replacement premium / term administration remain informational only. || The current accidental-death estimate also needs manual current age input and follows the same current Regular Withdrawal history limitation as the current death-benefit estimate; age-75 cut-off and the published SGD 2 million cap are modeled, while claim exclusions and settlement remain informational only. || The current terminal-illness snapshot and residual death-benefit estimate after a TI claim today also need a manual remaining aggregate TI cap and follow the same current Regular Withdrawal history limitation as the current death-benefit estimate. || Terminal Illness claim admission, notification valuation timing, and settlement remain informational only beyond the modeled current TI snapshot and residual death-benefit estimate after TI claim today. || Claim-side payout settlement remains informational only beyond the modeled current death, terminal-illness, and residual-after-TI snapshots."
hsbc-life-wealth-focus-flexi-3,Wealth Focus (Flexi 3),HSBC Life,supported,structured,supported,6,wealth-focus-accidental-death-claim-settlement-and-exclusions | wealth-focus-claim-side-benefit-settlement | wealth-focus-life-replacement-cover-reset-and-rider-termination | wealth-focus-life-replacement-eligibility-and-underwriting | wealth-focus-life-replacement-policy-reissue-fallback | wealth-focus-terminal-illness-claim-admission-and-settlement,7,"Claim-side payout settlement remains informational only beyond the modeled current death, terminal-illness, and residual-after-TI snapshots. | Life Replacement Option policy-reissue fallback, non-identical replacement-policy terms, and post-replacement premium / term administration remain informational only. | Life Replacement Option request timing, replacement eligibility, and underwriting acceptance remain informational only. | Life Replacement Option rider termination, new suicide / incontestability / exclusion periods, and revised expiry-date administration remain informational only. | Terminal Illness claim admission, notification valuation timing, and settlement remain informational only beyond the modeled current TI snapshot and residual death-benefit estimate after TI claim today. | The current accidental-death estimate also needs manual current age input and follows the same current Regular Withdrawal history limitation as the current death-benefit estimate; age-75 cut-off and the published SGD 2 million cap are modeled, while claim exclusions and settlement remain informational only. | The current terminal-illness snapshot and residual death-benefit estimate after a TI claim today also need a manual remaining aggregate TI cap and follow the same current Regular Withdrawal history limitation as the current death-benefit estimate.","sgd-mip-10: Life Replacement Option request timing, replacement eligibility, and underwriting acceptance remain informational only. || Life Replacement Option rider termination, new suicide / incontestability / exclusion periods, and revised expiry-date administration remain informational only. || Life Replacement Option policy-reissue fallback, non-identical replacement-policy terms, and post-replacement premium / term administration remain informational only. || The current accidental-death estimate also needs manual current age input and follows the same current Regular Withdrawal history limitation as the current death-benefit estimate; age-75 cut-off and the published SGD 2 million cap are modeled, while claim exclusions and settlement remain informational only. || The current terminal-illness snapshot and residual death-benefit estimate after a TI claim today also need a manual remaining aggregate TI cap and follow the same current Regular Withdrawal history limitation as the current death-benefit estimate. || Terminal Illness claim admission, notification valuation timing, and settlement remain informational only beyond the modeled current TI snapshot and residual death-benefit estimate after TI claim today. || Claim-side payout settlement remains informational only beyond the modeled current death, terminal-illness, and residual-after-TI snapshots. ;; usd-mip-10: Life Replacement Option request timing, replacement eligibility, and underwriting acceptance remain informational only. || Life Replacement Option rider termination, new suicide / incontestability / exclusion periods, and revised expiry-date administration remain informational only. || Life Replacement Option policy-reissue fallback, non-identical replacement-policy terms, and post-replacement premium / term administration remain informational only. || The current accidental-death estimate also needs manual current age input and follows the same current Regular Withdrawal history limitation as the current death-benefit estimate; age-75 cut-off and the published SGD 2 million cap are modeled, while claim exclusions and settlement remain informational only. || The current terminal-illness snapshot and residual death-benefit estimate after a TI claim today also need a manual remaining aggregate TI cap and follow the same current Regular Withdrawal history limitation as the current death-benefit estimate. || Terminal Illness claim admission, notification valuation timing, and settlement remain informational only beyond the modeled current TI snapshot and residual death-benefit estimate after TI claim today. || Claim-side payout settlement remains informational only beyond the modeled current death, terminal-illness, and residual-after-TI snapshots."
hsbc-life-wealth-focus-flexi-5,Wealth Focus (Flexi 5),HSBC Life,supported,structured,supported,6,wealth-focus-accidental-death-claim-settlement-and-exclusions | wealth-focus-claim-side-benefit-settlement | wealth-focus-life-replacement-cover-reset-and-rider-termination | wealth-focus-life-replacement-eligibility-and-underwriting | wealth-focus-life-replacement-policy-reissue-fallback | wealth-focus-terminal-illness-claim-admission-and-settlement,7,"Claim-side payout settlement remains informational only beyond the modeled current death, terminal-illness, and residual-after-TI snapshots. | Life Replacement Option policy-reissue fallback, non-identical replacement-policy terms, and post-replacement premium / term administration remain informational only. | Life Replacement Option request timing, replacement eligibility, and underwriting acceptance remain informational only. | Life Replacement Option rider termination, new suicide / incontestability / exclusion periods, and revised expiry-date administration remain informational only. | Terminal Illness claim admission, notification valuation timing, and settlement remain informational only beyond the modeled current TI snapshot and residual death-benefit estimate after TI claim today. | The current accidental-death estimate also needs manual current age input and follows the same current Regular Withdrawal history limitation as the current death-benefit estimate; age-75 cut-off and the published SGD 2 million cap are modeled, while claim exclusions and settlement remain informational only. | The current terminal-illness snapshot and residual death-benefit estimate after a TI claim today also need a manual remaining aggregate TI cap and follow the same current Regular Withdrawal history limitation as the current death-benefit estimate.","sgd-mip-10: Life Replacement Option request timing, replacement eligibility, and underwriting acceptance remain informational only. || Life Replacement Option rider termination, new suicide / incontestability / exclusion periods, and revised expiry-date administration remain informational only. || Life Replacement Option policy-reissue fallback, non-identical replacement-policy terms, and post-replacement premium / term administration remain informational only. || The current accidental-death estimate also needs manual current age input and follows the same current Regular Withdrawal history limitation as the current death-benefit estimate; age-75 cut-off and the published SGD 2 million cap are modeled, while claim exclusions and settlement remain informational only. || The current terminal-illness snapshot and residual death-benefit estimate after a TI claim today also need a manual remaining aggregate TI cap and follow the same current Regular Withdrawal history limitation as the current death-benefit estimate. || Terminal Illness claim admission, notification valuation timing, and settlement remain informational only beyond the modeled current TI snapshot and residual death-benefit estimate after TI claim today. || Claim-side payout settlement remains informational only beyond the modeled current death, terminal-illness, and residual-after-TI snapshots. ;; usd-mip-10: Life Replacement Option request timing, replacement eligibility, and underwriting acceptance remain informational only. || Life Replacement Option rider termination, new suicide / incontestability / exclusion periods, and revised expiry-date administration remain informational only. || Life Replacement Option policy-reissue fallback, non-identical replacement-policy terms, and post-replacement premium / term administration remain informational only. || The current accidental-death estimate also needs manual current age input and follows the same current Regular Withdrawal history limitation as the current death-benefit estimate; age-75 cut-off and the published SGD 2 million cap are modeled, while claim exclusions and settlement remain informational only. || The current terminal-illness snapshot and residual death-benefit estimate after a TI claim today also need a manual remaining aggregate TI cap and follow the same current Regular Withdrawal history limitation as the current death-benefit estimate. || Terminal Illness claim admission, notification valuation timing, and settlement remain informational only beyond the modeled current TI snapshot and residual death-benefit estimate after TI claim today. || Claim-side payout settlement remains informational only beyond the modeled current death, terminal-illness, and residual-after-TI snapshots."
hsbc-life-flexi-protector,HSBC Life Flexi Protector,HSBC Life,supported,structured,supported,14,hsbc-life-flexi-protector-gio-cross-policy-and-sum-assured-limits | hsbc-life-flexi-protector-gio-milestone-eligibility-and-health-conditions | hsbc-life-flexi-protector-life-replacement-cover-reset-and-beneficiary-reset | hsbc-life-flexi-protector-life-replacement-eligibility-and-underwriting | hsbc-life-flexi-protector-policy-change-and-fund-switch-approvals | hsbc-life-flexi-protector-premium-holiday-lapse-and-no-claim-state | hsbc-life-flexi-protector-regular-withdrawal-facility-and-minimum-holding | hsbc-life-flexi-protector-reinstatement-and-backpay | hsbc-life-flexi-protector-ti-claim-currency-and-post-claim-continuation | hsbc-life-flexi-protector-tpd-adl-qualification-and-later-release | hsbc-life-flexi-protector-tpd-claim-currency-and-post-claim-continuation | hsbc-life-flexi-protector-tpd-cross-policy-benefit-caps | hsbc-life-flexi-protector-usd-no-monthly-regular-premium-mode | hsbc-life-flexi-protector-usd-no-rsp-corridor,13,"Fund-level management charges and other underlying-fund expenses remain informational only. | Guaranteed Insurability Option milestone eligibility, health conditions, issue-time product availability, and cross-policy / sum-assured limits remain informational only. | Life Replacement Option eligibility / underwriting, rider deletion, cover reset, assignment / beneficiary revocation, and new-life waiting-period / pre-existing-condition handling remain informational only. | Minimum holding amounts, Regular Withdrawal thresholds, and the insurer’s suspension / termination control over the Regular Withdrawal facility remain informational only. | Policy reinstatement backpay, health evidence, approval timing, and post-reinstatement charge continuation remain informational only. | Policy-change approvals, next-commencement-day change timing, and fund-switching administrative rules remain informational only. | Premium Holiday activation, top-up / recurring-single-premium suspension, lapse-state no-benefit periods, and premium-holiday resumption rules remain informational only. | Recurring Single Premium is not available for USD-denominated policies, which remains informational only. | TI / TPD claim-currency settlement and post-claim policy-continuation handling remain informational only. | TPD Activities-of-Daily-Living qualification gating and later-balance release timing remain informational only beyond the modeled payable-now TPD snapshot. | Terminal Illness and TPD cross-policy benefit caps remain informational only. | The current TPD snapshot is modeled as the amount payable now after entering current indebtedness, the current TPD payout stage, the current-claim-stage TPD cap, and, for later-stage claims, the current remaining TPD balance. | USD-denominated policies do not allow monthly Regular Premium mode, which remains informational only.","sgd-open-ended-choice-cover: Terminal Illness and TPD cross-policy benefit caps remain informational only. || The current TPD snapshot is modeled as the amount payable now after entering current indebtedness, the current TPD payout stage, the current-claim-stage TPD cap, and, for later-stage claims, the current remaining TPD balance. || TPD Activities-of-Daily-Living qualification gating and later-balance release timing remain informational only beyond the modeled payable-now TPD snapshot. || TI / TPD claim-currency settlement and post-claim policy-continuation handling remain informational only. || Premium Holiday activation, top-up / recurring-single-premium suspension, lapse-state no-benefit periods, and premium-holiday resumption rules remain informational only. || Policy reinstatement backpay, health evidence, approval timing, and post-reinstatement charge continuation remain informational only. || Guaranteed Insurability Option milestone eligibility, health conditions, issue-time product availability, and cross-policy / sum-assured limits remain informational only. || Life Replacement Option eligibility / underwriting, rider deletion, cover reset, assignment / beneficiary revocation, and new-life waiting-period / pre-existing-condition handling remain informational only. || USD-denominated policies do not allow monthly Regular Premium mode, which remains informational only. || Recurring Single Premium is not available for USD-denominated policies, which remains informational only. || Minimum holding amounts, Regular Withdrawal thresholds, and the insurer’s suspension / termination control over the Regular Withdrawal facility remain informational only. || Policy-change approvals, next-commencement-day change timing, and fund-switching administrative rules remain informational only. || Fund-level management charges and other underlying-fund expenses remain informational only. ;; sgd-open-ended-max-cover: Terminal Illness and TPD cross-policy benefit caps remain informational only. || The current TPD snapshot is modeled as the amount payable now after entering current indebtedness, the current TPD payout stage, the current-claim-stage TPD cap, and, for later-stage claims, the current remaining TPD balance. || TPD Activities-of-Daily-Living qualification gating and later-balance release timing remain informational only beyond the modeled payable-now TPD snapshot. || TI / TPD claim-currency settlement and post-claim policy-continuation handling remain informational only. || Premium Holiday activation, top-up / recurring-single-premium suspension, lapse-state no-benefit periods, and premium-holiday resumption rules remain informational only. || Policy reinstatement backpay, health evidence, approval timing, and post-reinstatement charge continuation remain informational only. || Guaranteed Insurability Option milestone eligibility, health conditions, issue-time product availability, and cross-policy / sum-assured limits remain informational only. || Life Replacement Option eligibility / underwriting, rider deletion, cover reset, assignment / beneficiary revocation, and new-life waiting-period / pre-existing-condition handling remain informational only. || USD-denominated policies do not allow monthly Regular Premium mode, which remains informational only. || Recurring Single Premium is not available for USD-denominated policies, which remains informational only. || Minimum holding amounts, Regular Withdrawal thresholds, and the insurer’s suspension / termination control over the Regular Withdrawal facility remain informational only. || Policy-change approvals, next-commencement-day change timing, and fund-switching administrative rules remain informational only. || Fund-level management charges and other underlying-fund expenses remain informational only."
hsbc-life-wealth-harvest,Wealth Harvest,HSBC Life,supported,structured,supported,4,hsbc-harvest-change-of-life-insured-insurance-charge-adjustment | hsbc-harvest-dividend-bank-routing | hsbc-harvest-rsp-restart-after-premium-holiday | hsbc-harvest-terminal-illness-cap-overflow-and-post-claim-state,2,"The current terminal-illness snapshot also needs a manual remaining aggregate TI cap, and cap-overflow death continuation, payout currency, payout timing, and post-claim state remain informational only. | The current-state death-benefit estimate needs a manual current amount owing input because overdue or outstanding policy charges are not reconstructed from history in V1.","sgd-mip-11: The current-state death-benefit estimate needs a manual current amount owing input because overdue or outstanding policy charges are not reconstructed from history in V1. || The current terminal-illness snapshot also needs a manual remaining aggregate TI cap, and cap-overflow death continuation, payout currency, payout timing, and post-claim state remain informational only."
hsbc-life-wealth-invest-cpf,HSBC Life Wealth Invest (CPF),HSBC Life,supported,structured,supported,5,hsbc-life-wealth-invest-cpf-additional-ilp-sub-fund-charges | hsbc-life-wealth-invest-cpf-free-look-refund | hsbc-life-wealth-invest-cpf-fund-management-charge | hsbc-life-wealth-invest-cpf-switching-eligibility-constraints | hsbc-life-wealth-invest-cpf-termination,5,"Fund-level management charges and additional ILP-sub-fund charges remain informational only because they depend on the selected fund mix and are not a single product-level rate. | Recurring single premium enrollment approval, allocation-change requests, and failed-deduction handling remain informational only. | Switching administration and CPF fund-eligibility constraints remain informational only. | Termination and free-look refund behavior remain informational only. | The current terminal-illness benefit amount is modeled as the same higher-of policy value or 101%-of-paid-premiums corridor after current amounts owing, but claim admission, exclusions, payout mechanics, and post-claim continuation remain informational only.","sgd-open-ended-cpf: The current terminal-illness benefit amount is modeled as the same higher-of policy value or 101%-of-paid-premiums corridor after current amounts owing, but claim admission, exclusions, payout mechanics, and post-claim continuation remain informational only. || Recurring single premium enrollment approval, allocation-change requests, and failed-deduction handling remain informational only. || Fund-level management charges and additional ILP-sub-fund charges remain informational only because they depend on the selected fund mix and are not a single product-level rate. || Switching administration and CPF fund-eligibility constraints remain informational only. || Termination and free-look refund behavior remain informational only."
hsbc-life-wealth-invest-cash-srs,HSBC Life Wealth Invest (Cash/SRS),HSBC Life,supported,structured,supported,6,hsbc-life-wealth-invest-cash-srs-additional-ilp-sub-fund-charges | hsbc-life-wealth-invest-cash-srs-dividend-bank-account-routing | hsbc-life-wealth-invest-cash-srs-free-look-refund | hsbc-life-wealth-invest-cash-srs-fund-management-charge | hsbc-life-wealth-invest-cash-srs-fund-switching | hsbc-life-wealth-invest-cash-srs-termination,6,"Designated-bank-account payout operations remain informational only. | Fund switching administration remains informational only. | Fund-level management charges and additional ILP-sub-fund charges remain informational only because they depend on the selected fund mix and are not a single product-level rate. | Recurring single premium enrollment approval, allocation-change requests, and failed-deduction handling remain informational only. | Termination and free-look refund behavior remain informational only. | The current terminal-illness benefit amount is modeled as the same higher-of policy value or 101%-of-paid-premiums corridor after current amounts owing, but claim admission, exclusions, payout mechanics, and post-claim continuation remain informational only.","sgd-open-ended-cash: The current terminal-illness benefit amount is modeled as the same higher-of policy value or 101%-of-paid-premiums corridor after current amounts owing, but claim admission, exclusions, payout mechanics, and post-claim continuation remain informational only. || Recurring single premium enrollment approval, allocation-change requests, and failed-deduction handling remain informational only. || Fund-level management charges and additional ILP-sub-fund charges remain informational only because they depend on the selected fund mix and are not a single product-level rate. || Fund switching administration remains informational only. || Designated-bank-account payout operations remain informational only. || Termination and free-look refund behavior remain informational only. ;; sgd-open-ended-srs: The current terminal-illness benefit amount is modeled as the same higher-of policy value or 101%-of-paid-premiums corridor after current amounts owing, but claim admission, exclusions, payout mechanics, and post-claim continuation remain informational only. || Recurring single premium enrollment approval, allocation-change requests, and failed-deduction handling remain informational only. || Fund-level management charges and additional ILP-sub-fund charges remain informational only because they depend on the selected fund mix and are not a single product-level rate. || Fund switching administration remains informational only. || Designated-bank-account payout operations remain informational only. || Termination and free-look refund behavior remain informational only."
hsbc-life-wealth-voyage,Wealth Voyage,HSBC Life,supported,structured,supported,8,hsbc-voyage-dividend-cash-payout-routing-fallback-and-execution | hsbc-voyage-life-replacement-cover-reset-and-rider-termination | hsbc-voyage-life-replacement-eligibility-and-underwriting | hsbc-voyage-life-replacement-policy-reissue-fallback | hsbc-voyage-premium-holiday-backpay-amf-reconciliation | hsbc-voyage-premium-holiday-charge-after-free-duration | hsbc-voyage-regular-withdrawal-loyalty-suspension | hsbc-voyage-terminal-illness-cap-overflow-and-post-claim-state,7,"Designated-bank-account routing, unsuccessful cash-credit fallback to reinvestment, and payout execution operations remain informational only. | Life Replacement Option policy-reissue fallback, non-identical replacement-policy terms, and post-replacement premium / term administration remain informational only. | Life Replacement Option request timing, replacement eligibility, and underwriting acceptance remain informational only. | Life Replacement Option rider termination, new suicide / incontestability / exclusion periods, and revised expiry-date administration remain informational only. | The current accidental-death estimate also needs manual current age and current amount owing inputs and follows the same current regular-withdrawal-history limitation; age-75 cut-off handling is modeled, while claim exclusions, payout settlement, and post-claim state remain informational only. | The current terminal-illness snapshot also needs a manual remaining aggregate TI cap and follows the same current regular-withdrawal-history limitation; cap-overflow continuation, payout settlement, and post-claim state remain informational only. | The current-state death-benefit estimate needs a manual current amount owing input and does not reconstruct historical or active regular-withdrawal erosion from the Regular Premium Account in V1.","sgd-mip-15: The current-state death-benefit estimate needs a manual current amount owing input and does not reconstruct historical or active regular-withdrawal erosion from the Regular Premium Account in V1. || The current accidental-death estimate also needs manual current age and current amount owing inputs and follows the same current regular-withdrawal-history limitation; age-75 cut-off handling is modeled, while claim exclusions, payout settlement, and post-claim state remain informational only. || The current terminal-illness snapshot also needs a manual remaining aggregate TI cap and follows the same current regular-withdrawal-history limitation; cap-overflow continuation, payout settlement, and post-claim state remain informational only. || Life Replacement Option request timing, replacement eligibility, and underwriting acceptance remain informational only. || Life Replacement Option rider termination, new suicide / incontestability / exclusion periods, and revised expiry-date administration remain informational only. || Life Replacement Option policy-reissue fallback, non-identical replacement-policy terms, and post-replacement premium / term administration remain informational only. || Designated-bank-account routing, unsuccessful cash-credit fallback to reinvestment, and payout execution operations remain informational only. ;; sgd-mip-20: The current-state death-benefit estimate needs a manual current amount owing input and does not reconstruct historical or active regular-withdrawal erosion from the Regular Premium Account in V1. || The current accidental-death estimate also needs manual current age and current amount owing inputs and follows the same current regular-withdrawal-history limitation; age-75 cut-off handling is modeled, while claim exclusions, payout settlement, and post-claim state remain informational only. || The current terminal-illness snapshot also needs a manual remaining aggregate TI cap and follows the same current regular-withdrawal-history limitation; cap-overflow continuation, payout settlement, and post-claim state remain informational only. || Life Replacement Option request timing, replacement eligibility, and underwriting acceptance remain informational only. || Life Replacement Option rider termination, new suicide / incontestability / exclusion periods, and revised expiry-date administration remain informational only. || Life Replacement Option policy-reissue fallback, non-identical replacement-policy terms, and post-replacement premium / term administration remain informational only. || Designated-bank-account routing, unsuccessful cash-credit fallback to reinvestment, and payout execution operations remain informational only. ;; sgd-mip-25: The current-state death-benefit estimate needs a manual current amount owing input and does not reconstruct historical or active regular-withdrawal erosion from the Regular Premium Account in V1. || The current accidental-death estimate also needs manual current age and current amount owing inputs and follows the same current regular-withdrawal-history limitation; age-75 cut-off handling is modeled, while claim exclusions, payout settlement, and post-claim state remain informational only. || The current terminal-illness snapshot also needs a manual remaining aggregate TI cap and follows the same current regular-withdrawal-history limitation; cap-overflow continuation, payout settlement, and post-claim state remain informational only. || Life Replacement Option request timing, replacement eligibility, and underwriting acceptance remain informational only. || Life Replacement Option rider termination, new suicide / incontestability / exclusion periods, and revised expiry-date administration remain informational only. || Life Replacement Option policy-reissue fallback, non-identical replacement-policy terms, and post-replacement premium / term administration remain informational only. || Designated-bank-account routing, unsuccessful cash-credit fallback to reinvestment, and payout execution operations remain informational only. ;; usd-mip-15: The current-state death-benefit estimate needs a manual current amount owing input and does not reconstruct historical or active regular-withdrawal erosion from the Regular Premium Account in V1. || The current accidental-death estimate also needs manual current age and current amount owing inputs and follows the same current regular-withdrawal-history limitation; age-75 cut-off handling is modeled, while claim exclusions, payout settlement, and post-claim state remain informational only. || The current terminal-illness snapshot also needs a manual remaining aggregate TI cap and follows the same current regular-withdrawal-history limitation; cap-overflow continuation, payout settlement, and post-claim state remain informational only. || Life Replacement Option request timing, replacement eligibility, and underwriting acceptance remain informational only. || Life Replacement Option rider termination, new suicide / incontestability / exclusion periods, and revised expiry-date administration remain informational only. || Life Replacement Option policy-reissue fallback, non-identical replacement-policy terms, and post-replacement premium / term administration remain informational only. || Designated-bank-account routing, unsuccessful cash-credit fallback to reinvestment, and payout execution operations remain informational only. ;; usd-mip-20: The current-state death-benefit estimate needs a manual current amount owing input and does not reconstruct historical or active regular-withdrawal erosion from the Regular Premium Account in V1. || The current accidental-death estimate also needs manual current age and current amount owing inputs and follows the same current regular-withdrawal-history limitation; age-75 cut-off handling is modeled, while claim exclusions, payout settlement, and post-claim state remain informational only. || The current terminal-illness snapshot also needs a manual remaining aggregate TI cap and follows the same current regular-withdrawal-history limitation; cap-overflow continuation, payout settlement, and post-claim state remain informational only. || Life Replacement Option request timing, replacement eligibility, and underwriting acceptance remain informational only. || Life Replacement Option rider termination, new suicide / incontestability / exclusion periods, and revised expiry-date administration remain informational only. || Life Replacement Option policy-reissue fallback, non-identical replacement-policy terms, and post-replacement premium / term administration remain informational only. || Designated-bank-account routing, unsuccessful cash-credit fallback to reinvestment, and payout execution operations remain informational only. ;; usd-mip-25: The current-state death-benefit estimate needs a manual current amount owing input and does not reconstruct historical or active regular-withdrawal erosion from the Regular Premium Account in V1. || The current accidental-death estimate also needs manual current age and current amount owing inputs and follows the same current regular-withdrawal-history limitation; age-75 cut-off handling is modeled, while claim exclusions, payout settlement, and post-claim state remain informational only. || The current terminal-illness snapshot also needs a manual remaining aggregate TI cap and follows the same current regular-withdrawal-history limitation; cap-overflow continuation, payout settlement, and post-claim state remain informational only. || Life Replacement Option request timing, replacement eligibility, and underwriting acceptance remain informational only. || Life Replacement Option rider termination, new suicide / incontestability / exclusion periods, and revised expiry-date administration remain informational only. || Life Replacement Option policy-reissue fallback, non-identical replacement-policy terms, and post-replacement premium / term administration remain informational only. || Designated-bank-account routing, unsuccessful cash-credit fallback to reinvestment, and payout execution operations remain informational only."
prudential-pruvantage-wealth-ii,PRUVantage Wealth II,Prudential,supported,structured,supported,2,premium-pass-wealth-share-secondary-life-options | pruvantage-wealth-ii-accidental-death-and-claim-exclusions,5,"Accidental-death pre-existing-condition / suicide exclusions and other death-claim settlement mechanics remain informational only beyond the modeled current ordinary and accidental-death benefit estimates. | Accidental-disability deferment timing, staged later-balance release, disability-status revalidation, pre-existing-condition / suicide exclusions, and broader claim settlement mechanics remain informational only beyond the modeled payable-now accidental-disability snapshot. | Cash dividend-payout history from the Growth Account is not reconstructed from today’s static snapshot, so the current-state death and accidental-death estimates are omitted whenever manual cash payout mode is active. | Premium Pass, Wealth Share, and secondary-life/ownership options remain informational only. | The current-state death-benefit estimate needs a manual current amount owing input because current debt is not reconstructed from history in V1.","sgd-mip-5: The current-state death-benefit estimate needs a manual current amount owing input because current debt is not reconstructed from history in V1. || Cash dividend-payout history from the Growth Account is not reconstructed from today’s static snapshot, so the current-state death and accidental-death estimates are omitted whenever manual cash payout mode is active. || Accidental-death pre-existing-condition / suicide exclusions and other death-claim settlement mechanics remain informational only beyond the modeled current ordinary and accidental-death benefit estimates. || Accidental-disability deferment timing, staged later-balance release, disability-status revalidation, pre-existing-condition / suicide exclusions, and broader claim settlement mechanics remain informational only beyond the modeled payable-now accidental-disability snapshot. || Premium Pass, Wealth Share, and secondary-life/ownership options remain informational only. ;; sgd-mip-10: The current-state death-benefit estimate needs a manual current amount owing input because current debt is not reconstructed from history in V1. || Cash dividend-payout history from the Growth Account is not reconstructed from today’s static snapshot, so the current-state death and accidental-death estimates are omitted whenever manual cash payout mode is active. || Accidental-death pre-existing-condition / suicide exclusions and other death-claim settlement mechanics remain informational only beyond the modeled current ordinary and accidental-death benefit estimates. || Accidental-disability deferment timing, staged later-balance release, disability-status revalidation, pre-existing-condition / suicide exclusions, and broader claim settlement mechanics remain informational only beyond the modeled payable-now accidental-disability snapshot. || Premium Pass, Wealth Share, and secondary-life/ownership options remain informational only. ;; sgd-mip-15: The current-state death-benefit estimate needs a manual current amount owing input because current debt is not reconstructed from history in V1. || Cash dividend-payout history from the Growth Account is not reconstructed from today’s static snapshot, so the current-state death and accidental-death estimates are omitted whenever manual cash payout mode is active. || Accidental-death pre-existing-condition / suicide exclusions and other death-claim settlement mechanics remain informational only beyond the modeled current ordinary and accidental-death benefit estimates. || Accidental-disability deferment timing, staged later-balance release, disability-status revalidation, pre-existing-condition / suicide exclusions, and broader claim settlement mechanics remain informational only beyond the modeled payable-now accidental-disability snapshot. || Premium Pass, Wealth Share, and secondary-life/ownership options remain informational only. ;; sgd-mip-20: The current-state death-benefit estimate needs a manual current amount owing input because current debt is not reconstructed from history in V1. || Cash dividend-payout history from the Growth Account is not reconstructed from today’s static snapshot, so the current-state death and accidental-death estimates are omitted whenever manual cash payout mode is active. || Accidental-death pre-existing-condition / suicide exclusions and other death-claim settlement mechanics remain informational only beyond the modeled current ordinary and accidental-death benefit estimates. || Accidental-disability deferment timing, staged later-balance release, disability-status revalidation, pre-existing-condition / suicide exclusions, and broader claim settlement mechanics remain informational only beyond the modeled payable-now accidental-disability snapshot. || Premium Pass, Wealth Share, and secondary-life/ownership options remain informational only. ;; sgd-mip-25: The current-state death-benefit estimate needs a manual current amount owing input because current debt is not reconstructed from history in V1. || Cash dividend-payout history from the Growth Account is not reconstructed from today’s static snapshot, so the current-state death and accidental-death estimates are omitted whenever manual cash payout mode is active. || Accidental-death pre-existing-condition / suicide exclusions and other death-claim settlement mechanics remain informational only beyond the modeled current ordinary and accidental-death benefit estimates. || Accidental-disability deferment timing, staged later-balance release, disability-status revalidation, pre-existing-condition / suicide exclusions, and broader claim settlement mechanics remain informational only beyond the modeled payable-now accidental-disability snapshot. || Premium Pass, Wealth Share, and secondary-life/ownership options remain informational only."
prudential-pruvantage-assure-ii,PRUVantage Assure II,Prudential,supported,structured,supported,2,premium-pass-wealth-share-change-of-life-assured-options | pruvantage-assure-ii-death-claim-exclusions,3,"Accidental-disability deferment timing, staged later-balance release, disability-status revalidation, suicide and pre-existing-condition exclusions, and broader claim settlement mechanics remain informational only beyond the modeled payable-now accidental-disability snapshot. | Premium Pass, Wealth Share, and change-of-life-assured features remain informational only. | The current-state death-benefit estimate needs a manual current amount owing input because outstanding debt is not reconstructed from history in V1.","sgd-mip-5: The current-state death-benefit estimate needs a manual current amount owing input because outstanding debt is not reconstructed from history in V1. || Accidental-disability deferment timing, staged later-balance release, disability-status revalidation, suicide and pre-existing-condition exclusions, and broader claim settlement mechanics remain informational only beyond the modeled payable-now accidental-disability snapshot. || Premium Pass, Wealth Share, and change-of-life-assured features remain informational only. ;; sgd-mip-10: The current-state death-benefit estimate needs a manual current amount owing input because outstanding debt is not reconstructed from history in V1. || Accidental-disability deferment timing, staged later-balance release, disability-status revalidation, suicide and pre-existing-condition exclusions, and broader claim settlement mechanics remain informational only beyond the modeled payable-now accidental-disability snapshot. || Premium Pass, Wealth Share, and change-of-life-assured features remain informational only. ;; sgd-mip-15: The current-state death-benefit estimate needs a manual current amount owing input because outstanding debt is not reconstructed from history in V1. || Accidental-disability deferment timing, staged later-balance release, disability-status revalidation, suicide and pre-existing-condition exclusions, and broader claim settlement mechanics remain informational only beyond the modeled payable-now accidental-disability snapshot. || Premium Pass, Wealth Share, and change-of-life-assured features remain informational only. ;; sgd-mip-20: The current-state death-benefit estimate needs a manual current amount owing input because outstanding debt is not reconstructed from history in V1. || Accidental-disability deferment timing, staged later-balance release, disability-status revalidation, suicide and pre-existing-condition exclusions, and broader claim settlement mechanics remain informational only beyond the modeled payable-now accidental-disability snapshot. || Premium Pass, Wealth Share, and change-of-life-assured features remain informational only. ;; sgd-mip-25: The current-state death-benefit estimate needs a manual current amount owing input because outstanding debt is not reconstructed from history in V1. || Accidental-disability deferment timing, staged later-balance release, disability-status revalidation, suicide and pre-existing-condition exclusions, and broader claim settlement mechanics remain informational only beyond the modeled payable-now accidental-disability snapshot. || Premium Pass, Wealth Share, and change-of-life-assured features remain informational only."
prudential-pruvantage-assure-sp,PRUVantage Assure (SP),Prudential,supported,structured,supported,3,pruvantage-assure-sp-change-of-life-assured | pruvantage-assure-sp-death-claim-exclusions | pruvantage-assure-sp-sum-assured-wealth-assure-reduction-resumption,3,"Accidental-disability deferment timing, staged later-balance release, disability-status revalidation, suicide and pre-existing-condition exclusions, and broader claim settlement mechanics remain informational only beyond the modeled payable-now accidental-disability snapshot. | Change of life assured and sum assured / Wealth Assure Value reduction-resumption options remain informational only. | The current-state death-benefit estimate needs a manual current amount owing input because outstanding debt is not reconstructed from history in V1.","sgd-mip-8: Change of life assured and sum assured / Wealth Assure Value reduction-resumption options remain informational only. || The current-state death-benefit estimate needs a manual current amount owing input because outstanding debt is not reconstructed from history in V1. || Accidental-disability deferment timing, staged later-balance release, disability-status revalidation, suicide and pre-existing-condition exclusions, and broader claim settlement mechanics remain informational only beyond the modeled payable-now accidental-disability snapshot."
prudential-pruactive-linkguard,PRUActive LinkGuard,Prudential,supported,structured,supported,8,pruactive-linkguard-fund-switching | pruactive-linkguard-investment-booster-regular | pruactive-linkguard-no-lapse-period | pruactive-linkguard-protection-payout-settlement | pruactive-linkguard-retained-multiplier-option | pruactive-linkguard-rider-benefits-and-loadings | pruactive-linkguard-surrender-charge | pruactive-linkguard-withdrawal-eligibility,8,"Critical illness, pre-critical illness, and other supplementary rider charges remain informational only. | Death, terminal illness, and total and permanent disability claim-side settlement remains metadata-only beyond the modeled current death / terminal-illness / payable-now TPD snapshots and Appendix A assurance-charge corridor, including deferment timing, later-balance release timing, cease-disability stop-payment handling, and post-claim continuation. | Fund-switch minimums and any future switch administration charge remain informational only. | Investment Booster (Regular) recurrence and the published stop-paying-premiums continuation behavior remain informational only. | Medical, occupational, and hazardous-activity extra loadings remain informational only. | No Lapse Period amount-owed carry and reinstatement behavior remain informational only. | Partial withdrawal eligibility is not enforced automatically, including the 25-month fully-paid gate and the Investment Booster paid-to-date cap. | Surrender charges on allocated premiums, including separate treatment for increased sum assured and exclusion for Investment Booster premiums, remain informational only.","sgd-open-ended-cash-or-srs: Death, terminal illness, and total and permanent disability claim-side settlement remains metadata-only beyond the modeled current death / terminal-illness / payable-now TPD snapshots and Appendix A assurance-charge corridor, including deferment timing, later-balance release timing, cease-disability stop-payment handling, and post-claim continuation. || Medical, occupational, and hazardous-activity extra loadings remain informational only. || Critical illness, pre-critical illness, and other supplementary rider charges remain informational only. || No Lapse Period amount-owed carry and reinstatement behavior remain informational only. || Partial withdrawal eligibility is not enforced automatically, including the 25-month fully-paid gate and the Investment Booster paid-to-date cap. || Surrender charges on allocated premiums, including separate treatment for increased sum assured and exclusion for Investment Booster premiums, remain informational only. || Investment Booster (Regular) recurrence and the published stop-paying-premiums continuation behavior remain informational only. || Fund-switch minimums and any future switch administration charge remain informational only."
prudential-prulink-investgrowth,PRULink InvestGrowth,Prudential,supported,structured,supported,4,prulink-investgrowth-e-top-up-charge | prulink-investgrowth-fund-switching | prulink-investgrowth-minimum-premium-schedule | prulink-investgrowth-withdrawals,4,Recurrent-single-premium paid-premium tracking remains informational only in V1. | Terminal-illness claim handling and death-benefit exclusions remain informational only beyond the modeled current ordinary death-benefit estimate. | Withdrawal administration and fund-switching mechanics remain informational only. | e-top-up reduced premium-charge and assurance-charge treatment remains informational only.,sgd-open-ended-cash: Terminal-illness claim handling and death-benefit exclusions remain informational only beyond the modeled current ordinary death-benefit estimate. || Recurrent-single-premium paid-premium tracking remains informational only in V1. || e-top-up reduced premium-charge and assurance-charge treatment remains informational only. || Withdrawal administration and fund-switching mechanics remain informational only. ;; sgd-open-ended-srs: Terminal-illness claim handling and death-benefit exclusions remain informational only beyond the modeled current ordinary death-benefit estimate. || Recurrent-single-premium paid-premium tracking remains informational only in V1. || e-top-up reduced premium-charge and assurance-charge treatment remains informational only. || Withdrawal administration and fund-switching mechanics remain informational only. ;; sgd-open-ended-cpf: Terminal-illness claim handling and death-benefit exclusions remain informational only beyond the modeled current ordinary death-benefit estimate. || Recurrent-single-premium paid-premium tracking remains informational only in V1. || e-top-up reduced premium-charge and assurance-charge treatment remains informational only. || Withdrawal administration and fund-switching mechanics remain informational only.
prudential-prulink-investgrowth-sp,PRULink InvestGrowth (SP),Prudential,supported,structured,supported,3,prulink-investgrowth-sp-e-top-up-charge | prulink-investgrowth-sp-fund-switching | prulink-investgrowth-sp-withdrawals,5,"Direct Income option mechanics remain informational only. | Single-premium principal tracking remains informational only in V1. | Terminal-illness claim handling, death-benefit exclusions, and cash Direct Income payout history remain informational only beyond the modeled current ordinary death-benefit estimate. | Withdrawal administration and fund-switching mechanics remain informational only. | e-top-up reduced premium-charge and assurance-charge treatment remains informational only.","sgd-open-ended-cash: Terminal-illness claim handling, death-benefit exclusions, and cash Direct Income payout history remain informational only beyond the modeled current ordinary death-benefit estimate. || Single-premium principal tracking remains informational only in V1. || e-top-up reduced premium-charge and assurance-charge treatment remains informational only. || Withdrawal administration and fund-switching mechanics remain informational only. ;; sgd-open-ended-srs: Terminal-illness claim handling, death-benefit exclusions, and cash Direct Income payout history remain informational only beyond the modeled current ordinary death-benefit estimate. || Single-premium principal tracking remains informational only in V1. || e-top-up reduced premium-charge and assurance-charge treatment remains informational only. || Withdrawal administration and fund-switching mechanics remain informational only. || Direct Income option mechanics remain informational only. ;; sgd-open-ended-cpf: Terminal-illness claim handling, death-benefit exclusions, and cash Direct Income payout history remain informational only beyond the modeled current ordinary death-benefit estimate. || Single-premium principal tracking remains informational only in V1. || e-top-up reduced premium-charge and assurance-charge treatment remains informational only. || Withdrawal administration and fund-switching mechanics remain informational only. || Direct Income option mechanics remain informational only."
prudential-pruvantage-prosper,PRUVantage Prosper,Prudential,supported,structured,supported,2,premium-pass-wealth-share-secondary-life-options | pruvantage-prosper-accidental-death-and-claim-exclusions,3,"Accidental-death pre-existing-condition / suicide exclusions and other death-claim settlement mechanics remain informational only beyond the modeled current ordinary and accidental-death benefit estimates. | Premium Pass, Wealth Share, and secondary-life/ownership options remain informational only. | The current-state death-benefit estimate needs a manual current amount owing input because current debt is not reconstructed from history in V1.","sgd-mip-5: The current-state death-benefit estimate needs a manual current amount owing input because current debt is not reconstructed from history in V1. || Accidental-death pre-existing-condition / suicide exclusions and other death-claim settlement mechanics remain informational only beyond the modeled current ordinary and accidental-death benefit estimates. || Premium Pass, Wealth Share, and secondary-life/ownership options remain informational only. ;; sgd-mip-10: The current-state death-benefit estimate needs a manual current amount owing input because current debt is not reconstructed from history in V1. || Accidental-death pre-existing-condition / suicide exclusions and other death-claim settlement mechanics remain informational only beyond the modeled current ordinary and accidental-death benefit estimates. || Premium Pass, Wealth Share, and secondary-life/ownership options remain informational only. ;; sgd-mip-15: The current-state death-benefit estimate needs a manual current amount owing input because current debt is not reconstructed from history in V1. || Accidental-death pre-existing-condition / suicide exclusions and other death-claim settlement mechanics remain informational only beyond the modeled current ordinary and accidental-death benefit estimates. || Premium Pass, Wealth Share, and secondary-life/ownership options remain informational only. ;; sgd-mip-20: The current-state death-benefit estimate needs a manual current amount owing input because current debt is not reconstructed from history in V1. || Accidental-death pre-existing-condition / suicide exclusions and other death-claim settlement mechanics remain informational only beyond the modeled current ordinary and accidental-death benefit estimates. || Premium Pass, Wealth Share, and secondary-life/ownership options remain informational only. ;; sgd-mip-25: The current-state death-benefit estimate needs a manual current amount owing input because current debt is not reconstructed from history in V1. || Accidental-death pre-existing-condition / suicide exclusions and other death-claim settlement mechanics remain informational only beyond the modeled current ordinary and accidental-death benefit estimates. || Premium Pass, Wealth Share, and secondary-life/ownership options remain informational only."
singlife-legacy-invest,Singlife Legacy Invest,Singlife,supported,structured,supported,6,singlife-legacy-invest-change-of-life-assured | singlife-legacy-invest-extension-benefit | singlife-legacy-invest-free-partial-withdrawal-benefit | singlife-legacy-invest-non-sgd-and-other-term-corridors | singlife-legacy-invest-regular-withdrawal-operational-constraints | singlife-legacy-invest-secondary-life-assured,10,"Cash-payment timing remains informational only. | Change of Life Assured, Secondary Life Assured, and policy-continuity mechanics remain informational only. | Extension Benefit elections and post-extension behavior remain informational only. | Free Partial Withdrawal Benefit life-stage gating, penalty-free sequencing, and withdrawal limits remain informational only. | Fund-level annual management charges and switching mechanics remain informational only. | Regular-withdrawal sub-fund selection, pending-transaction resumption, and operational constraints remain informational only. | Single-premium corridor, USD corridor, and other premium-term / policy-term combinations remain informational only. | Special Booster is modeled for the fully-paid 10-year regular-premium corridor, but any reduction for still-unpaid basic regular premiums due during the premium payment term remains informational only. | The current-state death-benefit estimate needs a manual current amount owing input because indebtedness is not reconstructed from history in V1. | The current-state terminal-illness benefit amount is modeled as an early payout of the current death-benefit estimate after manual current amount owing, but terminal-illness claim admission, exclusions, settlement, and post-claim policy effects remain informational only.","sgd-mip-10-term-15: Special Booster is modeled for the fully-paid 10-year regular-premium corridor, but any reduction for still-unpaid basic regular premiums due during the premium payment term remains informational only. || The current-state death-benefit estimate needs a manual current amount owing input because indebtedness is not reconstructed from history in V1. || The current-state terminal-illness benefit amount is modeled as an early payout of the current death-benefit estimate after manual current amount owing, but terminal-illness claim admission, exclusions, settlement, and post-claim policy effects remain informational only. || Extension Benefit elections and post-extension behavior remain informational only. || Free Partial Withdrawal Benefit life-stage gating, penalty-free sequencing, and withdrawal limits remain informational only. || Change of Life Assured, Secondary Life Assured, and policy-continuity mechanics remain informational only. || Cash-payment timing remains informational only. || Regular-withdrawal sub-fund selection, pending-transaction resumption, and operational constraints remain informational only. || Single-premium corridor, USD corridor, and other premium-term / policy-term combinations remain informational only. || Fund-level annual management charges and switching mechanics remain informational only."
singlife-savvy-invest-ii,Singlife Savvy Invest II,Singlife,supported,structured,supported,4,singlife-savvy-invest-ii-appendix-b-withdrawal-limits | singlife-savvy-invest-ii-change-of-life-assured | singlife-savvy-invest-ii-fund-management-and-switching | singlife-savvy-invest-ii-life-stage-benefit,6,"Allowable partial withdrawal amount limits from Appendix B remain informational only. | Change of Life Assured and rider continuity effects remain informational only. | Fund switching, fund-level annual management charges, and future non-guaranteed top-up-charge changes remain informational only. | Life Stage Benefit penalty waivers, timing windows, and allowable partial-withdrawal-limit overrides remain informational only. | The current-state death-benefit estimate needs a manual current amount owing input because indebtedness is not reconstructed from history in V1. | The current-state terminal-illness benefit amount is modeled as an early payout of the current death-benefit estimate after manual current amount owing, but terminal-illness claim admission, exclusions, settlement, and post-claim policy effects remain informational only.","sgd-mip-3-fixed: Life Stage Benefit penalty waivers, timing windows, and allowable partial-withdrawal-limit overrides remain informational only. || The current-state death-benefit estimate needs a manual current amount owing input because indebtedness is not reconstructed from history in V1. || The current-state terminal-illness benefit amount is modeled as an early payout of the current death-benefit estimate after manual current amount owing, but terminal-illness claim admission, exclusions, settlement, and post-claim policy effects remain informational only. || Change of Life Assured and rider continuity effects remain informational only. || Allowable partial withdrawal amount limits from Appendix B remain informational only. || Fund switching, fund-level annual management charges, and future non-guaranteed top-up-charge changes remain informational only. ;; sgd-mip-5-fixed: Life Stage Benefit penalty waivers, timing windows, and allowable partial-withdrawal-limit overrides remain informational only. || The current-state death-benefit estimate needs a manual current amount owing input because indebtedness is not reconstructed from history in V1. || The current-state terminal-illness benefit amount is modeled as an early payout of the current death-benefit estimate after manual current amount owing, but terminal-illness claim admission, exclusions, settlement, and post-claim policy effects remain informational only. || Change of Life Assured and rider continuity effects remain informational only. || Allowable partial withdrawal amount limits from Appendix B remain informational only. || Fund switching, fund-level annual management charges, and future non-guaranteed top-up-charge changes remain informational only. ;; sgd-mip-5-flexible: Life Stage Benefit penalty waivers, timing windows, and allowable partial-withdrawal-limit overrides remain informational only. || The current-state death-benefit estimate needs a manual current amount owing input because indebtedness is not reconstructed from history in V1. || The current-state terminal-illness benefit amount is modeled as an early payout of the current death-benefit estimate after manual current amount owing, but terminal-illness claim admission, exclusions, settlement, and post-claim policy effects remain informational only. || Change of Life Assured and rider continuity effects remain informational only. || Allowable partial withdrawal amount limits from Appendix B remain informational only. || Fund switching, fund-level annual management charges, and future non-guaranteed top-up-charge changes remain informational only. ;; sgd-mip-10-fixed: Life Stage Benefit penalty waivers, timing windows, and allowable partial-withdrawal-limit overrides remain informational only. || The current-state death-benefit estimate needs a manual current amount owing input because indebtedness is not reconstructed from history in V1. || The current-state terminal-illness benefit amount is modeled as an early payout of the current death-benefit estimate after manual current amount owing, but terminal-illness claim admission, exclusions, settlement, and post-claim policy effects remain informational only. || Change of Life Assured and rider continuity effects remain informational only. || Allowable partial withdrawal amount limits from Appendix B remain informational only. || Fund switching, fund-level annual management charges, and future non-guaranteed top-up-charge changes remain informational only. ;; sgd-mip-10-flexible: Life Stage Benefit penalty waivers, timing windows, and allowable partial-withdrawal-limit overrides remain informational only. || The current-state death-benefit estimate needs a manual current amount owing input because indebtedness is not reconstructed from history in V1. || The current-state terminal-illness benefit amount is modeled as an early payout of the current death-benefit estimate after manual current amount owing, but terminal-illness claim admission, exclusions, settlement, and post-claim policy effects remain informational only. || Change of Life Assured and rider continuity effects remain informational only. || Allowable partial withdrawal amount limits from Appendix B remain informational only. || Fund switching, fund-level annual management charges, and future non-guaranteed top-up-charge changes remain informational only. ;; sgd-mip-20-flexible: Life Stage Benefit penalty waivers, timing windows, and allowable partial-withdrawal-limit overrides remain informational only. || The current-state death-benefit estimate needs a manual current amount owing input because indebtedness is not reconstructed from history in V1. || The current-state terminal-illness benefit amount is modeled as an early payout of the current death-benefit estimate after manual current amount owing, but terminal-illness claim admission, exclusions, settlement, and post-claim policy effects remain informational only. || Change of Life Assured and rider continuity effects remain informational only. || Allowable partial withdrawal amount limits from Appendix B remain informational only. || Fund switching, fund-level annual management charges, and future non-guaranteed top-up-charge changes remain informational only."
tokio-marine-atlas-wealth,TM Atlas Wealth,Tokio Marine,supported,structured,supported,5,tokio-atlas-advanced-death-payout-handling | tokio-atlas-change-of-life-assured-administration | tokio-atlas-credit-card-charge | tokio-atlas-premium-holiday-lapse-state | tokio-atlas-regular-withdrawal-facility,2,"Advanced Death payout handling beyond the modeled current death-benefit estimate and Monthly Protection Charge, change-of-life-assured administration, premium-holiday lapse behavior, regular withdrawal, credit-card charge, and non-SGD or non-25-year corridors remain metadata-only. | Advanced Death selection, Monthly Protection Charge, change-of-life-assured administration, premium-holiday lapse behavior, regular withdrawal, credit-card charge, and non-SGD or non-25-year corridors remain metadata-only.","sgd-mip-25: Advanced Death selection, Monthly Protection Charge, change-of-life-assured administration, premium-holiday lapse behavior, regular withdrawal, credit-card charge, and non-SGD or non-25-year corridors remain metadata-only. ;; sgd-mip-25-advanced-death: Advanced Death payout handling beyond the modeled current death-benefit estimate and Monthly Protection Charge, change-of-life-assured administration, premium-holiday lapse behavior, regular withdrawal, credit-card charge, and non-SGD or non-25-year corridors remain metadata-only."
tokio-marine-wealth-enhancer-cpfis,TM Wealth Enhancer (CPFIS),Tokio Marine,supported,structured,supported,5,tokio-marine-wealth-enhancer-cpfis-accounting-and-custody-fees | tokio-marine-wealth-enhancer-cpfis-fund-management-fee | tokio-marine-wealth-enhancer-cpfis-fund-switching | tokio-marine-wealth-enhancer-cpfis-lapse-and-termination | tokio-marine-wealth-enhancer-cpfis-single-premium-policy-value-tracking,4,"Fund-level management fees and embedded custody or bank charges remain informational only because they are reflected through fund pricing rather than the policy charge surface. | Fund-switching behavior remains informational only. | Lapse, termination, and claim-side policy administration remain informational only. | Split single-premium and top-up policy-value history remains informational only beyond the modeled current ordinary death-benefit estimate.","sgd-open-ended-cpf: Split single-premium and top-up policy-value history remains informational only beyond the modeled current ordinary death-benefit estimate. || Fund-level management fees and embedded custody or bank charges remain informational only because they are reflected through fund pricing rather than the policy charge surface. || Fund-switching behavior remains informational only. || Lapse, termination, and claim-side policy administration remain informational only."
tokio-marine-affluence-atfuture,Affluence@Future,Tokio Marine,supported,structured,supported,7,tokio-affluence-atfuture-advanced-death-payout-handling | tokio-affluence-atfuture-change-of-life-assured-and-life-replacement-administration | tokio-affluence-atfuture-life-benefit-rider | tokio-affluence-atfuture-minimum-account-value-enforcement | tokio-affluence-atfuture-non-sgd-or-non-15-year-variants | tokio-affluence-atfuture-premium-holiday-state-handling | tokio-affluence-atfuture-regular-withdrawal-behavior,4,"Advanced Death payout handling beyond the modeled current death-benefit estimate and Monthly Protection Charge, Life Benefit Rider selection, and change-of-life-assured / life-replacement administration remain metadata-only for this product. | Advanced Death payout handling beyond the modeled current death-benefit estimate and Monthly Protection Charge, Life Benefit Rider termination / fallback handling, and change-of-life-assured / life-replacement administration remain metadata-only for this product. | Regular withdrawal behavior, minimum-account-value enforcement, premium holiday state handling, and non-SGD or non-15-year variants remain metadata-only for this product. | This basic-death corridor does not model Advanced Death selection, Life Benefit Rider selection, or Monthly Protection Charge; change-of-life-assured / life-replacement administration remains metadata-only for this product.","sgd-mip-15: This basic-death corridor does not model Advanced Death selection, Life Benefit Rider selection, or Monthly Protection Charge; change-of-life-assured / life-replacement administration remains metadata-only for this product. || Regular withdrawal behavior, minimum-account-value enforcement, premium holiday state handling, and non-SGD or non-15-year variants remain metadata-only for this product. ;; sgd-mip-15-advanced-death: Advanced Death payout handling beyond the modeled current death-benefit estimate and Monthly Protection Charge, Life Benefit Rider selection, and change-of-life-assured / life-replacement administration remain metadata-only for this product. || Regular withdrawal behavior, minimum-account-value enforcement, premium holiday state handling, and non-SGD or non-15-year variants remain metadata-only for this product. ;; sgd-mip-15-advanced-death-life-benefit-rider: Advanced Death payout handling beyond the modeled current death-benefit estimate and Monthly Protection Charge, Life Benefit Rider termination / fallback handling, and change-of-life-assured / life-replacement administration remain metadata-only for this product. || Regular withdrawal behavior, minimum-account-value enforcement, premium holiday state handling, and non-SGD or non-15-year variants remain metadata-only for this product."
tokio-marine-goclassic,#goClassic,Tokio Marine,supported,structured,supported,5,tokio-goclassic-advanced-death-payout-handling | tokio-goclassic-change-of-life-assured-administration | tokio-goclassic-credit-card-charge | tokio-goclassic-premium-holiday-lapse-state | tokio-goclassic-regular-withdrawal-facility,2,"Advanced Death Benefit selection, Monthly Protection Charge, premium-holiday lapse behavior, regular withdrawal, credit-card charge, change-of-life-assured administration, and non-SGD or non-25-year corridors remain metadata-only. | Advanced Death payout handling beyond the modeled current death-benefit estimate and Monthly Protection Charge, premium-holiday lapse behavior, regular withdrawal, credit-card charge, and change-of-life-assured administration remain metadata-only.","sgd-mip-25: Advanced Death Benefit selection, Monthly Protection Charge, premium-holiday lapse behavior, regular withdrawal, credit-card charge, change-of-life-assured administration, and non-SGD or non-25-year corridors remain metadata-only. ;; sgd-mip-25-advanced-death: Advanced Death payout handling beyond the modeled current death-benefit estimate and Monthly Protection Charge, premium-holiday lapse behavior, regular withdrawal, credit-card charge, and change-of-life-assured administration remain metadata-only."
tokio-marine-goclassic-secure,#goClassic Secure,Tokio Marine,supported,structured,supported,5,tokio-goclassic-secure-aggregation-limit | tokio-goclassic-secure-change-of-life-assured | tokio-goclassic-secure-credit-card-charge | tokio-goclassic-secure-premium-holiday-lapse-state | tokio-goclassic-secure-regular-withdrawal-facility,3,"Full death-benefit payout handling beyond the modeled current death-benefit estimate, change-of-life-assured administration, and exact future monthiversary ratchet timing remain outside the current engine boundary. | Locked-in Policy Value, Monthly Protection Charge, and the related Advanced Death behavior remain metadata-only on the Basic Death corridor. | Premium-holiday lapse behavior, regular withdrawal, credit-card charge, and non-SGD or non-25-year corridors remain metadata-only.","sgd-mip-25: Locked-in Policy Value, Monthly Protection Charge, and the related Advanced Death behavior remain metadata-only on the Basic Death corridor. || Premium-holiday lapse behavior, regular withdrawal, credit-card charge, and non-SGD or non-25-year corridors remain metadata-only. ;; sgd-mip-25-advanced-death: Full death-benefit payout handling beyond the modeled current death-benefit estimate, change-of-life-assured administration, and exact future monthiversary ratchet timing remain outside the current engine boundary. || Premium-holiday lapse behavior, regular withdrawal, credit-card charge, and non-SGD or non-25-year corridors remain metadata-only."
tokio-marine-goassure,#goAssure,Tokio Marine,supported,structured,supported,6,tokio-marine-goassure-dividend-payout-threshold | tokio-marine-goassure-guaranteed-extra-protection | tokio-marine-goassure-monthly-protection-charge | tokio-marine-goassure-third-party-charges | tokio-marine-goassure-waiver-of-partial-withdrawal-and-shortfall-charge | tokio-marine-goassure-wellness-bonus,5,"Credit-card charge, administrative charge nil surface, policy-currency-change charge nil surface, and third-party charges remain informational only. | Monthly Protection Charge, sum-at-risk formulas, Guaranteed Extra Protection, terminal-illness claim admission / exclusions / settlement, post-TPD continuation state, and broader protection-side claim behavior remain informational only. | The published $50 per-dividend minimum payout threshold, plus detailed dividend-payment processing and settlement handling, remain informational only. | Waiver of Partial Withdrawal Charge and/or Premium Shortfall Charge remains informational only. | Wellness Bonus remains informational only.","sgd-mip-10: Wellness Bonus remains informational only. || Waiver of Partial Withdrawal Charge and/or Premium Shortfall Charge remains informational only. || Monthly Protection Charge, sum-at-risk formulas, Guaranteed Extra Protection, terminal-illness claim admission / exclusions / settlement, post-TPD continuation state, and broader protection-side claim behavior remain informational only. || Credit-card charge, administrative charge nil surface, policy-currency-change charge nil surface, and third-party charges remain informational only. || The published $50 per-dividend minimum payout threshold, plus detailed dividend-payment processing and settlement handling, remain informational only."
tokio-marine-goelite,#goElite,Tokio Marine,supported,structured,supported,5,tokio-marine-goelite-accidental-death-claim-gates-and-cap-aggregation | tokio-marine-goelite-fund-level-and-third-party-charges | tokio-marine-goelite-multi-life-last-survivor | tokio-marine-goelite-non-resident-101-death-benefit | tokio-marine-goelite-rsp-and-top-up-eligibility-gating,4,"Fund management fee and third-party banking / currency-conversion charges remain informational only. | The non-resident 101% death-benefit corridor remains informational only. | The resident-corridor current accidental-death estimate also needs manual current age and current amount owing inputs; the age-75 cut-off is modeled, while residency and Singapore-location claim gates, the 180-day death timing rule, aggregate accidental-death cap handling, and multi-life last-survivor settlement remain informational only. | The resident-corridor current death benefit needs a manual current amount owing input because indebtedness is not reconstructed from history in V1.","sgd-open-ended-cash: The resident-corridor current death benefit needs a manual current amount owing input because indebtedness is not reconstructed from history in V1. || The resident-corridor current accidental-death estimate also needs manual current age and current amount owing inputs; the age-75 cut-off is modeled, while residency and Singapore-location claim gates, the 180-day death timing rule, aggregate accidental-death cap handling, and multi-life last-survivor settlement remain informational only. || The non-resident 101% death-benefit corridor remains informational only. || Fund management fee and third-party banking / currency-conversion charges remain informational only. ;; sgd-open-ended-srs: The resident-corridor current death benefit needs a manual current amount owing input because indebtedness is not reconstructed from history in V1. || The resident-corridor current accidental-death estimate also needs manual current age and current amount owing inputs; the age-75 cut-off is modeled, while residency and Singapore-location claim gates, the 180-day death timing rule, aggregate accidental-death cap handling, and multi-life last-survivor settlement remain informational only. || The non-resident 101% death-benefit corridor remains informational only. || Fund management fee and third-party banking / currency-conversion charges remain informational only."
tokio-marine-goelite-secure,#goElite Secure,Tokio Marine,supported,structured,supported,5,tokio-marine-goelite-secure-aggregation-limit | tokio-marine-goelite-secure-death-benefit-payout-handling | tokio-marine-goelite-secure-fund-level-and-third-party-charges | tokio-marine-goelite-secure-fund-switching | tokio-marine-goelite-secure-minimum-withdrawal-rules,3,"Death-benefit payout handling beyond the modeled current death-benefit estimate, aggregation-limit handling, and any policy action that changes the life assured remain informational only. | Fund management fee and third-party banking / currency-conversion charges remain informational only. | Fund-switching administration and user-requested reductions in Locked-in Policy Value remain informational only.","sgd-open-ended-cash: Death-benefit payout handling beyond the modeled current death-benefit estimate, aggregation-limit handling, and any policy action that changes the life assured remain informational only. || Fund management fee and third-party banking / currency-conversion charges remain informational only. || Fund-switching administration and user-requested reductions in Locked-in Policy Value remain informational only. ;; sgd-open-ended-srs: Death-benefit payout handling beyond the modeled current death-benefit estimate, aggregation-limit handling, and any policy action that changes the life assured remain informational only. || Fund management fee and third-party banking / currency-conversion charges remain informational only. || Fund-switching administration and user-requested reductions in Locked-in Policy Value remain informational only."
tokio-marine-goaffluence,#goAffluence,Tokio Marine,supported,structured,supported,4,tokio-goaffluence-accidental-death-claim-gates-and-premium-change-history | tokio-goaffluence-advanced-death-payout-life-benefit-rider-and-life-assured-administration | tokio-goaffluence-premium-holiday-and-non-sgd-or-non-15-year-variants | tokio-goaffluence-regular-withdrawal-and-partial-withdrawal-constraints,5,"Advanced Death payout handling beyond the modeled current death-benefit estimate and Monthly Protection Charge, Life Benefit Rider termination / fallback handling, dependent medical / retrenchment benefits, and change-of-life-assured administration remain metadata-only for this product. | Advanced Death payout handling beyond the modeled current death-benefit estimate and Monthly Protection Charge, together with Advanced Death Benefit with Life Benefit Rider, dependent medical / retrenchment benefits, and change-of-life-assured administration, remains metadata-only for this product. | Advanced Death selection, Monthly Protection Charge, Advanced Death Benefit with Life Benefit Rider, dependent medical / retrenchment benefits, and change-of-life-assured administration remain metadata-only for this product. | Regular withdrawal, partial-withdrawal limit and minimum-account-value constraints, premium holiday state handling, and non-SGD/premium-term variants remain metadata-only for this product. | The resident current accidental-death estimate before age 75 is modeled on the published annualised regular premium band, while double indemnity, 180-day timing, residency / Singapore-location claim gates, accidental-death last-life settlement, and premium-holiday / regular-premium-reduction history remain metadata-only for this product.","sgd-mip-15: Advanced Death selection, Monthly Protection Charge, Advanced Death Benefit with Life Benefit Rider, dependent medical / retrenchment benefits, and change-of-life-assured administration remain metadata-only for this product. || The resident current accidental-death estimate before age 75 is modeled on the published annualised regular premium band, while double indemnity, 180-day timing, residency / Singapore-location claim gates, accidental-death last-life settlement, and premium-holiday / regular-premium-reduction history remain metadata-only for this product. || Regular withdrawal, partial-withdrawal limit and minimum-account-value constraints, premium holiday state handling, and non-SGD/premium-term variants remain metadata-only for this product. ;; sgd-mip-15-advanced-death: Advanced Death payout handling beyond the modeled current death-benefit estimate and Monthly Protection Charge, together with Advanced Death Benefit with Life Benefit Rider, dependent medical / retrenchment benefits, and change-of-life-assured administration, remains metadata-only for this product. || The resident current accidental-death estimate before age 75 is modeled on the published annualised regular premium band, while double indemnity, 180-day timing, residency / Singapore-location claim gates, accidental-death last-life settlement, and premium-holiday / regular-premium-reduction history remain metadata-only for this product. || Regular withdrawal, partial-withdrawal limit and minimum-account-value constraints, premium holiday state handling, and non-SGD/premium-term variants remain metadata-only for this product. ;; sgd-mip-15-advanced-death-life-benefit-rider: Advanced Death payout handling beyond the modeled current death-benefit estimate and Monthly Protection Charge, Life Benefit Rider termination / fallback handling, dependent medical / retrenchment benefits, and change-of-life-assured administration remain metadata-only for this product. || The resident current accidental-death estimate before age 75 is modeled on the published annualised regular premium band, while double indemnity, 180-day timing, residency / Singapore-location claim gates, accidental-death last-life settlement, and premium-holiday / regular-premium-reduction history remain metadata-only for this product. || Regular withdrawal, partial-withdrawal limit and minimum-account-value constraints, premium holiday state handling, and non-SGD/premium-term variants remain metadata-only for this product."
tokio-marine-goluxe,#goLuxe,Tokio Marine,supported,structured,supported,4,tokio-goluxe-advanced-death-payout-handling | tokio-goluxe-change-of-life-assured-administration | tokio-goluxe-non-sgd-policy-currencies | tokio-goluxe-regular-withdrawal-facility,3,"Advanced Death payout handling beyond the modeled current death-benefit estimate and Monthly Protection Charge, and change-of-life-assured administration remain metadata-only for this product. | Advanced Death selection, Monthly Protection Charge, and change-of-life-assured administration remain metadata-only for this product. | Regular withdrawal, partial-withdrawal limit caps, and non-SGD policy currencies remain metadata-only for this product.","sgd-mip-15: Advanced Death selection, Monthly Protection Charge, and change-of-life-assured administration remain metadata-only for this product. || Regular withdrawal, partial-withdrawal limit caps, and non-SGD policy currencies remain metadata-only for this product. ;; sgd-mip-15-advanced-death: Advanced Death payout handling beyond the modeled current death-benefit estimate and Monthly Protection Charge, and change-of-life-assured administration remain metadata-only for this product. || Regular withdrawal, partial-withdrawal limit caps, and non-SGD policy currencies remain metadata-only for this product."
tokio-marine-gowealth-enrich,#goWealth Enrich,Tokio Marine,supported,structured,supported,5,tokio-marine-gowealth-enrich-accidental-death-claim-gates-and-cap-aggregation | tokio-marine-gowealth-enrich-fund-management-fee | tokio-marine-gowealth-enrich-principal-floor | tokio-marine-gowealth-enrich-switching-charge | tokio-marine-gowealth-enrich-third-party-charges,4,"Fund management fee, switching charge, and third-party banking / currency-conversion charges remain informational only. | Single-premium protection-state and principal-floor behavior remain informational only. | The non-resident 101% death-benefit corridor remains informational only. | The resident-corridor current accidental-death estimate also needs manual current age and current amount owing inputs; the age-75 cut-off is modeled, while residency and Singapore-location claim gates, the 180-day death timing rule, and aggregate accidental-death cap handling remain informational only.","sgd-open-ended-cash: The resident-corridor current accidental-death estimate also needs manual current age and current amount owing inputs; the age-75 cut-off is modeled, while residency and Singapore-location claim gates, the 180-day death timing rule, and aggregate accidental-death cap handling remain informational only. || The non-resident 101% death-benefit corridor remains informational only. || Single-premium protection-state and principal-floor behavior remain informational only. || Fund management fee, switching charge, and third-party banking / currency-conversion charges remain informational only."
tokio-marine-harvest-flexi,Harvest Flexi,Tokio Marine,supported,structured,supported,4,tokio-harvest-flexi-advanced-death-payout-handling | tokio-harvest-flexi-change-of-life-assured-and-life-replacement-administration | tokio-harvest-flexi-credit-card-charge | tokio-harvest-flexi-partial-withdrawal-limit-gates,4,"Advanced Death Benefit and Life Benefit Rider payout handling beyond the modeled current death-benefit estimate and Monthly Protection Charge, and change-of-life-assured / life-replacement administration remain metadata-only for this product. | Advanced Death Benefit payout handling beyond the modeled current death-benefit estimate and Monthly Protection Charge, Advanced Death Benefit with Life Benefit Rider selection, and change-of-life-assured / life-replacement administration remain metadata-only for this product. | Advanced Death Benefit selection, Advanced Death Benefit with Life Benefit Rider selection, Monthly Protection Charge, and life replacement administration remain metadata-only for this product. | Partial-withdrawal limit gates and credit-card charge remain metadata-only for this product.","sgd-mip-10: Advanced Death Benefit selection, Advanced Death Benefit with Life Benefit Rider selection, Monthly Protection Charge, and life replacement administration remain metadata-only for this product. || Partial-withdrawal limit gates and credit-card charge remain metadata-only for this product. ;; sgd-mip-10-advanced-death: Advanced Death Benefit payout handling beyond the modeled current death-benefit estimate and Monthly Protection Charge, Advanced Death Benefit with Life Benefit Rider selection, and change-of-life-assured / life-replacement administration remain metadata-only for this product. || Partial-withdrawal limit gates and credit-card charge remain metadata-only for this product. ;; sgd-mip-10-advanced-death-life-benefit-rider: Advanced Death Benefit and Life Benefit Rider payout handling beyond the modeled current death-benefit estimate and Monthly Protection Charge, and change-of-life-assured / life-replacement administration remain metadata-only for this product. || Partial-withdrawal limit gates and credit-card charge remain metadata-only for this product."
tokio-marine-harvest-builder-atfuture,Harvest Builder@Future,Tokio Marine,supported,structured,supported,6,tokio-harvest-builder-atfuture-advanced-death-benefit-payout-handling | tokio-harvest-builder-atfuture-credit-card-charge | tokio-harvest-builder-atfuture-life-replacement-administration | tokio-harvest-builder-atfuture-minimum-account-value-enforcement | tokio-harvest-builder-atfuture-regular-withdrawal-behavior | tokio-harvest-builder-atfuture-rider-premium-deduction-handling,3,"Advanced Death Benefit and Life Benefit Rider payout handling beyond the modeled current death-benefit estimate and Monthly Protection Charge, and life-replacement administration remain metadata-only for this product. | Advanced Death Benefit payout handling beyond the modeled current death-benefit estimate and Monthly Protection Charge, Life Benefit Rider, credit-card charge, life-replacement administration, regular withdrawal behavior, minimum-account-value enforcement, and rider premium-deduction handling remain metadata-only for this product. | Advanced Death Benefit selection, Life Benefit Rider, credit-card charge, life-replacement administration, regular withdrawal behavior, minimum-account-value enforcement, and rider premium-deduction handling remain metadata-only for this product.","sgd-mip-10: Advanced Death Benefit selection, Life Benefit Rider, credit-card charge, life-replacement administration, regular withdrawal behavior, minimum-account-value enforcement, and rider premium-deduction handling remain metadata-only for this product. ;; sgd-mip-10-advanced-death: Advanced Death Benefit payout handling beyond the modeled current death-benefit estimate and Monthly Protection Charge, Life Benefit Rider, credit-card charge, life-replacement administration, regular withdrawal behavior, minimum-account-value enforcement, and rider premium-deduction handling remain metadata-only for this product. ;; sgd-mip-10-advanced-death-life-benefit-rider: Advanced Death Benefit and Life Benefit Rider payout handling beyond the modeled current death-benefit estimate and Monthly Protection Charge, and life-replacement administration remain metadata-only for this product."
tokio-marine-harvest-max,Harvest Max,Tokio Marine,supported,structured,supported,4,tokio-harvest-max-advanced-death-payout-handling | tokio-harvest-max-capital-guarantee-option-and-life-benefit-rider-handling | tokio-harvest-max-change-of-life-assured-and-life-replacement-administration | tokio-harvest-max-credit-card-charge,5,"Advanced Death payout handling beyond the modeled current death-benefit estimate and Monthly Protection Charge, Life Benefit Rider termination / fallback handling, and change-of-life-assured / life-replacement administration remain metadata-only for this product. | Advanced Death payout handling beyond the modeled current death-benefit estimate and Monthly Protection Charge, and capital-guarantee / Life Benefit Rider handling remain metadata-only for this product. | Advanced Death selection, Monthly Protection Charge, and capital-guarantee / Life Benefit Rider handling remain metadata-only for this product. | Credit-card charge and add/remove/change-of-life-assured (life-replacement) administration remain metadata-only for this product. | Credit-card charge remain metadata-only for this product.","sgd-mip-15: Advanced Death selection, Monthly Protection Charge, and capital-guarantee / Life Benefit Rider handling remain metadata-only for this product. || Credit-card charge and add/remove/change-of-life-assured (life-replacement) administration remain metadata-only for this product. ;; sgd-mip-15-advanced-death: Advanced Death payout handling beyond the modeled current death-benefit estimate and Monthly Protection Charge, and capital-guarantee / Life Benefit Rider handling remain metadata-only for this product. || Credit-card charge and add/remove/change-of-life-assured (life-replacement) administration remain metadata-only for this product. ;; sgd-mip-15-advanced-death-life-benefit-rider: Advanced Death payout handling beyond the modeled current death-benefit estimate and Monthly Protection Charge, Life Benefit Rider termination / fallback handling, and change-of-life-assured / life-replacement administration remain metadata-only for this product. || Credit-card charge remain metadata-only for this product."
tokio-marine-harvest-pro,Harvest Pro,Tokio Marine,supported,structured,supported,2,tokio-harvest-pro-advanced-death-payout-handling | tokio-harvest-pro-change-of-life-assured-and-life-replacement-administration,3,"Advanced Death and Life Benefit Rider payout handling beyond the modeled current death-benefit estimate and Monthly Protection Charge, and change-of-life-assured / life-replacement administration remain metadata-only for this product. | Advanced Death payout handling beyond the modeled current death-benefit estimate and Monthly Protection Charge, Advanced Death with Life Benefit Rider selection, and change-of-life-assured / life-replacement administration remain metadata-only for this product. | Advanced Death selection, Advanced Death with Life Benefit Rider selection, Monthly Protection Charge, and life replacement administration remain metadata-only for this product.","sgd-mip-10: Advanced Death selection, Advanced Death with Life Benefit Rider selection, Monthly Protection Charge, and life replacement administration remain metadata-only for this product. ;; sgd-mip-10-advanced-death: Advanced Death payout handling beyond the modeled current death-benefit estimate and Monthly Protection Charge, Advanced Death with Life Benefit Rider selection, and change-of-life-assured / life-replacement administration remain metadata-only for this product. ;; sgd-mip-10-advanced-death-life-benefit-rider: Advanced Death and Life Benefit Rider payout handling beyond the modeled current death-benefit estimate and Monthly Protection Charge, and change-of-life-assured / life-replacement administration remain metadata-only for this product."
tokio-marine-wealth-flexi,Wealth Flexi,Tokio Marine,supported,structured,supported,2,tokio-wealth-flexi-advanced-death-payout-handling | tokio-wealth-flexi-change-of-life-assured-and-life-replacement-administration,3,"Advanced Death Benefit and Life Benefit Rider payout handling beyond the modeled current death-benefit estimate and Monthly Protection Charge, and change-of-life-assured / life-replacement administration remain metadata-only for this product. | Advanced Death Benefit payout handling beyond the modeled current death-benefit estimate and Monthly Protection Charge, Advanced Death Benefit with Life Benefit Rider selection, and change-of-life-assured / life-replacement administration remain metadata-only for this product. | Advanced Death Benefit selection, Advanced Death Benefit with Life Benefit Rider selection, and life replacement administration remain metadata-only for this product.","sgd-mip-10: Advanced Death Benefit selection, Advanced Death Benefit with Life Benefit Rider selection, and life replacement administration remain metadata-only for this product. ;; sgd-mip-10-advanced-death: Advanced Death Benefit payout handling beyond the modeled current death-benefit estimate and Monthly Protection Charge, Advanced Death Benefit with Life Benefit Rider selection, and change-of-life-assured / life-replacement administration remain metadata-only for this product. ;; sgd-mip-10-advanced-death-life-benefit-rider: Advanced Death Benefit and Life Benefit Rider payout handling beyond the modeled current death-benefit estimate and Monthly Protection Charge, and change-of-life-assured / life-replacement administration remain metadata-only for this product."
tokio-marine-wealth-flexi-link-3-12,Wealth Flexi-Link 3.12,Tokio Marine,supported,structured,supported,8,tokio-wealth-flexi-link-3-12-accidental-death-claim-gates-and-eligible-rider-value | tokio-wealth-flexi-link-3-12-advanced-death-benefit-payout-handling | tokio-wealth-flexi-link-3-12-advanced-death-benefit-selection | tokio-wealth-flexi-link-3-12-change-of-life-assured-and-life-replacement-administration | tokio-wealth-flexi-link-3-12-credit-card-charge | tokio-wealth-flexi-link-3-12-eligible-rider-fallback | tokio-wealth-flexi-link-3-12-involuntary-unemployment-waiver | tokio-wealth-flexi-link-3-12-regular-withdrawal-and-minimum-account-value-constraints,3,"Advanced Death Benefit payout handling beyond the modeled current death-benefit estimate and Monthly Protection Charge, eligible-rider fallback, involuntary unemployment waiver, credit-card charge, change-of-life-assured and life-replacement administration, regular withdrawal behavior, and minimum-account-value enforcement remain metadata-only for this product. | Advanced Death Benefit selection, eligible-rider fallback, involuntary unemployment waiver, credit-card charge, change-of-life-assured and life-replacement administration, regular withdrawal behavior, and minimum-account-value enforcement remain metadata-only for this product. | The resident-corridor current accidental-death estimate during the first policy year is modeled on current Accumulation Units Account value and explicit Accumulation Units Account withdrawal history only; eligible-rider value, residency / Singapore-location claim gates, the 180-day timing rule, accidental-death last-life settlement, and ambiguous prior partial-withdrawal account attribution remain metadata-only for this product.","sgd-mip-12: Advanced Death Benefit selection, eligible-rider fallback, involuntary unemployment waiver, credit-card charge, change-of-life-assured and life-replacement administration, regular withdrawal behavior, and minimum-account-value enforcement remain metadata-only for this product. || The resident-corridor current accidental-death estimate during the first policy year is modeled on current Accumulation Units Account value and explicit Accumulation Units Account withdrawal history only; eligible-rider value, residency / Singapore-location claim gates, the 180-day timing rule, accidental-death last-life settlement, and ambiguous prior partial-withdrawal account attribution remain metadata-only for this product. ;; sgd-mip-12-advanced-death: Advanced Death Benefit payout handling beyond the modeled current death-benefit estimate and Monthly Protection Charge, eligible-rider fallback, involuntary unemployment waiver, credit-card charge, change-of-life-assured and life-replacement administration, regular withdrawal behavior, and minimum-account-value enforcement remain metadata-only for this product. || The resident-corridor current accidental-death estimate during the first policy year is modeled on current Accumulation Units Account value and explicit Accumulation Units Account withdrawal history only; eligible-rider value, residency / Singapore-location claim gates, the 180-day timing rule, accidental-death last-life settlement, and ambiguous prior partial-withdrawal account attribution remain metadata-only for this product."
tokio-marine-wealth-flexi-link-5-10,Wealth Flexi-Link 5.10,Tokio Marine,supported,structured,supported,7,tokio-wealth-flexi-link-5-10-accidental-death-claim-gates-and-eligible-rider-value | tokio-wealth-flexi-link-5-10-advanced-death-benefit-payout-handling | tokio-wealth-flexi-link-5-10-advanced-death-benefit-selection | tokio-wealth-flexi-link-5-10-change-of-life-assured-and-life-replacement-administration | tokio-wealth-flexi-link-5-10-credit-card-charge | tokio-wealth-flexi-link-5-10-eligible-rider-fallback | tokio-wealth-flexi-link-5-10-involuntary-unemployment-waiver,3,"Advanced Death Benefit payout handling beyond the modeled current death-benefit estimate and Monthly Protection Charge, eligible-rider fallback, involuntary unemployment waiver, credit-card charge, and change-of-life-assured / life-replacement administration remain metadata-only for this product. | Advanced Death Benefit selection, eligible-rider fallback, involuntary unemployment waiver, credit-card charge, and change-of-life-assured / life-replacement administration remain metadata-only for this product. | The resident-corridor current accidental-death estimate during the first policy year is modeled on current Accumulation Units Account value and explicit Accumulation Units Account withdrawal history only; eligible-rider value, residency / Singapore-location claim gates, the 180-day timing rule, accidental-death last-life settlement, and ambiguous prior partial-withdrawal account attribution remain metadata-only for this product.","sgd-mip-10: Advanced Death Benefit selection, eligible-rider fallback, involuntary unemployment waiver, credit-card charge, and change-of-life-assured / life-replacement administration remain metadata-only for this product. || The resident-corridor current accidental-death estimate during the first policy year is modeled on current Accumulation Units Account value and explicit Accumulation Units Account withdrawal history only; eligible-rider value, residency / Singapore-location claim gates, the 180-day timing rule, accidental-death last-life settlement, and ambiguous prior partial-withdrawal account attribution remain metadata-only for this product. ;; sgd-mip-10-advanced-death: Advanced Death Benefit payout handling beyond the modeled current death-benefit estimate and Monthly Protection Charge, eligible-rider fallback, involuntary unemployment waiver, credit-card charge, and change-of-life-assured / life-replacement administration remain metadata-only for this product. || The resident-corridor current accidental-death estimate during the first policy year is modeled on current Accumulation Units Account value and explicit Accumulation Units Account withdrawal history only; eligible-rider value, residency / Singapore-location claim gates, the 180-day timing rule, accidental-death last-life settlement, and ambiguous prior partial-withdrawal account attribution remain metadata-only for this product."
tokio-marine-wealth-builder-atfuture,Wealth Builder@Future,Tokio Marine,supported,structured,supported,6,tokio-wealth-builder-atfuture-advanced-death-benefit-payout-handling | tokio-wealth-builder-atfuture-change-of-life-assured-and-life-replacement-administration | tokio-wealth-builder-atfuture-credit-card-charge | tokio-wealth-builder-atfuture-minimum-account-value-enforcement | tokio-wealth-builder-atfuture-regular-withdrawal-behavior | tokio-wealth-builder-atfuture-rider-premium-deduction-handling,3,"Advanced Death Benefit and Life Benefit Rider payout handling beyond the modeled current death-benefit estimate and Monthly Protection Charge, and change-of-life-assured / life-replacement administration remain metadata-only for this product. | Advanced Death Benefit payout handling beyond the modeled current death-benefit estimate and Monthly Protection Charge, Life Benefit Rider, credit-card charge, change-of-life-assured and life-replacement administration, regular withdrawal behavior, minimum-account-value enforcement, and rider premium-deduction handling remain metadata-only for this product. | Advanced Death Benefit selection, Life Benefit Rider, monthly protection charge, credit-card charge, change-of-life-assured and life-replacement administration, regular withdrawal behavior, minimum-account-value enforcement, and rider premium-deduction handling remain metadata-only for this product.","sgd-mip-10: Advanced Death Benefit selection, Life Benefit Rider, monthly protection charge, credit-card charge, change-of-life-assured and life-replacement administration, regular withdrawal behavior, minimum-account-value enforcement, and rider premium-deduction handling remain metadata-only for this product. ;; sgd-mip-10-advanced-death: Advanced Death Benefit payout handling beyond the modeled current death-benefit estimate and Monthly Protection Charge, Life Benefit Rider, credit-card charge, change-of-life-assured and life-replacement administration, regular withdrawal behavior, minimum-account-value enforcement, and rider premium-deduction handling remain metadata-only for this product. ;; sgd-mip-10-advanced-death-life-benefit-rider: Advanced Death Benefit and Life Benefit Rider payout handling beyond the modeled current death-benefit estimate and Monthly Protection Charge, and change-of-life-assured / life-replacement administration remain metadata-only for this product."
tokio-marine-wealth-max-ii,Wealth Max (II),Tokio Marine,supported,structured,supported,2,tokio-wealth-max-ii-advanced-death-payout-handling | tokio-wealth-max-ii-change-of-life-assured-and-life-replacement-administration,4,"Advanced Death and Life Benefit Rider payout handling beyond the modeled current death-benefit estimate and Monthly Protection Charge, and change-of-life-assured / life-replacement administration remain metadata-only for this product. | Advanced Death payout handling beyond the modeled current death-benefit estimate and Monthly Protection Charge, Advanced Death with Life Benefit Rider selection, and change-of-life-assured / life-replacement administration remain metadata-only for this product. | Advanced Death selection, Advanced Death with Life Benefit Rider selection, Monthly Protection Charge, and life replacement administration remain metadata-only for this product. | The published regular withdrawal facility remains informational only in V1.","sgd-mip-15: Advanced Death selection, Advanced Death with Life Benefit Rider selection, Monthly Protection Charge, and life replacement administration remain metadata-only for this product. || The published regular withdrawal facility remains informational only in V1. ;; sgd-mip-15-advanced-death: Advanced Death payout handling beyond the modeled current death-benefit estimate and Monthly Protection Charge, Advanced Death with Life Benefit Rider selection, and change-of-life-assured / life-replacement administration remain metadata-only for this product. || The published regular withdrawal facility remains informational only in V1. ;; sgd-mip-15-advanced-death-life-benefit-rider: Advanced Death and Life Benefit Rider payout handling beyond the modeled current death-benefit estimate and Monthly Protection Charge, and change-of-life-assured / life-replacement administration remain metadata-only for this product. || The published regular withdrawal facility remains informational only in V1."
tokio-marine-wealth-pro-ii,Wealth Pro (II),Tokio Marine,supported,structured,supported,2,tokio-wealth-pro-ii-advanced-death-payout-handling | tokio-wealth-pro-ii-change-of-life-assured-and-life-replacement-administration,4,"Advanced Death and Life Benefit Rider payout handling beyond the modeled current death-benefit estimate and Monthly Protection Charge, and change-of-life-assured / life-replacement administration remain metadata-only for this product. | Advanced Death payout handling beyond the modeled current death-benefit estimate and Monthly Protection Charge, Advanced Death with Life Benefit Rider selection, and change-of-life-assured / life-replacement administration remain metadata-only for this product. | Advanced Death selection, Advanced Death with Life Benefit Rider selection, Monthly Protection Charge, and life replacement administration remain metadata-only for this product. | Involuntary unemployment and hospitalisation benefit waiver remains metadata-only for this product.","sgd-mip-10: Advanced Death selection, Advanced Death with Life Benefit Rider selection, Monthly Protection Charge, and life replacement administration remain metadata-only for this product. || Involuntary unemployment and hospitalisation benefit waiver remains metadata-only for this product. ;; sgd-mip-10-advanced-death: Advanced Death payout handling beyond the modeled current death-benefit estimate and Monthly Protection Charge, Advanced Death with Life Benefit Rider selection, and change-of-life-assured / life-replacement administration remain metadata-only for this product. || Involuntary unemployment and hospitalisation benefit waiver remains metadata-only for this product. ;; sgd-mip-10-advanced-death-life-benefit-rider: Advanced Death and Life Benefit Rider payout handling beyond the modeled current death-benefit estimate and Monthly Protection Charge, and change-of-life-assured / life-replacement administration remain metadata-only for this product. || Involuntary unemployment and hospitalisation benefit waiver remains metadata-only for this product."
aia-pro-achiever-3,AIA Pro Achiever 3.0,AIA Singapore,supported,structured,supported,6,aia-pro-achiever-3-fund-management-charge | aia-pro-achiever-3-premium-holiday-charge | aia-pro-achiever-3-premium-pass | aia-pro-achiever-3-premium-reduction | aia-pro-achiever-3-premium-reward | aia-pro-achiever-3-secondary-insured-option,6,"Accidental-death claim admission / exclusions / settlement and secondary-insured handling remain informational only beyond the modeled current ordinary death-benefit estimate, current accidental-death uplift, and Appendix A Benefit Charge corridor. | Post-IIP cash-election operations and fund-level management charges remain informational only because they depend on the selected ILP sub-fund. | Premium Reduction Charge, Premium Reduction Policy Value, and Premium Reduction Top-Up units remain informational only. | Premium Reward remains informational only because it adds units and depends on paid-up and bonus-state conditions outside the current executable slice. | The uninterrupted-paid Supplementary Charge corridor is modeled, while Premium Holiday Charge and Premium Pass interactions still remain informational only because Premium Pass / missed-premium state is not modeled in this slice. | Top-up eligibility gating, fund switching, automatic fund switching, automatic fund re-balancing, and secondary insured handling remain informational only.","sgd-iip-10: Accidental-death claim admission / exclusions / settlement and secondary-insured handling remain informational only beyond the modeled current ordinary death-benefit estimate, current accidental-death uplift, and Appendix A Benefit Charge corridor. || The uninterrupted-paid Supplementary Charge corridor is modeled, while Premium Holiday Charge and Premium Pass interactions still remain informational only because Premium Pass / missed-premium state is not modeled in this slice. || Premium Reduction Charge, Premium Reduction Policy Value, and Premium Reduction Top-Up units remain informational only. || Premium Reward remains informational only because it adds units and depends on paid-up and bonus-state conditions outside the current executable slice. || Post-IIP cash-election operations and fund-level management charges remain informational only because they depend on the selected ILP sub-fund. || Top-up eligibility gating, fund switching, automatic fund switching, automatic fund re-balancing, and secondary insured handling remain informational only."
