insurer,sub_fund,fee_source_page,fee_source_locator,fee_source_url,fee_source_metric,fee_as_of_date,fee_verification_status,fee_verification_note
AIA,AIA Acorns of Asia Fund,12,docs/research/ilp-source-archive-2026-03-31/aia-annual-funds-report-2025.pdf,https://www.aia.com.sg/content/dam/sg-wise/en/docs/our-products/save-and-invest/aia-annual-funds-reports/annual/aia-annual-funds-report-2025.pdf,Expense Ratio,31 Dec 2025,verified_exact,Verified against archived PDF aia-annual-funds-report-2025.pdf
AIA,AIA Adventurous Index Fund,16,docs/research/ilp-source-archive-2026-03-31/aia-annual-funds-report-2025.pdf,https://www.aia.com.sg/content/dam/sg-wise/en/docs/our-products/save-and-invest/aia-annual-funds-reports/annual/aia-annual-funds-report-2025.pdf,Expense Ratio,31 Dec 2025,verified_exact,Verified against archived PDF aia-annual-funds-report-2025.pdf
AIA,AIA Adventurous Index Fund (USD),16,docs/research/ilp-source-archive-2026-03-31/aia-annual-funds-report-2025.pdf,https://www.aia.com.sg/content/dam/sg-wise/en/docs/our-products/save-and-invest/aia-annual-funds-reports/annual/aia-annual-funds-report-2025.pdf,Expense Ratio,31 Dec 2025,verified_exact,Verified against archived PDF aia-annual-funds-report-2025.pdf
AIA,AIA Elite Adventurous Fund,27,docs/research/ilp-source-archive-2026-03-31/aia-annual-funds-report-2025.pdf,https://www.aia.com.sg/content/dam/sg-wise/en/docs/our-products/save-and-invest/aia-annual-funds-reports/annual/aia-annual-funds-report-2025.pdf,Expense Ratio,31 Dec 2025,verified_exact,Verified against archived PDF aia-annual-funds-report-2025.pdf
AIA,AIA Elite Adventurous Fund (USD),27,docs/research/ilp-source-archive-2026-03-31/aia-annual-funds-report-2025.pdf,https://www.aia.com.sg/content/dam/sg-wise/en/docs/our-products/save-and-invest/aia-annual-funds-reports/annual/aia-annual-funds-report-2025.pdf,Expense Ratio,31 Dec 2025,verified_exact,Verified against archived PDF aia-annual-funds-report-2025.pdf
AIA,AIA Elite Balanced Fund,27,docs/research/ilp-source-archive-2026-03-31/aia-annual-funds-report-2025.pdf,https://www.aia.com.sg/content/dam/sg-wise/en/docs/our-products/save-and-invest/aia-annual-funds-reports/annual/aia-annual-funds-report-2025.pdf,Expense Ratio,31 Dec 2025,verified_exact,Verified against archived PDF aia-annual-funds-report-2025.pdf
AIA,AIA Elite Balanced Fund (USD),27,docs/research/ilp-source-archive-2026-03-31/aia-annual-funds-report-2025.pdf,https://www.aia.com.sg/content/dam/sg-wise/en/docs/our-products/save-and-invest/aia-annual-funds-reports/annual/aia-annual-funds-report-2025.pdf,Expense Ratio,31 Dec 2025,verified_exact,Verified against archived PDF aia-annual-funds-report-2025.pdf
AIA,AIA Elite Conservative Fund,27,docs/research/ilp-source-archive-2026-03-31/aia-annual-funds-report-2025.pdf,https://www.aia.com.sg/content/dam/sg-wise/en/docs/our-products/save-and-invest/aia-annual-funds-reports/annual/aia-annual-funds-report-2025.pdf,Expense Ratio,31 Dec 2025,verified_exact,Verified against archived PDF aia-annual-funds-report-2025.pdf
AIA,AIA Elite Conservative Fund (USD),27,docs/research/ilp-source-archive-2026-03-31/aia-annual-funds-report-2025.pdf,https://www.aia.com.sg/content/dam/sg-wise/en/docs/our-products/save-and-invest/aia-annual-funds-reports/annual/aia-annual-funds-report-2025.pdf,Expense Ratio,31 Dec 2025,verified_exact,Verified against archived PDF aia-annual-funds-report-2025.pdf
AIA,AIA Emerging Markets Balanced Fund,34,docs/research/ilp-source-archive-2026-03-31/aia-annual-funds-report-2025.pdf,https://www.aia.com.sg/content/dam/sg-wise/en/docs/our-products/save-and-invest/aia-annual-funds-reports/annual/aia-annual-funds-report-2025.pdf,Expense Ratio,31 Dec 2025,verified_exact,Verified against archived PDF aia-annual-funds-report-2025.pdf
AIA,AIA Emerging Markets Equity Fund,132,docs/research/ilp-source-archive-2026-03-31/aia-annual-funds-report-2025.pdf,https://www.aia.com.sg/content/dam/sg-wise/en/docs/our-products/save-and-invest/aia-annual-funds-reports/annual/aia-annual-funds-report-2025.pdf,Expense Ratio,31 Dec 2025,verified_exact,Verified against archived PDF aia-annual-funds-report-2025.pdf
AIA,AIA European Equity Fund,132,docs/research/ilp-source-archive-2026-03-31/aia-annual-funds-report-2025.pdf,https://www.aia.com.sg/content/dam/sg-wise/en/docs/our-products/save-and-invest/aia-annual-funds-reports/annual/aia-annual-funds-report-2025.pdf,Expense Ratio,31 Dec 2025,verified_exact,Verified against archived PDF aia-annual-funds-report-2025.pdf
AIA,AIA Global Adventurous Income Fund,44,docs/research/ilp-source-archive-2026-03-31/aia-annual-funds-report-2025.pdf,https://www.aia.com.sg/content/dam/sg-wise/en/docs/our-products/save-and-invest/aia-annual-funds-reports/annual/aia-annual-funds-report-2025.pdf,Expense Ratio,31 Dec 2025,verified_exact,Verified against archived PDF aia-annual-funds-report-2025.pdf
AIA,AIA Global Balanced Fund,52,docs/research/ilp-source-archive-2026-03-31/aia-annual-funds-report-2025.pdf,https://www.aia.com.sg/content/dam/sg-wise/en/docs/our-products/save-and-invest/aia-annual-funds-reports/annual/aia-annual-funds-report-2025.pdf,Expense Ratio,31 Dec 2025,verified_exact,Verified against archived PDF aia-annual-funds-report-2025.pdf
AIA,AIA Global Bond Fund,132,docs/research/ilp-source-archive-2026-03-31/aia-annual-funds-report-2025.pdf,https://www.aia.com.sg/content/dam/sg-wise/en/docs/our-products/save-and-invest/aia-annual-funds-reports/annual/aia-annual-funds-report-2025.pdf,Expense Ratio,31 Dec 2025,verified_exact,Verified against archived PDF aia-annual-funds-report-2025.pdf
AIA,AIA Global Dynamic Income Fund,62,docs/research/ilp-source-archive-2026-03-31/aia-annual-funds-report-2025.pdf,https://www.aia.com.sg/content/dam/sg-wise/en/docs/our-products/save-and-invest/aia-annual-funds-reports/annual/aia-annual-funds-report-2025.pdf,Expense Ratio,31 Dec 2025,verified_exact,Verified against archived PDF aia-annual-funds-report-2025.pdf
AIA,AIA Global Equity Fund,67,docs/research/ilp-source-archive-2026-03-31/aia-annual-funds-report-2025.pdf,https://www.aia.com.sg/content/dam/sg-wise/en/docs/our-products/save-and-invest/aia-annual-funds-reports/annual/aia-annual-funds-report-2025.pdf,Expense Ratio,31 Dec 2025,verified_exact,Verified against archived PDF aia-annual-funds-report-2025.pdf
AIA,AIA Global Property Returns Fund,71,docs/research/ilp-source-archive-2026-03-31/aia-annual-funds-report-2025.pdf,https://www.aia.com.sg/content/dam/sg-wise/en/docs/our-products/save-and-invest/aia-annual-funds-reports/annual/aia-annual-funds-report-2025.pdf,Expense Ratio,31 Dec 2025,verified_exact,Verified against archived PDF aia-annual-funds-report-2025.pdf
AIA,AIA Global Technology Fund,75,docs/research/ilp-source-archive-2026-03-31/aia-annual-funds-report-2025.pdf,https://www.aia.com.sg/content/dam/sg-wise/en/docs/our-products/save-and-invest/aia-annual-funds-reports/annual/aia-annual-funds-report-2025.pdf,Expense Ratio,31 Dec 2025,verified_exact,Verified against archived PDF aia-annual-funds-report-2025.pdf
AIA,AIA Greater China Balanced Fund,82,docs/research/ilp-source-archive-2026-03-31/aia-annual-funds-report-2025.pdf,https://www.aia.com.sg/content/dam/sg-wise/en/docs/our-products/save-and-invest/aia-annual-funds-reports/annual/aia-annual-funds-report-2025.pdf,Expense Ratio,31 Dec 2025,verified_exact,Verified against archived PDF aia-annual-funds-report-2025.pdf
AIA,AIA Greater China Equity Fund,82,docs/research/ilp-source-archive-2026-03-31/aia-annual-funds-report-2025.pdf,https://www.aia.com.sg/content/dam/sg-wise/en/docs/our-products/save-and-invest/aia-annual-funds-reports/annual/aia-annual-funds-report-2025.pdf,Expense Ratio,31 Dec 2025,verified_exact,Verified against archived PDF aia-annual-funds-report-2025.pdf
AIA,AIA Growth Fund,90,docs/research/ilp-source-archive-2026-03-31/aia-annual-funds-report-2025.pdf,https://www.aia.com.sg/content/dam/sg-wise/en/docs/our-products/save-and-invest/aia-annual-funds-reports/annual/aia-annual-funds-report-2025.pdf,Expense Ratio,31 Dec 2025,verified_exact,Verified against archived PDF aia-annual-funds-report-2025.pdf
AIA,AIA India Balanced Fund,97,docs/research/ilp-source-archive-2026-03-31/aia-annual-funds-report-2025.pdf,https://www.aia.com.sg/content/dam/sg-wise/en/docs/our-products/save-and-invest/aia-annual-funds-reports/annual/aia-annual-funds-report-2025.pdf,Expense Ratio,31 Dec 2025,verified_exact,Verified against archived PDF aia-annual-funds-report-2025.pdf
AIA,AIA India Equity Fund,102,docs/research/ilp-source-archive-2026-03-31/aia-annual-funds-report-2025.pdf,https://www.aia.com.sg/content/dam/sg-wise/en/docs/our-products/save-and-invest/aia-annual-funds-reports/annual/aia-annual-funds-report-2025.pdf,Expense Ratio,31 Dec 2025,verified_exact,Verified against archived PDF aia-annual-funds-report-2025.pdf
AIA,AIA India Opportunities Fund,97,docs/research/ilp-source-archive-2026-03-31/aia-annual-funds-report-2025.pdf,https://www.aia.com.sg/content/dam/sg-wise/en/docs/our-products/save-and-invest/aia-annual-funds-reports/annual/aia-annual-funds-report-2025.pdf,Expense Ratio,31 Dec 2025,verified_exact,Verified against archived PDF aia-annual-funds-report-2025.pdf
AIA,AIA International Health Care Fund,106,docs/research/ilp-source-archive-2026-03-31/aia-annual-funds-report-2025.pdf,https://www.aia.com.sg/content/dam/sg-wise/en/docs/our-products/save-and-invest/aia-annual-funds-reports/annual/aia-annual-funds-report-2025.pdf,Expense Ratio,31 Dec 2025,verified_exact,Verified against archived PDF aia-annual-funds-report-2025.pdf
AIA,AIA Japan Balanced Fund,113,docs/research/ilp-source-archive-2026-03-31/aia-annual-funds-report-2025.pdf,https://www.aia.com.sg/content/dam/sg-wise/en/docs/our-products/save-and-invest/aia-annual-funds-reports/annual/aia-annual-funds-report-2025.pdf,Expense Ratio,31 Dec 2025,verified_exact,Verified against archived PDF aia-annual-funds-report-2025.pdf
AIA,AIA Japan Equity Fund,132,docs/research/ilp-source-archive-2026-03-31/aia-annual-funds-report-2025.pdf,https://www.aia.com.sg/content/dam/sg-wise/en/docs/our-products/save-and-invest/aia-annual-funds-reports/annual/aia-annual-funds-report-2025.pdf,Expense Ratio,31 Dec 2025,verified_exact,Verified against archived PDF aia-annual-funds-report-2025.pdf
AIA,AIA Multi Select 30,132,docs/research/ilp-source-archive-2026-03-31/aia-annual-funds-report-2025.pdf,https://www.aia.com.sg/content/dam/sg-wise/en/docs/our-products/save-and-invest/aia-annual-funds-reports/annual/aia-annual-funds-report-2025.pdf,Expense Ratio,31 Dec 2025,verified_exact,Verified against archived PDF aia-annual-funds-report-2025.pdf
AIA,AIA Multi Select 50,132,docs/research/ilp-source-archive-2026-03-31/aia-annual-funds-report-2025.pdf,https://www.aia.com.sg/content/dam/sg-wise/en/docs/our-products/save-and-invest/aia-annual-funds-reports/annual/aia-annual-funds-report-2025.pdf,Expense Ratio,31 Dec 2025,verified_exact,Verified against archived PDF aia-annual-funds-report-2025.pdf
AIA,AIA Multi Select 70,132,docs/research/ilp-source-archive-2026-03-31/aia-annual-funds-report-2025.pdf,https://www.aia.com.sg/content/dam/sg-wise/en/docs/our-products/save-and-invest/aia-annual-funds-reports/annual/aia-annual-funds-report-2025.pdf,Expense Ratio,31 Dec 2025,verified_exact,Verified against archived PDF aia-annual-funds-report-2025.pdf
AIA,AIA Portfolio 100,123,docs/research/ilp-source-archive-2026-03-31/aia-annual-funds-report-2025.pdf,https://www.aia.com.sg/content/dam/sg-wise/en/docs/our-products/save-and-invest/aia-annual-funds-reports/annual/aia-annual-funds-report-2025.pdf,Expense Ratio,31 Dec 2025,verified_exact,Verified against archived PDF aia-annual-funds-report-2025.pdf
AIA,AIA Portfolio 30,123,docs/research/ilp-source-archive-2026-03-31/aia-annual-funds-report-2025.pdf,https://www.aia.com.sg/content/dam/sg-wise/en/docs/our-products/save-and-invest/aia-annual-funds-reports/annual/aia-annual-funds-report-2025.pdf,Expense Ratio,31 Dec 2025,verified_exact,Verified against archived PDF aia-annual-funds-report-2025.pdf
AIA,AIA Portfolio 50,123,docs/research/ilp-source-archive-2026-03-31/aia-annual-funds-report-2025.pdf,https://www.aia.com.sg/content/dam/sg-wise/en/docs/our-products/save-and-invest/aia-annual-funds-reports/annual/aia-annual-funds-report-2025.pdf,Expense Ratio,31 Dec 2025,verified_exact,Verified against archived PDF aia-annual-funds-report-2025.pdf
AIA,AIA Portfolio 70,123,docs/research/ilp-source-archive-2026-03-31/aia-annual-funds-report-2025.pdf,https://www.aia.com.sg/content/dam/sg-wise/en/docs/our-products/save-and-invest/aia-annual-funds-reports/annual/aia-annual-funds-report-2025.pdf,Expense Ratio,31 Dec 2025,verified_exact,Verified against archived PDF aia-annual-funds-report-2025.pdf
AIA,AIA Regional Equity Fund,136,docs/research/ilp-source-archive-2026-03-31/aia-annual-funds-report-2025.pdf,https://www.aia.com.sg/content/dam/sg-wise/en/docs/our-products/save-and-invest/aia-annual-funds-reports/annual/aia-annual-funds-report-2025.pdf,Expense Ratio,31 Dec 2025,verified_exact,Verified against archived PDF aia-annual-funds-report-2025.pdf
AIA,AIA Regional Fixed Income Fund,142,docs/research/ilp-source-archive-2026-03-31/aia-annual-funds-report-2025.pdf,https://www.aia.com.sg/content/dam/sg-wise/en/docs/our-products/save-and-invest/aia-annual-funds-reports/annual/aia-annual-funds-report-2025.pdf,Expense Ratio,31 Dec 2025,verified_exact,Verified against archived PDF aia-annual-funds-report-2025.pdf
AIA,AIA S$ Money Market Fund,146,docs/research/ilp-source-archive-2026-03-31/aia-annual-funds-report-2025.pdf,https://www.aia.com.sg/content/dam/sg-wise/en/docs/our-products/save-and-invest/aia-annual-funds-reports/annual/aia-annual-funds-report-2025.pdf,Expense Ratio,31 Dec 2025,verified_exact,Verified against archived PDF aia-annual-funds-report-2025.pdf
AIA,AIA Shariah Global Diversified Fund,150,docs/research/ilp-source-archive-2026-03-31/aia-annual-funds-report-2025.pdf,https://www.aia.com.sg/content/dam/sg-wise/en/docs/our-products/save-and-invest/aia-annual-funds-reports/annual/aia-annual-funds-report-2025.pdf,Expense Ratio,31 Dec 2025,verified_exact,Verified against archived PDF aia-annual-funds-report-2025.pdf
AIA,AIA Sustainable Multi-Thematic Fund,155,docs/research/ilp-source-archive-2026-03-31/aia-annual-funds-report-2025.pdf,https://www.aia.com.sg/content/dam/sg-wise/en/docs/our-products/save-and-invest/aia-annual-funds-reports/annual/aia-annual-funds-report-2025.pdf,Expense Ratio,31 Dec 2025,verified_exact,Verified against archived PDF aia-annual-funds-report-2025.pdf
AIA,AIA US Equity Fund,159,docs/research/ilp-source-archive-2026-03-31/aia-annual-funds-report-2025.pdf,https://www.aia.com.sg/content/dam/sg-wise/en/docs/our-products/save-and-invest/aia-annual-funds-reports/annual/aia-annual-funds-report-2025.pdf,Expense Ratio,31 Dec 2025,verified_exact,Verified against archived PDF aia-annual-funds-report-2025.pdf
Etiqa,AB American Growth Portfolio Fund - Class A SGD,7,docs/research/ilp-source-archive-2026-03-31/etiqa_fee_cache/427381efa2673d1f3481596e34d79c57.pdf,https://www.etiqa.com.sg/portfolio-funds-and-ilp-sub-funds,Management Fee,30 June 2025,verified_exact,Verified against archived PDF 427381efa2673d1f3481596e34d79c57.pdf
Etiqa,Abrdn All China Sustainable Equity Fund,3,docs/research/ilp-source-archive-2026-03-31/etiqa_fee_cache/d6f5aba1e0071b8cf2fb8a579746f5e4.pdf,https://www.etiqa.com.sg/portfolio-funds-and-ilp-sub-funds,Management Fee,,verified_exact,Verified against archived PDF d6f5aba1e0071b8cf2fb8a579746f5e4.pdf
Etiqa,Abrdn Global Dynamic Dividend Fund,3,docs/research/ilp-source-archive-2026-03-31/etiqa_fee_cache/db70bfaced587a2f00898e46a57d6a0e.pdf,https://www.etiqa.com.sg/wp-content/uploads/2022/03/Tiq-Invest-Product-Highlights-Sheet-Emerging-Markets-Bond-Fund.pdf,Management Fee,,verified_exact,Verified against archived PDF db70bfaced587a2f00898e46a57d6a0e.pdf
Etiqa,Alliance Bernstein American Income Portfolio Fund,7,docs/research/ilp-source-archive-2026-03-31/etiqa_fee_cache/427381efa2673d1f3481596e34d79c57.pdf,https://www.etiqa.com.sg/portfolio-funds-and-ilp-sub-funds,Management Fee,30 June 2025,verified_exact,Verified against archived PDF 427381efa2673d1f3481596e34d79c57.pdf
Etiqa,Allianz Income and Growth - Class AMi3 Dis (H2-SGD),1,docs/research/ilp-source-archive-2026-03-31/etiqa_fee_cache/3d88473b725e51eb9a073b96e49624b5.pdf,https://www.etiqa.com.sg/wp-content/uploads/2022/06/Allianz-Income-and-Growth-PHS.pdf,Expense Ratio,,verified_exact,Verified against archived PDF 3d88473b725e51eb9a073b96e49624b5.pdf
Etiqa,Amova ARK Disruptive Innovation Fund,3,docs/research/ilp-source-archive-2026-03-31/etiqa_fee_cache/30d020e104e4c8b55260c3398f2c6bdb.pdf,https://www.etiqa.com.sg/wp-content/uploads/2022/04/RP-ILP-Nikko-AM-ARK-PHS-Final.pdf,Management Fee,,verified_exact,Verified against archived PDF 30d020e104e4c8b55260c3398f2c6bdb.pdf
Etiqa,Ascend Asia Trust – Global Equity Fund,3,docs/research/ilp-source-archive-2026-03-31/etiqa_fee_cache/8ed026a93ce96f55b629744dcc1eff7f.pdf,https://www.etiqa.com.sg/wp-content/uploads/2023/10/FAM_Millenium_Equity_Fund_PHS.pdf,Management Fee,,verified_exact,Verified against archived PDF 8ed026a93ce96f55b629744dcc1eff7f.pdf
Etiqa,Asian Tiger Bond Fund,1,docs/research/ilp-source-archive-2026-03-31/etiqa_fee_cache/427381efa2673d1f3481596e34d79c57.pdf,https://www.etiqa.com.sg/portfolio-funds-and-ilp-sub-funds,Management Fee,,verified_exact,Verified against archived PDF 427381efa2673d1f3481596e34d79c57.pdf
Etiqa,BNP Paribas Aqua Fund Classic RH SGD MD Distribution,4,docs/research/ilp-source-archive-2026-03-31/etiqa_fee_cache/94e47a820527f92d534b55d9ce32239f.pdf,https://www.etiqa.com.sg/portfolio-funds-and-ilp-sub-funds,Management Fee,,verified_exact,Verified against archived PDF 94e47a820527f92d534b55d9ce32239f.pdf
Etiqa,Baillie Gifford Worldwide Asia ex Japan Fund,3,docs/research/ilp-source-archive-2026-03-31/etiqa_fee_cache/d6f5aba1e0071b8cf2fb8a579746f5e4.pdf,https://www.etiqa.com.sg/portfolio-funds-and-ilp-sub-funds,Management Fee,,verified_exact,Verified against archived PDF d6f5aba1e0071b8cf2fb8a579746f5e4.pdf
Etiqa,Baillie Gifford Worldwide Health Innovation Fund,3,docs/research/ilp-source-archive-2026-03-31/etiqa_fee_cache/9ed804f49972d6b445f915e46a08046e.pdf,https://www.etiqa.com.sg/wp-content/uploads/2022/03/RP-ILP-Baillie-Gifford-Worldwide-Health-Innovation-Fund-PHS-Final.pdf,Management Fee,,verified_exact,Verified against archived PDF 9ed804f49972d6b445f915e46a08046e.pdf
Etiqa,Baillie Gifford Worldwide Long Term Global Growth Fund,3,docs/research/ilp-source-archive-2026-03-31/etiqa_fee_cache/d7998440b6086698363ff4ad4820d3ea.pdf,https://www.etiqa.com.sg/portfolio-funds-and-ilp-sub-funds,Management Fee,,verified_exact,Verified against archived PDF d7998440b6086698363ff4ad4820d3ea.pdf
Etiqa,BlackRock Global Funds (“BGF”) ESG Global Bond Income Fund,9,docs/research/ilp-source-archive-2026-03-31/etiqa_fee_cache/fa7d75509b0bda042e640935d36e9812.pdf,https://www.etiqa.com.sg/portfolio-funds-and-ilp-sub-funds,Management Fee,,verified_exact,Verified against archived PDF fa7d75509b0bda042e640935d36e9812.pdf
Etiqa,BlackRock Global Funds (“BGF”) ESG Multi-Asset Fund,3,docs/research/ilp-source-archive-2026-03-31/etiqa_fee_cache/771071af8ecc3108d94d7349d9a9c46e.pdf,https://www.etiqa.com.sg/portfolio-funds-and-ilp-sub-funds,Management Fee,,verified_exact,Verified against archived PDF 771071af8ecc3108d94d7349d9a9c46e.pdf
Etiqa,BlackRock Global Funds (“BGF”) European Equity Income Fund,1,docs/research/ilp-source-archive-2026-03-31/etiqa_fee_cache/427381efa2673d1f3481596e34d79c57.pdf,https://www.etiqa.com.sg/portfolio-funds-and-ilp-sub-funds,Management Fee,,verified_exact,Verified against archived PDF 427381efa2673d1f3481596e34d79c57.pdf
Etiqa,BlackRock Global Funds (“BGF”) Global Bond Income Fund,9,docs/research/ilp-source-archive-2026-03-31/etiqa_fee_cache/fa7d75509b0bda042e640935d36e9812.pdf,https://www.etiqa.com.sg/portfolio-funds-and-ilp-sub-funds,Management Fee,,verified_exact,Verified against archived PDF fa7d75509b0bda042e640935d36e9812.pdf
Etiqa,BlackRock Global Funds (“BGF”) World Technology Fund,1,docs/research/ilp-source-archive-2026-03-31/etiqa_fee_cache/427381efa2673d1f3481596e34d79c57.pdf,https://www.etiqa.com.sg/portfolio-funds-and-ilp-sub-funds,Management Fee,,verified_exact,Verified against archived PDF 427381efa2673d1f3481596e34d79c57.pdf
Etiqa,Capital Group American Balanced Fund,7,docs/research/ilp-source-archive-2026-03-31/etiqa_fee_cache/427381efa2673d1f3481596e34d79c57.pdf,https://www.etiqa.com.sg/portfolio-funds-and-ilp-sub-funds,Management Fee,30 June 2025,verified_exact,Verified against archived PDF 427381efa2673d1f3481596e34d79c57.pdf
Etiqa,Eastspring Asian Low Volatility Equity Fund - Class A SDM,3,docs/research/ilp-source-archive-2026-03-31/etiqa_fee_cache/d6f5aba1e0071b8cf2fb8a579746f5e4.pdf,https://www.etiqa.com.sg/portfolio-funds-and-ilp-sub-funds,Management Fee,,verified_exact,Verified against archived PDF d6f5aba1e0071b8cf2fb8a579746f5e4.pdf
Etiqa,Eastspring Japan Dynamic Fund,7,docs/research/ilp-source-archive-2026-03-31/etiqa_fee_cache/427381efa2673d1f3481596e34d79c57.pdf,https://www.etiqa.com.sg/portfolio-funds-and-ilp-sub-funds,Management Fee,30 June 2025,verified_exact,Verified against archived PDF 427381efa2673d1f3481596e34d79c57.pdf
Etiqa,Emerging Markets Bond Fund,3,docs/research/ilp-source-archive-2026-03-31/etiqa_fee_cache/db70bfaced587a2f00898e46a57d6a0e.pdf,https://www.etiqa.com.sg/wp-content/uploads/2022/03/Tiq-Invest-Product-Highlights-Sheet-Emerging-Markets-Bond-Fund.pdf,Management Fee,,verified_exact,Verified against archived PDF db70bfaced587a2f00898e46a57d6a0e.pdf
Etiqa,FSSA Dividend Advantage Fund,3,docs/research/ilp-source-archive-2026-03-31/etiqa_fee_cache/59667a960145bbf423925a1325f7290d.pdf,https://www.etiqa.com.sg/portfolio-funds-and-ilp-sub-funds,Management Fee,,verified_exact,Verified against archived PDF 59667a960145bbf423925a1325f7290d.pdf
Etiqa,FSSA REGIONAL INDIA FUND - CLASS A (ACC) SGD,4,docs/research/ilp-source-archive-2026-03-31/etiqa_fee_cache/94e47a820527f92d534b55d9ce32239f.pdf,https://www.etiqa.com.sg/portfolio-funds-and-ilp-sub-funds,Management Fee,,verified_exact,Verified against archived PDF 94e47a820527f92d534b55d9ce32239f.pdf
Etiqa,FSSA Regional China Fund,3,docs/research/ilp-source-archive-2026-03-31/etiqa_fee_cache/d6f5aba1e0071b8cf2fb8a579746f5e4.pdf,https://www.etiqa.com.sg/portfolio-funds-and-ilp-sub-funds,Management Fee,,verified_exact,Verified against archived PDF d6f5aba1e0071b8cf2fb8a579746f5e4.pdf
Etiqa,Fidelity Funds - Global Technology Fund A-ACC-SGD,3,docs/research/ilp-source-archive-2026-03-31/etiqa_fee_cache/db70bfaced587a2f00898e46a57d6a0e.pdf,https://www.etiqa.com.sg/wp-content/uploads/2022/03/Tiq-Invest-Product-Highlights-Sheet-Emerging-Markets-Bond-Fund.pdf,Management Fee,,verified_exact,Verified against archived PDF db70bfaced587a2f00898e46a57d6a0e.pdf
Etiqa,First Sentier Bridge Fund,4,docs/research/ilp-source-archive-2026-03-31/etiqa_fee_cache/ae0cf8811274898c682d88df50c38365.pdf,https://www.etiqa.com.sg/portfolio-funds-and-ilp-sub-funds,Management Fee,,verified_exact,Verified against archived PDF ae0cf8811274898c682d88df50c38365.pdf
Etiqa,Franklin Shariah Technology Fund,3,docs/research/ilp-source-archive-2026-03-31/etiqa_fee_cache/79deadc857db2e107d2399c1c4937ddb.pdf,https://www.etiqa.com.sg/wp-content/uploads/2023/08/FSSA_RegionalChina_PHS.pdf,Management Fee,,verified_exact,Verified against archived PDF 79deadc857db2e107d2399c1c4937ddb.pdf
Etiqa,Fullerton Asia Absolute Alpha Fund,7,docs/research/ilp-source-archive-2026-03-31/etiqa_fee_cache/427381efa2673d1f3481596e34d79c57.pdf,https://www.etiqa.com.sg/portfolio-funds-and-ilp-sub-funds,Management Fee,30 June 2025,verified_exact,Verified against archived PDF 427381efa2673d1f3481596e34d79c57.pdf
Etiqa,Fullerton SGD Income Fund,9,docs/research/ilp-source-archive-2026-03-31/etiqa_fee_cache/fa7d75509b0bda042e640935d36e9812.pdf,https://www.etiqa.com.sg/portfolio-funds-and-ilp-sub-funds,Management Fee,,verified_exact,Verified against archived PDF fa7d75509b0bda042e640935d36e9812.pdf
Etiqa,Fundsmith Equity Fund,3,docs/research/ilp-source-archive-2026-03-31/etiqa_fee_cache/d6f5aba1e0071b8cf2fb8a579746f5e4.pdf,https://www.etiqa.com.sg/portfolio-funds-and-ilp-sub-funds,Management Fee,,verified_exact,Verified against archived PDF d6f5aba1e0071b8cf2fb8a579746f5e4.pdf
Etiqa,Global Investment Grade Credit Fund,1,docs/research/ilp-source-archive-2026-03-31/etiqa_fee_cache/427381efa2673d1f3481596e34d79c57.pdf,https://www.etiqa.com.sg/portfolio-funds-and-ilp-sub-funds,Management Fee,,verified_exact,Verified against archived PDF 427381efa2673d1f3481596e34d79c57.pdf
Etiqa,Lion-BIBDS Islamic Enhanced Liquidity Fund,3,docs/research/ilp-source-archive-2026-03-31/etiqa_fee_cache/8f9e5fd6c357b04db5e805a46bded680.pdf,https://www.etiqa.com.sg/portfolio-funds-and-ilp-sub-funds,Management Fee,,verified_exact,Verified against archived PDF 8f9e5fd6c357b04db5e805a46bded680.pdf
Etiqa,LionGlobal Infinity Global Stock Index Fund,3,docs/research/ilp-source-archive-2026-03-31/etiqa_fee_cache/a2439df11a96570a7f28b13bca656a59.pdf,https://www.etiqa.com.sg/portfolio-funds-and-ilp-sub-funds,Management Fee,,verified_exact,Verified against archived PDF a2439df11a96570a7f28b13bca656a59.pdf
Etiqa,LionGlobal Singapore Dividend Equity Fund,4,docs/research/ilp-source-archive-2026-03-31/etiqa_fee_cache/3f520d0056d1d290b4ec25d4a3da28b0.pdf,https://www.etiqa.com.sg/portfolio-funds-and-ilp-sub-funds,Management Fee,,verified_exact,Verified against archived PDF 3f520d0056d1d290b4ec25d4a3da28b0.pdf
Etiqa,LionGlobal Singapore Trust Fund,4,docs/research/ilp-source-archive-2026-03-31/etiqa_fee_cache/ae0cf8811274898c682d88df50c38365.pdf,https://www.etiqa.com.sg/portfolio-funds-and-ilp-sub-funds,Management Fee,,verified_exact,Verified against archived PDF ae0cf8811274898c682d88df50c38365.pdf
Etiqa,MAMG Global Sukuk Income-I,9,docs/research/ilp-source-archive-2026-03-31/etiqa_fee_cache/fa7d75509b0bda042e640935d36e9812.pdf,https://www.etiqa.com.sg/portfolio-funds-and-ilp-sub-funds,Management Fee,,verified_exact,Verified against archived PDF fa7d75509b0bda042e640935d36e9812.pdf
Etiqa,Maybank Asian Equity Fund,3,docs/research/ilp-source-archive-2026-03-31/etiqa_fee_cache/d6f5aba1e0071b8cf2fb8a579746f5e4.pdf,https://www.etiqa.com.sg/portfolio-funds-and-ilp-sub-funds,Management Fee,,verified_exact,Verified against archived PDF d6f5aba1e0071b8cf2fb8a579746f5e4.pdf
Etiqa,Maybank Asian Growth and Income (DIST),4,docs/research/ilp-source-archive-2026-03-31/etiqa_fee_cache/3f520d0056d1d290b4ec25d4a3da28b0.pdf,https://www.etiqa.com.sg/portfolio-funds-and-ilp-sub-funds,Management Fee,,verified_exact,Verified against archived PDF 3f520d0056d1d290b4ec25d4a3da28b0.pdf
Etiqa,Maybank Asian Growth and Income Fund,4,docs/research/ilp-source-archive-2026-03-31/etiqa_fee_cache/3f520d0056d1d290b4ec25d4a3da28b0.pdf,https://www.etiqa.com.sg/portfolio-funds-and-ilp-sub-funds,Management Fee,,verified_exact,Verified against archived PDF 3f520d0056d1d290b4ec25d4a3da28b0.pdf
Etiqa,Maybank Asian Growth and Income-I,4,docs/research/ilp-source-archive-2026-03-31/etiqa_fee_cache/3f520d0056d1d290b4ec25d4a3da28b0.pdf,https://www.etiqa.com.sg/portfolio-funds-and-ilp-sub-funds,Management Fee,,verified_exact,Verified against archived PDF 3f520d0056d1d290b4ec25d4a3da28b0.pdf
Etiqa,Maybank Asian Growth and Income-I (DIST),4,docs/research/ilp-source-archive-2026-03-31/etiqa_fee_cache/3f520d0056d1d290b4ec25d4a3da28b0.pdf,https://www.etiqa.com.sg/portfolio-funds-and-ilp-sub-funds,Management Fee,,verified_exact,Verified against archived PDF 3f520d0056d1d290b4ec25d4a3da28b0.pdf
Etiqa,Maybank Asian Income Fund,1,docs/research/ilp-source-archive-2026-03-31/etiqa_fee_cache/427381efa2673d1f3481596e34d79c57.pdf,https://www.etiqa.com.sg/portfolio-funds-and-ilp-sub-funds,Management Fee,,verified_exact,Verified against archived PDF 427381efa2673d1f3481596e34d79c57.pdf
Etiqa,Maybank Global Shariah Multi-Assets-I Fund,4,docs/research/ilp-source-archive-2026-03-31/etiqa_fee_cache/3f520d0056d1d290b4ec25d4a3da28b0.pdf,https://www.etiqa.com.sg/portfolio-funds-and-ilp-sub-funds,Management Fee,,verified_exact,Verified against archived PDF 3f520d0056d1d290b4ec25d4a3da28b0.pdf
Etiqa,Maybank SREIT Income Fund,4,docs/research/ilp-source-archive-2026-03-31/etiqa_fee_cache/3f520d0056d1d290b4ec25d4a3da28b0.pdf,https://www.etiqa.com.sg/portfolio-funds-and-ilp-sub-funds,Management Fee,,verified_exact,Verified against archived PDF 3f520d0056d1d290b4ec25d4a3da28b0.pdf
Etiqa,Moderate,6,docs/research/ilp-source-archive-2026-03-31/etiqa_fee_cache/427381efa2673d1f3481596e34d79c57.pdf,https://www.etiqa.com.sg/portfolio-funds-and-ilp-sub-funds,Fund Management Fee,,verified_exact,Verified against archived PDF 427381efa2673d1f3481596e34d79c57.pdf
Etiqa,PIMCO Income Fund,4,docs/research/ilp-source-archive-2026-03-31/etiqa_fee_cache/a80aadbef420f2d87320b75e853ba620.pdf,https://www.etiqa.com.sg/portfolio-funds-and-ilp-sub-funds,Management Fee,,verified_exact,Verified against archived PDF a80aadbef420f2d87320b75e853ba620.pdf
Etiqa,Pictet Premium Brands Fund,7,docs/research/ilp-source-archive-2026-03-31/etiqa_fee_cache/427381efa2673d1f3481596e34d79c57.pdf,https://www.etiqa.com.sg/portfolio-funds-and-ilp-sub-funds,Management Fee,30 June 2025,verified_exact,Verified against archived PDF 427381efa2673d1f3481596e34d79c57.pdf
Etiqa,PineBridge International Funds - Singapore Bond Fund,3,docs/research/ilp-source-archive-2026-03-31/etiqa_fee_cache/09ddfbba40ef52df2920ce179f5ba7c8.pdf,https://www.etiqa.com.sg/portfolio-funds-and-ilp-sub-funds,Management Fee,,verified_exact,Verified against archived PDF 09ddfbba40ef52df2920ce179f5ba7c8.pdf
Etiqa,SCHRODER AS COMMODITY A ACC SGD-H,7,docs/research/ilp-source-archive-2026-03-31/etiqa_fee_cache/427381efa2673d1f3481596e34d79c57.pdf,https://www.etiqa.com.sg/portfolio-funds-and-ilp-sub-funds,Management Fee,30 June 2025,verified_exact,Verified against archived PDF 427381efa2673d1f3481596e34d79c57.pdf
Etiqa,United Global Healthcare Fund,4,docs/research/ilp-source-archive-2026-03-31/etiqa_fee_cache/94e47a820527f92d534b55d9ce32239f.pdf,https://www.etiqa.com.sg/portfolio-funds-and-ilp-sub-funds,Management Fee,,verified_exact,Verified against archived PDF 94e47a820527f92d534b55d9ce32239f.pdf
Etiqa,United SGD Money Market Fund,4,docs/research/ilp-source-archive-2026-03-31/etiqa_fee_cache/76a214440a3dbe24fef629cfed7bab5b.pdf,https://www.etiqa.com.sg/portfolio-funds-and-ilp-sub-funds,Management Fee,,verified_exact,Verified against archived PDF 76a214440a3dbe24fef629cfed7bab5b.pdf
Etiqa,United Singapore Bond Fund,4,docs/research/ilp-source-archive-2026-03-31/etiqa_fee_cache/d1a7cd7a0930c98d19543bd35cfd8a2c.pdf,https://www.etiqa.com.sg/portfolio-funds-and-ilp-sub-funds,Management Fee,,verified_exact,Verified against archived PDF d1a7cd7a0930c98d19543bd35cfd8a2c.pdf
FWD,Allianz Best Styles Global Equity Fund SGDH Acc,,fwd-mifid.json::F000011X7Z::Mifid.OngoingCostActual,https://www.fwd.com.sg/personalised-financial-advice/fund-report/?currencyId=BAS&languageId=en-GB&id=F000011X7Z,OngoingCostActual,2025-09-30,verified_exact,Verified against archived official FWD/Morningstar Mifid payload
FWD,Allianz China A-Shares Fund SGD Acc,,fwd-mifid.json::F000014B62::Mifid.OngoingCostActual,https://www.fwd.com.sg/personalised-financial-advice/fund-report/?currencyId=BAS&languageId=en-GB&id=F000014B62,OngoingCostActual,2025-09-30,verified_exact,Verified against archived official FWD/Morningstar Mifid payload
FWD,Allianz China A-Shares Fund USD Acc,,fwd-mifid.json::F000014B63::Mifid.OngoingCostActual,https://www.fwd.com.sg/personalised-financial-advice/fund-report/?currencyId=BAS&languageId=en-GB&id=F000014B63,OngoingCostActual,2025-09-30,verified_exact,Verified against archived official FWD/Morningstar Mifid payload
FWD,Allianz Global High Yield Fund SGDH Dis,,fwd-mifid.json::F0000147TI::Mifid.OngoingCostActual,https://www.fwd.com.sg/personalised-financial-advice/fund-report/?currencyId=BAS&languageId=en-GB&id=F0000147TI,OngoingCostActual,2025-09-30,verified_exact,Verified against archived official FWD/Morningstar Mifid payload
FWD,Allianz Income and Growth Fund SGDH Dis,,fwd-mifid.json::F00000Q4B0::Mifid.OngoingCostActual,https://www.fwd.com.sg/personalised-financial-advice/fund-report/?currencyId=BAS&languageId=en-GB&id=F00000Q4B0,OngoingCostActual,2025-09-30,verified_exact,Verified against archived official FWD/Morningstar Mifid payload
FWD,Allianz Income and Growth Fund USD Dis,,fwd-mifid.json::F00000OXXD::Mifid.OngoingCostActual,https://www.fwd.com.sg/personalised-financial-advice/fund-report/?currencyId=BAS&languageId=en-GB&id=F00000OXXD,OngoingCostActual,2025-09-30,verified_exact,Verified against archived official FWD/Morningstar Mifid payload
FWD,Allianz Thematica Fund SGDH Acc,,fwd-mifid.json::F000013Y71::Mifid.OngoingCostActual,https://www.fwd.com.sg/personalised-financial-advice/fund-report/?currencyId=BAS&languageId=en-GB&id=F000013Y71,OngoingCostActual,2025-09-30,verified_exact,Verified against archived official FWD/Morningstar Mifid payload
FWD,Allspring Global Equity Enhanced Income Fund SGDH Dis,,fwd-mifid.json::F00001CHI5::Mifid.OngoingCostActual,https://www.fwd.com.sg/personalised-financial-advice/fund-report/?currencyId=BAS&languageId=en-GB&id=F00001CHI5,OngoingCostActual,2025-12-31,verified_exact,Verified against archived official FWD/Morningstar Mifid payload
FWD,Amova ARK Disruptive Innovation Fund SGD Acc,,fwd-mifid.json::F000011KPZ::Mifid.OngoingCostActual,https://www.fwd.com.sg/personalised-financial-advice/fund-report/?currencyId=BAS&languageId=en-GB&id=F000011KPZ,OngoingCostActual,2025-12-31,verified_exact,Verified against archived official FWD/Morningstar Mifid payload
FWD,Amova Singapore Dividend Equity Fund SGD Dis,,fwd-screener-page1-100.json::F0HKG062LS::ActualManagementFee,https://www.fwd.com.sg/personalised-financial-advice/fund-report/?currencyId=BAS&languageId=en-GB&id=F0HKG062LS,ActualManagementFee,2026-03-30,verified_exact,Verified against archived official FWD screener payload because ongoing cost was not exposed
FWD,Ascend Asia Global Equity Fund SGDH Dis^,,fwd-screener-page1-100.json::F000017086::ActualManagementFee,https://www.fwd.com.sg/personalised-financial-advice/fund-report/?currencyId=BAS&languageId=en-GB&id=F000017086,ActualManagementFee,2026-03-27,verified_exact,Verified against archived official FWD screener payload because ongoing cost was not exposed
FWD,Ascend Asia Global Multi Asset Growth Fund SGDH Acc^,,fwd-screener-page1-100.json::F000017085::ActualManagementFee,https://www.fwd.com.sg/personalised-financial-advice/fund-report/?currencyId=BAS&languageId=en-GB&id=F000017085,ActualManagementFee,2026-03-27,verified_exact,Verified against archived official FWD screener payload because ongoing cost was not exposed
FWD,Ascend Asia Global Multi Asset Income Fund SGDH Dis^,,fwd-screener-page1-100.json::F000017084::ActualManagementFee,https://www.fwd.com.sg/personalised-financial-advice/fund-report/?currencyId=BAS&languageId=en-GB&id=F000017084,ActualManagementFee,2026-03-27,verified_exact,Verified against archived official FWD screener payload because ongoing cost was not exposed
FWD,Baillie Gifford WW Asia ex Japan Fund SGD Acc,,fwd-mifid.json::F00001DO95::Mifid.OngoingCostActual,https://www.fwd.com.sg/personalised-financial-advice/fund-report/?currencyId=BAS&languageId=en-GB&id=F00001DO95,OngoingCostActual,2025-12-31,verified_exact,Verified against archived official FWD/Morningstar Mifid payload
FWD,Baillie Gifford WW Long Term Global Growth Fund SGD Acc,,fwd-mifid.json::F0000125AA::Mifid.OngoingCostActual,https://www.fwd.com.sg/personalised-financial-advice/fund-report/?currencyId=BAS&languageId=en-GB&id=F0000125AA,OngoingCostActual,2025-12-31,verified_exact,Verified against archived official FWD/Morningstar Mifid payload
FWD,Baillie Gifford WW US Equity Growth Fund USD Acc,,fwd-mifid.json::F000014LH9::Mifid.OngoingCostActual,https://www.fwd.com.sg/personalised-financial-advice/fund-report/?currencyId=BAS&languageId=en-GB&id=F000014LH9,OngoingCostActual,2025-12-31,verified_exact,Verified against archived official FWD/Morningstar Mifid payload
FWD,CGWM Opportunity Fund SGDH Acc,,fwd-mifid.json::F000011JB4::Mifid.OngoingCostActual,https://www.fwd.com.sg/personalised-financial-advice/fund-report/?currencyId=BAS&languageId=en-GB&id=F000011JB4,OngoingCostActual,2026-01-30,verified_exact,Verified against archived official FWD/Morningstar Mifid payload
FWD,FSSA Dividend Advantage Fund SGD Dis,,fwd-screener-page1-100.json::F0HKG062MZ::ActualManagementFee,https://www.fwd.com.sg/personalised-financial-advice/fund-report/?currencyId=BAS&languageId=en-GB&id=F0HKG062MZ,ActualManagementFee,2026-03-27,verified_exact,Verified against archived official FWD screener payload because ongoing cost was not exposed
FWD,Federated Hermes Global Emerging Markets Fund SGD Acc,,fwd-mifid.json::F00000XZIX::Mifid.OngoingCostActual,https://www.fwd.com.sg/personalised-financial-advice/fund-report/?currencyId=BAS&languageId=en-GB&id=F00000XZIX,OngoingCostActual,2025-09-30,verified_exact,Verified against archived official FWD/Morningstar Mifid payload
FWD,Fidelity Asia Equity ESG Fund SGD Dis,,fwd-mifid.json::FOGBR05TVV::Mifid.OngoingCostActual,https://www.fwd.com.sg/personalised-financial-advice/fund-report/?currencyId=BAS&languageId=en-GB&id=FOGBR05TVV,OngoingCostActual,2026-01-31,verified_exact,Verified against archived official FWD/Morningstar Mifid payload
FWD,Fidelity Asia Equity ESG Fund USD Dis,,fwd-mifid.json::F0GBR04D1Q::Mifid.OngoingCostActual,https://www.fwd.com.sg/personalised-financial-advice/fund-report/?currencyId=BAS&languageId=en-GB&id=F0GBR04D1Q,OngoingCostActual,2026-01-31,verified_exact,Verified against archived official FWD/Morningstar Mifid payload
FWD,Fidelity Global Healthcare Fund EUR Dis,,fwd-mifid.json::F0GBR04EBS::Mifid.OngoingCostActual,https://www.fwd.com.sg/personalised-financial-advice/fund-report/?currencyId=BAS&languageId=en-GB&id=F0GBR04EBS,OngoingCostActual,2026-01-31,verified_exact,Verified against archived official FWD/Morningstar Mifid payload
FWD,Fidelity Global Healthcare Fund USD Acc,,fwd-mifid.json::F00000PPKH::Mifid.OngoingCostActual,https://www.fwd.com.sg/personalised-financial-advice/fund-report/?currencyId=BAS&languageId=en-GB&id=F00000PPKH,OngoingCostActual,2026-01-31,verified_exact,Verified against archived official FWD/Morningstar Mifid payload
FWD,Fidelity Global Technology Fund SGDH Acc,,fwd-mifid.json::F00001H978::Mifid.OngoingCostActual,https://www.fwd.com.sg/personalised-financial-advice/fund-report/?currencyId=BAS&languageId=en-GB&id=F00001H978,OngoingCostActual,2026-01-31,verified_exact,Verified against archived official FWD/Morningstar Mifid payload
FWD,First Sentier Bridge Fund SGDH Dis,,fwd-screener-page1-100.json::F0HKG062MY::ActualManagementFee,https://www.fwd.com.sg/personalised-financial-advice/fund-report/?currencyId=BAS&languageId=en-GB&id=F0HKG062MY,ActualManagementFee,2026-03-27,verified_exact,Verified against archived official FWD screener payload because ongoing cost was not exposed
FWD,Franklin US Opportunities Fund SGDH Acc,,fwd-mifid.json::F00000N27C::Mifid.OngoingCostActual,https://www.fwd.com.sg/personalised-financial-advice/fund-report/?currencyId=BAS&languageId=en-GB&id=F00000N27C,OngoingCostActual,2026-01-31,verified_exact,Verified against archived official FWD/Morningstar Mifid payload
FWD,Fullerton Cash Fund SGD Acc,,fwd-screener-page1-100.json::F000002QK7::ActualManagementFee,https://www.fwd.com.sg/personalised-financial-advice/fund-report/?currencyId=BAS&languageId=en-GB&id=F000002QK7,ActualManagementFee,2026-03-31,verified_exact,Verified against archived official FWD screener payload because ongoing cost was not exposed
FWD,Fullerton Lux Flexible Credit Income Fund SGDH Dis,,fwd-mifid.json::F00001KR4H::Mifid.OngoingCostActual,https://www.fwd.com.sg/personalised-financial-advice/fund-report/?currencyId=BAS&languageId=en-GB&id=F00001KR4H,OngoingCostActual,2024-12-31,verified_exact,Verified against archived official FWD/Morningstar Mifid payload
FWD,Fundsmith Equity Fund EUR Acc,,fwd-mifid.json::F00000O9HI::Mifid.OngoingCostActual,https://www.fwd.com.sg/personalised-financial-advice/fund-report/?currencyId=BAS&languageId=en-GB&id=F00000O9HI,OngoingCostActual,2025-12-31,verified_exact,Verified against archived official FWD/Morningstar Mifid payload
FWD,GS Europe CORE Equity Fund EUR Acc,,fwd-mifid.json::F0GBR063MT::Mifid.OngoingCostActual,https://www.fwd.com.sg/personalised-financial-advice/fund-report/?currencyId=BAS&languageId=en-GB&id=F0GBR063MT,OngoingCostActual,2025-11-28,verified_exact,Verified against archived official FWD/Morningstar Mifid payload
FWD,GS Global Credit (Hedged) Fund USD Acc,,fwd-mifid.json::F0GBR069UP::Mifid.OngoingCostActual,https://www.fwd.com.sg/personalised-financial-advice/fund-report/?currencyId=BAS&languageId=en-GB&id=F0GBR069UP,OngoingCostActual,2025-11-28,verified_exact,Verified against archived official FWD/Morningstar Mifid payload
FWD,GS Global Future Generations Equity Fund SGD Acc,,fwd-mifid.json::F00001644G::Mifid.OngoingCostActual,https://www.fwd.com.sg/personalised-financial-advice/fund-report/?currencyId=BAS&languageId=en-GB&id=F00001644G,OngoingCostActual,2025-11-28,verified_exact,Verified against archived official FWD/Morningstar Mifid payload
FWD,Guinness Global Equity Income Fund USD Acc,,fwd-mifid.json::F00000VFI4::Mifid.OngoingCostActual,https://www.fwd.com.sg/personalised-financial-advice/fund-report/?currencyId=BAS&languageId=en-GB&id=F00000VFI4,OngoingCostActual,2025-06-30,verified_exact,Verified against archived official FWD/Morningstar Mifid payload
FWD,Guinness Global Innovators Fund USD Acc,,fwd-mifid.json::F00000UNFH::Mifid.OngoingCostActual,https://www.fwd.com.sg/personalised-financial-advice/fund-report/?currencyId=BAS&languageId=en-GB&id=F00000UNFH,OngoingCostActual,2025-06-30,verified_exact,Verified against archived official FWD/Morningstar Mifid payload
FWD,Infinity US 500 Stock Index Fund SGD Acc,,fwd-screener-page1-100.json::F0HKG062P2::ActualManagementFee,https://www.fwd.com.sg/personalised-financial-advice/fund-report/?currencyId=BAS&languageId=en-GB&id=F0HKG062P2,ActualManagementFee,2026-03-30,verified_exact,Verified against archived official FWD screener payload because ongoing cost was not exposed
FWD,Infinity US 500 Stock Index Fund USD Acc,,fwd-screener-page1-100.json::F0HKG062P3::ActualManagementFee,https://www.fwd.com.sg/personalised-financial-advice/fund-report/?currencyId=BAS&languageId=en-GB&id=F0HKG062P3,ActualManagementFee,2026-03-30,verified_exact,Verified against archived official FWD screener payload because ongoing cost was not exposed
FWD,Invesco Global Income Fund SGDH Dis,,fwd-mifid.json::F000014WEF::Mifid.OngoingCostActual,https://www.fwd.com.sg/personalised-financial-advice/fund-report/?currencyId=BAS&languageId=en-GB&id=F000014WEF,OngoingCostActual,2025-12-31,verified_exact,Verified against archived official FWD/Morningstar Mifid payload
FWD,Invesco Global Income Fund USDH Dis,,fwd-mifid.json::F000014WEE::Mifid.OngoingCostActual,https://www.fwd.com.sg/personalised-financial-advice/fund-report/?currencyId=BAS&languageId=en-GB&id=F000014WEE,OngoingCostActual,2025-12-31,verified_exact,Verified against archived official FWD/Morningstar Mifid payload
FWD,Lazard Emerging Markets Equity Fund USD Acc,,fwd-mifid.json::F00000SFO6::Mifid.OngoingCostActual,https://www.fwd.com.sg/personalised-financial-advice/fund-report/?currencyId=BAS&languageId=en-GB&id=F00000SFO6,OngoingCostActual,2025-12-31,verified_exact,Verified against archived official FWD/Morningstar Mifid payload
FWD,Lion Global China Growth Fund SGD Acc,,fwd-screener-page1-100.json::F0HKG062P9::ActualManagementFee,https://www.fwd.com.sg/personalised-financial-advice/fund-report/?currencyId=BAS&languageId=en-GB&id=F0HKG062P9,ActualManagementFee,2026-03-30,verified_exact,Verified against archived official FWD screener payload because ongoing cost was not exposed
FWD,Lion Global SGD Money Market Fund Acc,,fwd-screener-page1-100.json::F0HKG062PV::ActualManagementFee,https://www.fwd.com.sg/personalised-financial-advice/fund-report/?currencyId=BAS&languageId=en-GB&id=F0HKG062PV,ActualManagementFee,2026-03-30,verified_exact,Verified against archived official FWD screener payload because ongoing cost was not exposed
FWD,ND Emerging Sustainable Stars Equity Fund USD Acc,,fwd-mifid.json::F00000MCQL::Mifid.OngoingCostActual,https://www.fwd.com.sg/personalised-financial-advice/fund-report/?currencyId=BAS&languageId=en-GB&id=F00000MCQL,OngoingCostActual,2026-02-28,verified_exact,Verified against archived official FWD/Morningstar Mifid payload
FWD,Natixis Loomis Sayles US Growth Equity Fund SGD Acc,,fwd-mifid.json::F00000ZCUT::Mifid.OngoingCostActual,https://www.fwd.com.sg/personalised-financial-advice/fund-report/?currencyId=BAS&languageId=en-GB&id=F00000ZCUT,OngoingCostActual,2025-12-31,verified_exact,Verified against archived official FWD/Morningstar Mifid payload
FWD,Natixis Thematics Subscription Economy Fund SGDH Acc,,fwd-mifid.json::F000016D8N::Mifid.OngoingCostActual,https://www.fwd.com.sg/personalised-financial-advice/fund-report/?currencyId=BAS&languageId=en-GB&id=F000016D8N,OngoingCostActual,2025-12-31,verified_exact,Verified against archived official FWD/Morningstar Mifid payload
FWD,Neuberger Berman Emerging Market Debt Hard Currency Fund USD Acc,,fwd-mifid.json::F00000Q0UD::Mifid.OngoingCostActual,https://www.fwd.com.sg/personalised-financial-advice/fund-report/?currencyId=BAS&languageId=en-GB&id=F00000Q0UD,OngoingCostActual,2026-01-31,verified_exact,Verified against archived official FWD/Morningstar Mifid payload
FWD,Neuberger Berman Strategic Income Fund SGDH Dis,,fwd-mifid.json::F00000VEN2::Mifid.OngoingCostActual,https://www.fwd.com.sg/personalised-financial-advice/fund-report/?currencyId=BAS&languageId=en-GB&id=F00000VEN2,OngoingCostActual,2026-01-31,verified_exact,Verified against archived official FWD/Morningstar Mifid payload
FWD,Neuberger Berman US Equity Premium Fund SGDH Dis,,fwd-mifid.json::F00000ZOTK::Mifid.OngoingCostActual,https://www.fwd.com.sg/personalised-financial-advice/fund-report/?currencyId=BAS&languageId=en-GB&id=F00000ZOTK,OngoingCostActual,2026-01-31,verified_exact,Verified against archived official FWD/Morningstar Mifid payload
FWD,Neuberger Berman US Multi Cap Opportunities Fund USD Acc,,fwd-mifid.json::F00000OQYL::Mifid.OngoingCostActual,https://www.fwd.com.sg/personalised-financial-advice/fund-report/?currencyId=BAS&languageId=en-GB&id=F00000OQYL,OngoingCostActual,2026-01-31,verified_exact,Verified against archived official FWD/Morningstar Mifid payload
FWD,Pinebridge Asia Pacific Investment Grade Bond Fund SGD Dis,,fwd-mifid.json::F0000151DK::Mifid.OngoingCostActual,https://www.fwd.com.sg/personalised-financial-advice/fund-report/?currencyId=BAS&languageId=en-GB&id=F0000151DK,OngoingCostActual,2024-12-31,verified_exact,Verified against archived official FWD/Morningstar Mifid payload
FWD,Pinebridge Asia ex Japan Small Cap Equity Fund SGD Acc,,fwd-mifid.json::F00000XYM8::Mifid.OngoingCostActual,https://www.fwd.com.sg/personalised-financial-advice/fund-report/?currencyId=BAS&languageId=en-GB&id=F00000XYM8,OngoingCostActual,2024-12-31,verified_exact,Verified against archived official FWD/Morningstar Mifid payload
FWD,Pinebridge Singapore Bond Fund SGD Acc,,fwd-screener-page1-100.json::F0HKG062JH::ActualManagementFee,https://www.fwd.com.sg/personalised-financial-advice/fund-report/?currencyId=BAS&languageId=en-GB&id=F0HKG062JH,ActualManagementFee,2026-03-30,verified_exact,Verified against archived official FWD screener payload because ongoing cost was not exposed
FWD,United China A-Shares Innovation Fund SGD Acc,,fwd-screener-page1-100.json::F000015IAV::ActualManagementFee,https://www.fwd.com.sg/personalised-financial-advice/fund-report/?currencyId=BAS&languageId=en-GB&id=F000015IAV,ActualManagementFee,2026-03-30,verified_exact,Verified against archived official FWD screener payload because ongoing cost was not exposed
FWD,United High Grade Corporate Bond Fund SGDH Acc,,fwd-screener-page1-100.json::F000010V2M::ActualManagementFee,https://www.fwd.com.sg/personalised-financial-advice/fund-report/?currencyId=BAS&languageId=en-GB&id=F000010V2M,ActualManagementFee,2026-03-30,verified_exact,Verified against archived official FWD screener payload because ongoing cost was not exposed
FWD,United Singapore Bond Fund SGD Acc,,fwd-screener-page1-100.json::F0HKG062UI::ActualManagementFee,https://www.fwd.com.sg/personalised-financial-advice/fund-report/?currencyId=BAS&languageId=en-GB&id=F0HKG062UI,ActualManagementFee,2026-03-30,verified_exact,Verified against archived official FWD screener payload because ongoing cost was not exposed
Great Eastern,GreatLink ASEAN Growth Fund,29,docs/research/ilp-source-archive-2026-03-31/greatlink-2025.pdf,https://www.greateasternlife.com/content/dam/corp-site/great-eastern/sg/gels-ftrp-funds/annual-report/2025-greatlink-annual-report.pdf,Fund Management Fee,31 December 2025,verified_exact,Verified against archived PDF greatlink-2025.pdf
Great Eastern,GreatLink Asia Dividend Advantage Fund,38,docs/research/ilp-source-archive-2026-03-31/greatlink-2025.pdf,https://www.greateasternlife.com/content/dam/corp-site/great-eastern/sg/gels-ftrp-funds/annual-report/2025-greatlink-annual-report.pdf,Fund Management Fee,31 December 2025,verified_exact,Verified against archived PDF greatlink-2025.pdf
Great Eastern,GreatLink Asia High Dividend Equity Fund,31,docs/research/ilp-source-archive-2026-03-31/greatlink-2025.pdf,https://www.greateasternlife.com/content/dam/corp-site/great-eastern/sg/gels-ftrp-funds/annual-report/2025-greatlink-annual-report.pdf,Fund Management Fee,31 December 2025,verified_exact,Verified against archived PDF greatlink-2025.pdf
Great Eastern,GreatLink Asia Pacific Equity Fund,30,docs/research/ilp-source-archive-2026-03-31/greatlink-2025.pdf,https://www.greateasternlife.com/content/dam/corp-site/great-eastern/sg/gels-ftrp-funds/annual-report/2025-greatlink-annual-report.pdf,Fund Management Fee,31 December 2025,verified_exact,Verified against archived PDF greatlink-2025.pdf
Great Eastern,GreatLink Cash Fund,39,docs/research/ilp-source-archive-2026-03-31/greatlink-2025.pdf,https://www.greateasternlife.com/content/dam/corp-site/great-eastern/sg/gels-ftrp-funds/annual-report/2025-greatlink-annual-report.pdf,Fund Management Fee,31 December 2025,verified_exact,Verified against archived PDF greatlink-2025.pdf
Great Eastern,GreatLink China Growth Fund,35,docs/research/ilp-source-archive-2026-03-31/greatlink-2025.pdf,https://www.greateasternlife.com/content/dam/corp-site/great-eastern/sg/gels-ftrp-funds/annual-report/2025-greatlink-annual-report.pdf,Fund Management Fee,31 December 2025,verified_exact,Verified against archived PDF greatlink-2025.pdf
Great Eastern,GreatLink Diversified Growth Portfolio,16,docs/research/ilp-source-archive-2026-03-31/greatlink-2025.pdf,https://www.greateasternlife.com/content/dam/corp-site/great-eastern/sg/gels-ftrp-funds/annual-report/2025-greatlink-annual-report.pdf,Fund Management Fee,31 December 2025,verified_exact,Verified against archived PDF greatlink-2025.pdf
Great Eastern,GreatLink European Sustainable Equity Fund,18,docs/research/ilp-source-archive-2026-03-31/greatlink-2025.pdf,https://www.greateasternlife.com/content/dam/corp-site/great-eastern/sg/gels-ftrp-funds/annual-report/2025-greatlink-annual-report.pdf,Fund Management Fee,31 December 2025,verified_exact,Verified against archived PDF greatlink-2025.pdf
Great Eastern,GreatLink Far East Ex Japan Equities Fund,32,docs/research/ilp-source-archive-2026-03-31/greatlink-2025.pdf,https://www.greateasternlife.com/content/dam/corp-site/great-eastern/sg/gels-ftrp-funds/annual-report/2025-greatlink-annual-report.pdf,Fund Management Fee,31 December 2025,verified_exact,Verified against archived PDF greatlink-2025.pdf
Great Eastern,GreatLink Global Bond Fund,40,docs/research/ilp-source-archive-2026-03-31/greatlink-2025.pdf,https://www.greateasternlife.com/content/dam/corp-site/great-eastern/sg/gels-ftrp-funds/annual-report/2025-greatlink-annual-report.pdf,Fund Management Fee,31 December 2025,verified_exact,Verified against archived PDF greatlink-2025.pdf
Great Eastern,GreatLink Global Disruptive Innovation Fund,28,docs/research/ilp-source-archive-2026-03-31/greatlink-2025.pdf,https://www.greateasternlife.com/content/dam/corp-site/great-eastern/sg/gels-ftrp-funds/annual-report/2025-greatlink-annual-report.pdf,Fund Management Fee,31 December 2025,verified_exact,Verified against archived PDF greatlink-2025.pdf
Great Eastern,GreatLink Global Emerging Markets Equity Fund,25,docs/research/ilp-source-archive-2026-03-31/greatlink-2025.pdf,https://www.greateasternlife.com/content/dam/corp-site/great-eastern/sg/gels-ftrp-funds/annual-report/2025-greatlink-annual-report.pdf,Fund Management Fee,31 December 2025,verified_exact,Verified against archived PDF greatlink-2025.pdf
Great Eastern,GreatLink Global Equity Alpha Fund,23,docs/research/ilp-source-archive-2026-03-31/greatlink-2025.pdf,https://www.greateasternlife.com/content/dam/corp-site/great-eastern/sg/gels-ftrp-funds/annual-report/2025-greatlink-annual-report.pdf,Fund Management Fee,31 December 2025,verified_exact,Verified against archived PDF greatlink-2025.pdf
Great Eastern,GreatLink Global Equity Fund,19,docs/research/ilp-source-archive-2026-03-31/greatlink-2025.pdf,https://www.greateasternlife.com/content/dam/corp-site/great-eastern/sg/gels-ftrp-funds/annual-report/2025-greatlink-annual-report.pdf,Fund Management Fee,31 December 2025,verified_exact,Verified against archived PDF greatlink-2025.pdf
Great Eastern,GreatLink Global Perspective Fund,22,docs/research/ilp-source-archive-2026-03-31/greatlink-2025.pdf,https://www.greateasternlife.com/content/dam/corp-site/great-eastern/sg/gels-ftrp-funds/annual-report/2025-greatlink-annual-report.pdf,Fund Management Fee,31 December 2025,verified_exact,Verified against archived PDF greatlink-2025.pdf
Great Eastern,GreatLink Global Real Estate Securities Fund,24,docs/research/ilp-source-archive-2026-03-31/greatlink-2025.pdf,https://www.greateasternlife.com/content/dam/corp-site/great-eastern/sg/gels-ftrp-funds/annual-report/2025-greatlink-annual-report.pdf,Fund Management Fee,31 December 2025,verified_exact,Verified against archived PDF greatlink-2025.pdf
Great Eastern,GreatLink Global Supreme Fund,13,docs/research/ilp-source-archive-2026-03-31/greatlink-2025.pdf,https://www.greateasternlife.com/content/dam/corp-site/great-eastern/sg/gels-ftrp-funds/annual-report/2025-greatlink-annual-report.pdf,Fund Management Fee,31 December 2025,verified_exact,Verified against archived PDF greatlink-2025.pdf
Great Eastern,GreatLink Global Technology Fund,20,docs/research/ilp-source-archive-2026-03-31/greatlink-2025.pdf,https://www.greateasternlife.com/content/dam/corp-site/great-eastern/sg/gels-ftrp-funds/annual-report/2025-greatlink-annual-report.pdf,Fund Management Fee,31 December 2025,verified_exact,Verified against archived PDF greatlink-2025.pdf
Great Eastern,GreatLink Income Bond Fund,42,docs/research/ilp-source-archive-2026-03-31/greatlink-2025.pdf,https://www.greateasternlife.com/content/dam/corp-site/great-eastern/sg/gels-ftrp-funds/annual-report/2025-greatlink-annual-report.pdf,Fund Management Fee,31 December 2025,verified_exact,Verified against archived PDF greatlink-2025.pdf
Great Eastern,GreatLink Income Focus Fund,14,docs/research/ilp-source-archive-2026-03-31/greatlink-2025.pdf,https://www.greateasternlife.com/content/dam/corp-site/great-eastern/sg/gels-ftrp-funds/annual-report/2025-greatlink-annual-report.pdf,Fund Management Fee,31 December 2025,verified_exact,Verified against archived PDF greatlink-2025.pdf
Great Eastern,GreatLink International Health Care Fund,27,docs/research/ilp-source-archive-2026-03-31/greatlink-2025.pdf,https://www.greateasternlife.com/content/dam/corp-site/great-eastern/sg/gels-ftrp-funds/annual-report/2025-greatlink-annual-report.pdf,Fund Management Fee,31 December 2025,verified_exact,Verified against archived PDF greatlink-2025.pdf
Great Eastern,GreatLink Lifestyle Balanced Portfolio,7,docs/research/ilp-source-archive-2026-03-31/greatlink-2025.pdf,https://www.greateasternlife.com/content/dam/corp-site/great-eastern/sg/gels-ftrp-funds/annual-report/2025-greatlink-annual-report.pdf,Fund Management Fee,31 December 2025,verified_exact,Verified against archived PDF greatlink-2025.pdf
Great Eastern,GreatLink Lifestyle Dynamic Portfolio,7,docs/research/ilp-source-archive-2026-03-31/greatlink-2025.pdf,https://www.greateasternlife.com/content/dam/corp-site/great-eastern/sg/gels-ftrp-funds/annual-report/2025-greatlink-annual-report.pdf,Fund Management Fee,31 December 2025,verified_exact,Verified against archived PDF greatlink-2025.pdf
Great Eastern,GreatLink Lifestyle Progressive Portfolio,7,docs/research/ilp-source-archive-2026-03-31/greatlink-2025.pdf,https://www.greateasternlife.com/content/dam/corp-site/great-eastern/sg/gels-ftrp-funds/annual-report/2025-greatlink-annual-report.pdf,Fund Management Fee,31 December 2025,verified_exact,Verified against archived PDF greatlink-2025.pdf
Great Eastern,GreatLink Lifestyle Secure Portfolio,7,docs/research/ilp-source-archive-2026-03-31/greatlink-2025.pdf,https://www.greateasternlife.com/content/dam/corp-site/great-eastern/sg/gels-ftrp-funds/annual-report/2025-greatlink-annual-report.pdf,Fund Management Fee,31 December 2025,verified_exact,Verified against archived PDF greatlink-2025.pdf
Great Eastern,GreatLink Lifestyle Steady Portfolio,7,docs/research/ilp-source-archive-2026-03-31/greatlink-2025.pdf,https://www.greateasternlife.com/content/dam/corp-site/great-eastern/sg/gels-ftrp-funds/annual-report/2025-greatlink-annual-report.pdf,Fund Management Fee,31 December 2025,verified_exact,Verified against archived PDF greatlink-2025.pdf
Great Eastern,GreatLink Lion Asian Balanced Fund,15,docs/research/ilp-source-archive-2026-03-31/greatlink-2025.pdf,https://www.greateasternlife.com/content/dam/corp-site/great-eastern/sg/gels-ftrp-funds/annual-report/2025-greatlink-annual-report.pdf,Fund Management Fee,31 December 2025,verified_exact,Verified against archived PDF greatlink-2025.pdf
Great Eastern,GreatLink Lion India Fund,36,docs/research/ilp-source-archive-2026-03-31/greatlink-2025.pdf,https://www.greateasternlife.com/content/dam/corp-site/great-eastern/sg/gels-ftrp-funds/annual-report/2025-greatlink-annual-report.pdf,Fund Management Fee,31 December 2025,verified_exact,Verified against archived PDF greatlink-2025.pdf
Great Eastern,GreatLink Lion Japan Growth Fund,34,docs/research/ilp-source-archive-2026-03-31/greatlink-2025.pdf,https://www.greateasternlife.com/content/dam/corp-site/great-eastern/sg/gels-ftrp-funds/annual-report/2025-greatlink-annual-report.pdf,Fund Management Fee,31 December 2025,verified_exact,Verified against archived PDF greatlink-2025.pdf
Great Eastern,GreatLink Lion Vietnam Fund,37,docs/research/ilp-source-archive-2026-03-31/greatlink-2025.pdf,https://www.greateasternlife.com/content/dam/corp-site/great-eastern/sg/gels-ftrp-funds/annual-report/2025-greatlink-annual-report.pdf,Fund Management Fee,31 December 2025,verified_exact,Verified against archived PDF greatlink-2025.pdf
Great Eastern,GreatLink Multi-Sector Income Fund,43,docs/research/ilp-source-archive-2026-03-31/greatlink-2025.pdf,https://www.greateasternlife.com/content/dam/corp-site/great-eastern/sg/gels-ftrp-funds/annual-report/2025-greatlink-annual-report.pdf,Fund Management Fee,31 December 2025,verified_exact,Verified against archived PDF greatlink-2025.pdf
Great Eastern,GreatLink Multi-Theme Equity Fund,26,docs/research/ilp-source-archive-2026-03-31/greatlink-2025.pdf,https://www.greateasternlife.com/content/dam/corp-site/great-eastern/sg/gels-ftrp-funds/annual-report/2025-greatlink-annual-report.pdf,Fund Management Fee,31 December 2025,verified_exact,Verified against archived PDF greatlink-2025.pdf
Great Eastern,GreatLink Short Duration Bond Fund,41,docs/research/ilp-source-archive-2026-03-31/greatlink-2025.pdf,https://www.greateasternlife.com/content/dam/corp-site/great-eastern/sg/gels-ftrp-funds/annual-report/2025-greatlink-annual-report.pdf,Fund Management Fee,31 December 2025,verified_exact,Verified against archived PDF greatlink-2025.pdf
Great Eastern,GreatLink Singapore Equities Fund,33,docs/research/ilp-source-archive-2026-03-31/greatlink-2025.pdf,https://www.greateasternlife.com/content/dam/corp-site/great-eastern/sg/gels-ftrp-funds/annual-report/2025-greatlink-annual-report.pdf,Fund Management Fee,31 December 2025,verified_exact,Verified against archived PDF greatlink-2025.pdf
Great Eastern,GreatLink Sustainable Global Thematic Fund,21,docs/research/ilp-source-archive-2026-03-31/greatlink-2025.pdf,https://www.greateasternlife.com/content/dam/corp-site/great-eastern/sg/gels-ftrp-funds/annual-report/2025-greatlink-annual-report.pdf,Fund Management Fee,31 December 2025,verified_exact,Verified against archived PDF greatlink-2025.pdf
Great Eastern,GreatLink US Income And Growth Fund (Dis),17,docs/research/ilp-source-archive-2026-03-31/greatlink-2025.pdf,https://www.greateasternlife.com/content/dam/corp-site/great-eastern/sg/gels-ftrp-funds/annual-report/2025-greatlink-annual-report.pdf,Fund Management Fee,31 December 2025,verified_exact,Verified against archived PDF greatlink-2025.pdf
Income,Asia Dynamic Return Fund^,1,docs/research/ilp-source-archive-2026-03-31/fee-verify-cache/143789841452-Asia-20Dynamic-20Return-20Fund_Fullerton-20ok.pdf,https://assets-au-01.kc-usercontent.com:443/8acbd32f-b7e0-0294-6b7d-a2bc72d6b30c/60dc6353-e335-4355-8643-6dbd838fb687/Asia%20Dynamic%20Return%20Fund_Fullerton%20ok.pdf,Annual Management Fee,,verified_exact,Verified against archived PDF 143789841452-Asia-20Dynamic-20Return-20Fund_Fullerton-20ok.pdf
Income,Asia Managed Fund,1,docs/research/ilp-source-archive-2026-03-31/fee-verify-cache/bc2a010916d3-Asia-20Managed-20Fund-20ok.pdf,https://assets-au-01.kc-usercontent.com:443/8acbd32f-b7e0-0294-6b7d-a2bc72d6b30c/c3fb38df-e3e4-4a6b-a911-cf8dea0cb364/Asia%20Managed%20Fund%20ok.pdf,Annual Management Fee,,verified_exact,Verified against archived PDF bc2a010916d3-Asia-20Managed-20Fund-20ok.pdf
Income,Asian Bond Fund,1,docs/research/ilp-source-archive-2026-03-31/fee-verify-cache/db96c751a813-Asian-20Bond-20Fund-20ok.pdf,https://assets-au-01.kc-usercontent.com:443/8acbd32f-b7e0-0294-6b7d-a2bc72d6b30c/baf26861-a44e-423e-ab1a-5d583d3e4fab/Asian%20Bond%20Fund%20ok.pdf,Annual Management Fee,,verified_exact,Verified against archived PDF db96c751a813-Asian-20Bond-20Fund-20ok.pdf
Income,Asian Equity Fund,1,docs/research/ilp-source-archive-2026-03-31/fee-verify-cache/cb033d660878-Asian-20Equity-20Fund_Schroders-20ok.pdf,https://assets-au-01.kc-usercontent.com:443/8acbd32f-b7e0-0294-6b7d-a2bc72d6b30c/6b9e1ccb-2973-4425-8e5b-b373c5b6d9b3/Asian%20Equity%20Fund_Schroders%20ok.pdf,Annual Management Fee,,verified_exact,Verified against archived PDF cb033d660878-Asian-20Equity-20Fund_Schroders-20ok.pdf
Income,Asian Income Fund^,1,docs/research/ilp-source-archive-2026-03-31/fee-verify-cache/3a71a2c0071f-Asian-20Income-20Fund_Schroders-20ok.pdf,https://assets-au-01.kc-usercontent.com:443/8acbd32f-b7e0-0294-6b7d-a2bc72d6b30c/9cfd214a-808f-4d0c-9138-8a4cce149e0a/Asian%20Income%20Fund_Schroders%20ok.pdf,Annual Management Fee,,verified_exact,Verified against archived PDF 3a71a2c0071f-Asian-20Income-20Fund_Schroders-20ok.pdf
Income,Global Bond Fund,1,docs/research/ilp-source-archive-2026-03-31/fee-verify-cache/248a27d15709-Global-20Bond-20Fund-20ok.pdf,https://assets-au-01.kc-usercontent.com:443/8acbd32f-b7e0-0294-6b7d-a2bc72d6b30c/10963d53-c456-4e15-9cc3-fe4d83bda609/Global%20Bond%20Fund%20ok.pdf,Annual Management Fee,,verified_exact,Verified against archived PDF 248a27d15709-Global-20Bond-20Fund-20ok.pdf
Income,Global Diverse Series - Adventurous Fund,1,docs/research/ilp-source-archive-2026-03-31/fee-verify-cache/749200e15462-GDS-20Adventurous-20Fund-20ok.pdf,https://assets-au-01.kc-usercontent.com:443/8acbd32f-b7e0-0294-6b7d-a2bc72d6b30c/456f1083-ad05-4ea6-adcc-a9a33f4a7385/GDS%20Adventurous%20Fund%20ok.pdf,Annual Management Fee,,verified_exact,Verified against archived PDF 749200e15462-GDS-20Adventurous-20Fund-20ok.pdf
Income,Global Diverse Series - Balanced Fund,1,docs/research/ilp-source-archive-2026-03-31/fee-verify-cache/f9f6cb2709d3-GDS-20Balanced-20Fund-20ok.pdf,https://assets-au-01.kc-usercontent.com:443/8acbd32f-b7e0-0294-6b7d-a2bc72d6b30c/c7a9bfc7-dd6f-428f-867c-30b67ca59dc1/GDS%20Balanced%20Fund%20ok.pdf,Annual Management Fee,,verified_exact,Verified against archived PDF f9f6cb2709d3-GDS-20Balanced-20Fund-20ok.pdf
Income,Global Diverse Series - Managed Fund,1,docs/research/ilp-source-archive-2026-03-31/fee-verify-cache/10fe3fc8d6a6-GDS-20Managed-20Fund-20ok.pdf,https://assets-au-01.kc-usercontent.com:443/8acbd32f-b7e0-0294-6b7d-a2bc72d6b30c/bbc04db3-c8d3-41cc-ba36-f8f5aa3e64e3/GDS%20Managed%20Fund%20ok.pdf,Annual Management Fee,,verified_exact,Verified against archived PDF 10fe3fc8d6a6-GDS-20Managed-20Fund-20ok.pdf
Income,Global Equity Fund,1,docs/research/ilp-source-archive-2026-03-31/fee-verify-cache/de0c1434523a-Global-20Equity-20Fund.pdf,https://assets-au-01.kc-usercontent.com:443/8acbd32f-b7e0-0294-6b7d-a2bc72d6b30c/465b66ba-c1c3-4a7d-b11c-a5352e3f1066/Global%20Equity%20Fund.pdf,Annual Management Fee,,verified_exact,Verified against archived PDF de0c1434523a-Global-20Equity-20Fund.pdf
Income,Global Income Fund^,1,docs/research/ilp-source-archive-2026-03-31/fee-verify-cache/07526481356c-Global-20Income-20Fund_Schroders-20ok.pdf,https://assets-au-01.kc-usercontent.com:443/8acbd32f-b7e0-0294-6b7d-a2bc72d6b30c/b5f6ed40-a270-48ab-bedd-b09722073743/Global%20Income%20Fund_Schroders%20ok.pdf,Annual Management Fee,,verified_exact,Verified against archived PDF 07526481356c-Global-20Income-20Fund_Schroders-20ok.pdf
Income,Global Technology Fund,1,docs/research/ilp-source-archive-2026-03-31/fee-verify-cache/9efbe1800b22-Global-20Technology-20Fund-20ok.pdf,https://assets-au-01.kc-usercontent.com:443/8acbd32f-b7e0-0294-6b7d-a2bc72d6b30c/90c6a3ff-3929-452e-97e0-0ee7c3c8bb96/Global%20Technology%20Fund%20ok.pdf,Annual Management Fee,,verified_exact,Verified against archived PDF 9efbe1800b22-Global-20Technology-20Fund-20ok.pdf
Income,Income Asia Dividend Advantage Fund,1,docs/research/ilp-source-archive-2026-03-31/fee-verify-cache/dadfaf9a7767-Income-20Asia-20Dividend-20Advantage-20Fund_Fullerton-20ok.pdf,https://assets-au-01.kc-usercontent.com:443/8acbd32f-b7e0-0294-6b7d-a2bc72d6b30c/3763d121-5072-4ee0-bbfb-4a23542526d6/Income%20Asia%20Dividend%20Advantage%20Fund_Fullerton%20ok.pdf,Annual Management Fee,,verified_exact,Verified against archived PDF dadfaf9a7767-Income-20Asia-20Dividend-20Advantage-20Fund_Fullerton-20ok.pdf
Income,Income Global Absolute Alpha Fund,1,docs/research/ilp-source-archive-2026-03-31/fee-verify-cache/6992786d43d2-Income-20Global-20Absolute-20Alpha-20Fund-20--20Fullerton-20ok.pdf,https://assets-au-01.kc-usercontent.com:443/8acbd32f-b7e0-0294-6b7d-a2bc72d6b30c/52388db9-5373-4735-b06b-dde5053411bd/Income%20Global%20Absolute%20Alpha%20Fund%20-%20Fullerton%20ok.pdf,Annual Management Fee,,verified_exact,Verified against archived PDF 6992786d43d2-Income-20Global-20Absolute-20Alpha-20Fund-20--20Fullerton-20ok.pdf
Income,Income Global Artificial Intelligence Fund,1,docs/research/ilp-source-archive-2026-03-31/fee-verify-cache/b44e589082eb-Income-20Global-20Artificial-20Intelligence-20Fund_Allianz-20ok.pdf,https://assets-au-01.kc-usercontent.com:443/8acbd32f-b7e0-0294-6b7d-a2bc72d6b30c/feae5f73-4ad7-4e9e-b9d1-b1f8cf869eaa/Income%20Global%20Artificial%20Intelligence%20Fund_Allianz%20ok.pdf,Annual Management Fee,,verified_exact,Verified against archived PDF b44e589082eb-Income-20Global-20Artificial-20Intelligence-20Fund_Allianz-20ok.pdf
Income,Income Global Dynamic Bond Fund,1,docs/research/ilp-source-archive-2026-03-31/fee-verify-cache/5b331778c3f5-Income-20Global-20Dynamic-20Bond-20Fund-20_Pimco-20ok.pdf,https://assets-au-01.kc-usercontent.com:443/8acbd32f-b7e0-0294-6b7d-a2bc72d6b30c/90932cc5-a9e0-4664-b95e-5ad67caf9409/Income%20Global%20Dynamic%20Bond%20Fund%20_Pimco%20ok.pdf,Annual Management Fee,,verified_exact,Verified against archived PDF 5b331778c3f5-Income-20Global-20Dynamic-20Bond-20Fund-20_Pimco-20ok.pdf
Income,Income Global Eco Fund,1,docs/research/ilp-source-archive-2026-03-31/fee-verify-cache/9f40672e1094-Income-20Global-20Eco-20Fund_Allianz-20ok.pdf,https://assets-au-01.kc-usercontent.com:443/8acbd32f-b7e0-0294-6b7d-a2bc72d6b30c/74e79e61-3b63-4bb3-b4e3-eb36b5fa4d00/Income%20Global%20Eco%20Fund_Allianz%20ok.pdf,Annual Management Fee,,verified_exact,Verified against archived PDF 9f40672e1094-Income-20Global-20Eco-20Fund_Allianz-20ok.pdf
Income,Income Global Emerging Markets Equity Fund,1,docs/research/ilp-source-archive-2026-03-31/fee-verify-cache/2e287dfd20f3-Income-20Global-20Emerging-20Markets-20Equity-20Fund_JPM-20ok.pdf,https://assets-au-01.kc-usercontent.com:443/8acbd32f-b7e0-0294-6b7d-a2bc72d6b30c/ea0a62a8-4618-4f3e-a297-1eca9f18626c/Income%20Global%20Emerging%20Markets%20Equity%20Fund_JPM%20ok.pdf,Annual Management Fee,,verified_exact,Verified against archived PDF 2e287dfd20f3-Income-20Global-20Emerging-20Markets-20Equity-20Fund_JPM-20ok.pdf
Income,Income Global Gold Equity Fund,1,docs/research/ilp-source-archive-2026-03-31/fee-verify-cache/4affbda07589-Income-20Global-20Gold-20Equity-20Fund_Schroders-20ok.pdf,https://assets-au-01.kc-usercontent.com:443/8acbd32f-b7e0-0294-6b7d-a2bc72d6b30c/d3557d62-95ee-4840-809e-7a2f80725498/Income%20Global%20Gold%20Equity%20Fund_Schroders%20ok.pdf,Annual Management Fee,,verified_exact,Verified against archived PDF 4affbda07589-Income-20Global-20Gold-20Equity-20Fund_Schroders-20ok.pdf
Income,Income Global Growth Equity Fund,1,docs/research/ilp-source-archive-2026-03-31/fee-verify-cache/7e227e2dd30d-Income-20Global-20Growth-20Equity-20Fund_Fundsmith-20ok.pdf,https://assets-au-01.kc-usercontent.com:443/8acbd32f-b7e0-0294-6b7d-a2bc72d6b30c/526f2093-af73-49b8-8d2f-d0b9fc79bf4a/Income%20Global%20Growth%20Equity%20Fund_Fundsmith%20ok.pdf,Annual Management Fee,,verified_exact,Verified against archived PDF 7e227e2dd30d-Income-20Global-20Growth-20Equity-20Fund_Fundsmith-20ok.pdf
Income,Income Global Sustainable Fund^,1,docs/research/ilp-source-archive-2026-03-31/fee-verify-cache/a05908a54c66-Income-20Global-20Sustainable-20Fund_JPM-20ok.pdf,https://assets-au-01.kc-usercontent.com:443/8acbd32f-b7e0-0294-6b7d-a2bc72d6b30c/aadbdec9-3965-41a3-a2fa-e2ce20c988b1/Income%20Global%20Sustainable%20Fund_JPM%20ok.pdf,Annual Management Fee,,verified_exact,Verified against archived PDF a05908a54c66-Income-20Global-20Sustainable-20Fund_JPM-20ok.pdf
Income,Income India Equity Fund,1,docs/research/ilp-source-archive-2026-03-31/fee-verify-cache/3b83cf327acb-Income-20India-20Equity-20Fund_Franklin-20Templeton-20ok.pdf,https://assets-au-01.kc-usercontent.com:443/8acbd32f-b7e0-0294-6b7d-a2bc72d6b30c/a0bacc6f-a8de-4f96-98b9-8605a3430fda/Income%20India%20Equity%20Fund_Franklin%20Templeton%20ok.pdf,Annual Management Fee,,verified_exact,Verified against archived PDF 3b83cf327acb-Income-20India-20Equity-20Fund_Franklin-20Templeton-20ok.pdf
Income,Income Japan Dividend Equity Fund,1,docs/research/ilp-source-archive-2026-03-31/fee-verify-cache/ce970eb4d1c7-Income-20Japan-20Dividend-20Equity-20Fund-20--20Nikko-20ok.pdf,https://assets-au-01.kc-usercontent.com:443/8acbd32f-b7e0-0294-6b7d-a2bc72d6b30c/3374f4f7-f11a-4b1b-b2d3-41426f010841/Income%20Japan%20Dividend%20Equity%20Fund%20-%20Nikko%20ok.pdf,Annual Management Fee,,verified_exact,Verified against archived PDF ce970eb4d1c7-Income-20Japan-20Dividend-20Equity-20Fund-20--20Nikko-20ok.pdf
Income,Income Regional China Fund,1,docs/research/ilp-source-archive-2026-03-31/fee-verify-cache/6a3d016cfe24-Income-20Regional-20China-20Fund_Fullerton-20ok.pdf,https://assets-au-01.kc-usercontent.com:443/8acbd32f-b7e0-0294-6b7d-a2bc72d6b30c/573f1083-1827-4934-ba26-bcefc8115b34/Income%20Regional%20China%20Fund_Fullerton%20ok.pdf,Annual Management Fee,,verified_exact,Verified against archived PDF 6a3d016cfe24-Income-20Regional-20China-20Fund_Fullerton-20ok.pdf
Income,Income SGD Bond Fund,1,docs/research/ilp-source-archive-2026-03-31/fee-verify-cache/0fce9d39dc51-Income-20SGD-20Bond-20Fund-20--20Fullerton-20ok.pdf,https://assets-au-01.kc-usercontent.com:443/8acbd32f-b7e0-0294-6b7d-a2bc72d6b30c/4de9d792-5e25-47e8-bbae-8b9888568cde/Income%20SGD%20Bond%20Fund%20-%20Fullerton%20ok.pdf,Annual Management Fee,,verified_exact,Verified against archived PDF 0fce9d39dc51-Income-20SGD-20Bond-20Fund-20--20Fullerton-20ok.pdf
Income,Income Singapore Dividend Equity Fund,1,docs/research/ilp-source-archive-2026-03-31/fee-verify-cache/95bff8df3b48-Income-20Singapore-20Dividend-20Equity-20Fund-20--20Nikko-20ok.pdf,https://assets-au-01.kc-usercontent.com:443/8acbd32f-b7e0-0294-6b7d-a2bc72d6b30c/918c6a3d-e127-41a9-a5fa-daafd498f3a4/Income%20Singapore%20Dividend%20Equity%20Fund%20-%20Nikko%20ok.pdf,Annual Management Fee,,verified_exact,Verified against archived PDF 95bff8df3b48-Income-20Singapore-20Dividend-20Equity-20Fund-20--20Nikko-20ok.pdf
Income,Income US Dividend and Growth Fund,1,docs/research/ilp-source-archive-2026-03-31/fee-verify-cache/ee07c171e1ee-Income-20US-20Dividend-20and-20Growth-20Fund_Allianz-20ok.pdf,https://assets-au-01.kc-usercontent.com:443/8acbd32f-b7e0-0294-6b7d-a2bc72d6b30c/7e7b1cb4-a00e-4218-a34e-5810db196096/Income%20US%20Dividend%20and%20Growth%20Fund_Allianz%20ok.pdf,Annual Management Fee,,verified_exact,Verified against archived PDF ee07c171e1ee-Income-20US-20Dividend-20and-20Growth-20Fund_Allianz-20ok.pdf
Income,Income US Large Cap Equity Fund,1,docs/research/ilp-source-archive-2026-03-31/fee-verify-cache/8a7b61e53da3-Income-20US-20Large-20Cap-20Equity-20Fund_Schroders-20ok.pdf,https://assets-au-01.kc-usercontent.com:443/8acbd32f-b7e0-0294-6b7d-a2bc72d6b30c/4daa6e26-2b5a-4514-9d0c-0e1c016e2249/Income%20US%20Large%20Cap%20Equity%20Fund_Schroders%20ok.pdf,Annual Management Fee,,verified_exact,Verified against archived PDF 8a7b61e53da3-Income-20US-20Large-20Cap-20Equity-20Fund_Schroders-20ok.pdf
Income,Income World Healthscience Fund,1,docs/research/ilp-source-archive-2026-03-31/fee-verify-cache/03ed6c15f1d7-Income-20World-20Healthscience-20Fund_Blackrock.pdf,https://assets-au-01.kc-usercontent.com:443/8acbd32f-b7e0-0294-6b7d-a2bc72d6b30c/d7d1be65-48af-46f5-983e-7abda82d7423/Income%20World%20Healthscience%20Fund_Blackrock.pdf,Annual Management Fee,,verified_exact,Verified against archived PDF 03ed6c15f1d7-Income-20World-20Healthscience-20Fund_Blackrock.pdf
Income,Money Market Fund^,1,docs/research/ilp-source-archive-2026-03-31/fee-verify-cache/da611a3ad8d0-Money-20Market-20Fund-20ok.pdf,https://assets-au-01.kc-usercontent.com:443/8acbd32f-b7e0-0294-6b7d-a2bc72d6b30c/51e53a30-1672-46c4-b9eb-b2fc9abab686/Money%20Market%20Fund%20ok.pdf,Annual Management Fee,,verified_exact,Verified against archived PDF da611a3ad8d0-Money-20Market-20Fund-20ok.pdf
Income,Takaful Fund^,1,docs/research/ilp-source-archive-2026-03-31/fee-verify-cache/cff7a6690aef-Takaful-20Fund-20ok.pdf,https://assets-au-01.kc-usercontent.com:443/8acbd32f-b7e0-0294-6b7d-a2bc72d6b30c/6d911045-4e56-41c4-97cd-2f07cda36ea8/Takaful%20Fund%20ok.pdf,Annual Management Fee,,verified_exact,Verified against archived PDF cff7a6690aef-Takaful-20Fund-20ok.pdf
Manulife,Manulife ASEAN Equity Fund,216,docs/research/ilp-source-archive-2026-03-31/manulife-ML-Fund-Report-SAR-2025.pdf,https://www.manulife.com.sg/content/dam/insurance/sg/funds/ML-Fund%20Report_SAR.pdf,Expense Ratio,30 June 2025,verified_exact,Verified against archived PDF manulife-ML-Fund-Report-SAR-2025.pdf
Manulife,Manulife Asian Income Fund,160,docs/research/ilp-source-archive-2026-03-31/manulife-ML-Fund-Report-SAR-2025.pdf,https://www.manulife.com.sg/content/dam/insurance/sg/funds/ML-Fund%20Report_SAR.pdf,Expense Ratio,30 June 2025,verified_exact,Verified against archived PDF manulife-ML-Fund-Report-SAR-2025.pdf
Manulife,Manulife Asian Short Duration Bond Fund,194,docs/research/ilp-source-archive-2026-03-31/manulife-ML-Fund-Report-SAR-2025.pdf,https://www.manulife.com.sg/content/dam/insurance/sg/funds/ML-Fund%20Report_SAR.pdf,Expense Ratio,30 June 2025,verified_exact,Verified against archived PDF manulife-ML-Fund-Report-SAR-2025.pdf
Manulife,Manulife Asian Small Cap Equity Fund,81,docs/research/ilp-source-archive-2026-03-31/manulife-ML-Fund-Report-SAR-2025.pdf,https://www.manulife.com.sg/content/dam/insurance/sg/funds/ML-Fund%20Report_SAR.pdf,Expense Ratio,30 June 2025,verified_exact,Verified against archived PDF manulife-ML-Fund-Report-SAR-2025.pdf
Manulife,Manulife Bridge Fund,155,docs/research/ilp-source-archive-2026-03-31/manulife-ML-Fund-Report-SAR-2025.pdf,https://www.manulife.com.sg/content/dam/insurance/sg/funds/ML-Fund%20Report_SAR.pdf,Expense Ratio,30 June 2025,verified_exact,Verified against archived PDF manulife-ML-Fund-Report-SAR-2025.pdf
Manulife,Manulife China A-Shares Fund,198,docs/research/ilp-source-archive-2026-03-31/manulife-ML-Fund-Report-SAR-2025.pdf,https://www.manulife.com.sg/content/dam/insurance/sg/funds/ML-Fund%20Report_SAR.pdf,Expense Ratio,30 June 2025,verified_exact,Verified against archived PDF manulife-ML-Fund-Report-SAR-2025.pdf
Manulife,Manulife Dividend Advantage Fund,184,docs/research/ilp-source-archive-2026-03-31/manulife-ML-Fund-Report-SAR-2025.pdf,https://www.manulife.com.sg/content/dam/insurance/sg/funds/ML-Fund%20Report_SAR.pdf,Expense Ratio,30 June 2025,verified_exact,Verified against archived PDF manulife-ML-Fund-Report-SAR-2025.pdf
Manulife,Manulife European Equity Fund,47,docs/research/ilp-source-archive-2026-03-31/manulife-ML-Fund-Report-SAR-2025.pdf,https://www.manulife.com.sg/content/dam/insurance/sg/funds/ML-Fund%20Report_SAR.pdf,Expense Ratio,30 June 2025,verified_exact,Verified against archived PDF manulife-ML-Fund-Report-SAR-2025.pdf
Manulife,Manulife Global Emerging Markets Fund,73,docs/research/ilp-source-archive-2026-03-31/manulife-ML-Fund-Report-SAR-2025.pdf,https://www.manulife.com.sg/content/dam/insurance/sg/funds/ML-Fund%20Report_SAR.pdf,Expense Ratio,30 June 2025,verified_exact,Verified against archived PDF manulife-ML-Fund-Report-SAR-2025.pdf
Manulife,Manulife Global Equity Fund,229,docs/research/ilp-source-archive-2026-03-31/manulife-ML-Fund-Report-SAR-2025.pdf,https://www.manulife.com.sg/content/dam/insurance/sg/funds/ML-Fund%20Report_SAR.pdf,Expense Ratio,30 June 2025,verified_exact,Verified against archived PDF manulife-ML-Fund-Report-SAR-2025.pdf
Manulife,Manulife Global Healthcare Fund,220,docs/research/ilp-source-archive-2026-03-31/manulife-ML-Fund-Report-SAR-2025.pdf,https://www.manulife.com.sg/content/dam/insurance/sg/funds/ML-Fund%20Report_SAR.pdf,Expense Ratio,30 June 2025,verified_exact,Verified against archived PDF manulife-ML-Fund-Report-SAR-2025.pdf
Manulife,Manulife Global Multi-Asset Income Fund,181,docs/research/ilp-source-archive-2026-03-31/manulife-ML-Fund-Report-SAR-2025.pdf,https://www.manulife.com.sg/content/dam/insurance/sg/funds/ML-Fund%20Report_SAR.pdf,Expense Ratio,30 June 2025,verified_exact,Verified against archived PDF manulife-ML-Fund-Report-SAR-2025.pdf
Manulife,Manulife Global Technology Fund,225,docs/research/ilp-source-archive-2026-03-31/manulife-ML-Fund-Report-SAR-2025.pdf,https://www.manulife.com.sg/content/dam/insurance/sg/funds/ML-Fund%20Report_SAR.pdf,Expense Ratio,30 June 2025,verified_exact,Verified against archived PDF manulife-ML-Fund-Report-SAR-2025.pdf
Manulife,Manulife Golden Asia Fund,33,docs/research/ilp-source-archive-2026-03-31/manulife-ML-Fund-Report-SAR-2025.pdf,https://www.manulife.com.sg/content/dam/insurance/sg/funds/ML-Fund%20Report_SAR.pdf,Expense Ratio,30 June 2025,verified_exact,Verified against archived PDF manulife-ML-Fund-Report-SAR-2025.pdf
Manulife,Manulife Golden Asia Growth Fund,16,docs/research/ilp-source-archive-2026-03-31/manulife-ML-Fund-Report-SAR-2025.pdf,https://www.manulife.com.sg/content/dam/insurance/sg/funds/ML-Fund%20Report_SAR.pdf,Expense Ratio,30 June 2025,verified_exact,Verified against archived PDF manulife-ML-Fund-Report-SAR-2025.pdf
Manulife,Manulife Golden Balanced Growth Fund,53,docs/research/ilp-source-archive-2026-03-31/manulife-ML-Fund-Report-SAR-2025.pdf,https://www.manulife.com.sg/content/dam/insurance/sg/funds/ML-Fund%20Report_SAR.pdf,Expense Ratio,30 June 2025,verified_exact,Verified against archived PDF manulife-ML-Fund-Report-SAR-2025.pdf
Manulife,Manulife Golden Global Balanced Fund,57,docs/research/ilp-source-archive-2026-03-31/manulife-ML-Fund-Report-SAR-2025.pdf,https://www.manulife.com.sg/content/dam/insurance/sg/funds/ML-Fund%20Report_SAR.pdf,Expense Ratio,30 June 2025,verified_exact,Verified against archived PDF manulife-ML-Fund-Report-SAR-2025.pdf
Manulife,Manulife Golden International Bond Fund,29,docs/research/ilp-source-archive-2026-03-31/manulife-ML-Fund-Report-SAR-2025.pdf,https://www.manulife.com.sg/content/dam/insurance/sg/funds/ML-Fund%20Report_SAR.pdf,Expense Ratio,30 June 2025,verified_exact,Verified against archived PDF manulife-ML-Fund-Report-SAR-2025.pdf
Manulife,Manulife Golden Regional China Fund,21,docs/research/ilp-source-archive-2026-03-31/manulife-ML-Fund-Report-SAR-2025.pdf,https://www.manulife.com.sg/content/dam/insurance/sg/funds/ML-Fund%20Report_SAR.pdf,Expense Ratio,30 June 2025,verified_exact,Verified against archived PDF manulife-ML-Fund-Report-SAR-2025.pdf
Manulife,Manulife Golden Singapore Growth Fund,24,docs/research/ilp-source-archive-2026-03-31/manulife-ML-Fund-Report-SAR-2025.pdf,https://www.manulife.com.sg/content/dam/insurance/sg/funds/ML-Fund%20Report_SAR.pdf,Expense Ratio,30 June 2025,verified_exact,Verified against archived PDF manulife-ML-Fund-Report-SAR-2025.pdf
Manulife,Manulife Golden Worldwide Equity Fund,10,docs/research/ilp-source-archive-2026-03-31/manulife-ML-Fund-Report-SAR-2025.pdf,https://www.manulife.com.sg/content/dam/insurance/sg/funds/ML-Fund%20Report_SAR.pdf,Expense Ratio,30 June 2025,verified_exact,Verified against archived PDF manulife-ML-Fund-Report-SAR-2025.pdf
Manulife,Manulife Income Builder Fund,172,docs/research/ilp-source-archive-2026-03-31/manulife-ML-Fund-Report-SAR-2025.pdf,https://www.manulife.com.sg/content/dam/insurance/sg/funds/ML-Fund%20Report_SAR.pdf,Expense Ratio,30 June 2025,verified_exact,Verified against archived PDF manulife-ML-Fund-Report-SAR-2025.pdf
Manulife,Manulife Income SGD Fund,190,docs/research/ilp-source-archive-2026-03-31/manulife-ML-Fund-Report-SAR-2025.pdf,https://www.manulife.com.sg/content/dam/insurance/sg/funds/ML-Fund%20Report_SAR.pdf,Expense Ratio,30 June 2025,verified_exact,Verified against archived PDF manulife-ML-Fund-Report-SAR-2025.pdf
Manulife,Manulife Income Series – Asia Pacific Investment Grade Bond Fund,110,docs/research/ilp-source-archive-2026-03-31/manulife-ML-Fund-Report-SAR-2025.pdf,https://www.manulife.com.sg/content/dam/insurance/sg/funds/ML-Fund%20Report_SAR.pdf,Expense Ratio,30 June 2025,verified_exact,Verified against archived PDF manulife-ML-Fund-Report-SAR-2025.pdf
Manulife,Manulife Income Series – Asian Balanced Fund,104,docs/research/ilp-source-archive-2026-03-31/manulife-ML-Fund-Report-SAR-2025.pdf,https://www.manulife.com.sg/content/dam/insurance/sg/funds/ML-Fund%20Report_SAR.pdf,Expense Ratio,30 June 2025,verified_exact,Verified against archived PDF manulife-ML-Fund-Report-SAR-2025.pdf
Manulife,Manulife Income Series – Asian High Yield Bond Fund,123,docs/research/ilp-source-archive-2026-03-31/manulife-ML-Fund-Report-SAR-2025.pdf,https://www.manulife.com.sg/content/dam/insurance/sg/funds/ML-Fund%20Report_SAR.pdf,Expense Ratio,30 June 2025,verified_exact,Verified against archived PDF manulife-ML-Fund-Report-SAR-2025.pdf
Manulife,Manulife Income Series – Global Fixed Income Fund,132,docs/research/ilp-source-archive-2026-03-31/manulife-ML-Fund-Report-SAR-2025.pdf,https://www.manulife.com.sg/content/dam/insurance/sg/funds/ML-Fund%20Report_SAR.pdf,Expense Ratio,30 June 2025,verified_exact,Verified against archived PDF manulife-ML-Fund-Report-SAR-2025.pdf
Manulife,Manulife Income Series – Global Multi-Asset Diversified Income Fund,118,docs/research/ilp-source-archive-2026-03-31/manulife-ML-Fund-Report-SAR-2025.pdf,https://www.manulife.com.sg/content/dam/insurance/sg/funds/ML-Fund%20Report_SAR.pdf,Expense Ratio,30 June 2025,verified_exact,Verified against archived PDF manulife-ML-Fund-Report-SAR-2025.pdf
Manulife,Manulife Income Series – SGD Income Fund,128,docs/research/ilp-source-archive-2026-03-31/manulife-ML-Fund-Report-SAR-2025.pdf,https://www.manulife.com.sg/content/dam/insurance/sg/funds/ML-Fund%20Report_SAR.pdf,Expense Ratio,30 June 2025,verified_exact,Verified against archived PDF manulife-ML-Fund-Report-SAR-2025.pdf
Manulife,Manulife Income Series – Singapore Fund,88,docs/research/ilp-source-archive-2026-03-31/manulife-ML-Fund-Report-SAR-2025.pdf,https://www.manulife.com.sg/content/dam/insurance/sg/funds/ML-Fund%20Report_SAR.pdf,Expense Ratio,30 June 2025,verified_exact,Verified against archived PDF manulife-ML-Fund-Report-SAR-2025.pdf
Manulife,Manulife Income Series – Strategic Income Fund,92,docs/research/ilp-source-archive-2026-03-31/manulife-ML-Fund-Report-SAR-2025.pdf,https://www.manulife.com.sg/content/dam/insurance/sg/funds/ML-Fund%20Report_SAR.pdf,Expense Ratio,30 June 2025,verified_exact,Verified against archived PDF manulife-ML-Fund-Report-SAR-2025.pdf
Manulife,Manulife Income and Growth Fund,203,docs/research/ilp-source-archive-2026-03-31/manulife-ML-Fund-Report-SAR-2025.pdf,https://www.manulife.com.sg/content/dam/insurance/sg/funds/ML-Fund%20Report_SAR.pdf,Expense Ratio,30 June 2025,verified_exact,Verified against archived PDF manulife-ML-Fund-Report-SAR-2025.pdf
Manulife,Manulife India Equity Fund,51,docs/research/ilp-source-archive-2026-03-31/manulife-ML-Fund-Report-SAR-2025.pdf,https://www.manulife.com.sg/content/dam/insurance/sg/funds/ML-Fund%20Report_SAR.pdf,Expense Ratio,30 June 2025,verified_exact,Verified against archived PDF manulife-ML-Fund-Report-SAR-2025.pdf
Manulife,Manulife Japan Growth Fund,37,docs/research/ilp-source-archive-2026-03-31/manulife-ML-Fund-Report-SAR-2025.pdf,https://www.manulife.com.sg/content/dam/insurance/sg/funds/ML-Fund%20Report_SAR.pdf,Expense Ratio,30 June 2025,verified_exact,Verified against archived PDF manulife-ML-Fund-Report-SAR-2025.pdf
Manulife,Manulife Lifestyle Portfolios – Aggressive Fund,59,docs/research/ilp-source-archive-2026-03-31/manulife-ML-Fund-Report-SAR-2025.pdf,https://www.manulife.com.sg/content/dam/insurance/sg/funds/ML-Fund%20Report_SAR.pdf,Expense Ratio,30 June 2025,verified_exact,Verified against archived PDF manulife-ML-Fund-Report-SAR-2025.pdf
Manulife,Manulife Lifestyle Portfolios – Conservative Fund,69,docs/research/ilp-source-archive-2026-03-31/manulife-ML-Fund-Report-SAR-2025.pdf,https://www.manulife.com.sg/content/dam/insurance/sg/funds/ML-Fund%20Report_SAR.pdf,Expense Ratio,30 June 2025,verified_exact,Verified against archived PDF manulife-ML-Fund-Report-SAR-2025.pdf
Manulife,Manulife Lifestyle Portfolios – Growth Fund,61,docs/research/ilp-source-archive-2026-03-31/manulife-ML-Fund-Report-SAR-2025.pdf,https://www.manulife.com.sg/content/dam/insurance/sg/funds/ML-Fund%20Report_SAR.pdf,Expense Ratio,30 June 2025,verified_exact,Verified against archived PDF manulife-ML-Fund-Report-SAR-2025.pdf
Manulife,Manulife Lifestyle Portfolios – Moderate Fund,64,docs/research/ilp-source-archive-2026-03-31/manulife-ML-Fund-Report-SAR-2025.pdf,https://www.manulife.com.sg/content/dam/insurance/sg/funds/ML-Fund%20Report_SAR.pdf,Expense Ratio,30 June 2025,verified_exact,Verified against archived PDF manulife-ML-Fund-Report-SAR-2025.pdf
Manulife,Manulife Lifestyle Portfolios – Secure Fund,67,docs/research/ilp-source-archive-2026-03-31/manulife-ML-Fund-Report-SAR-2025.pdf,https://www.manulife.com.sg/content/dam/insurance/sg/funds/ML-Fund%20Report_SAR.pdf,Expense Ratio,30 June 2025,verified_exact,Verified against archived PDF manulife-ML-Fund-Report-SAR-2025.pdf
Manulife,Manulife Next Generation Technology Fund,207,docs/research/ilp-source-archive-2026-03-31/manulife-ML-Fund-Report-SAR-2025.pdf,https://www.manulife.com.sg/content/dam/insurance/sg/funds/ML-Fund%20Report_SAR.pdf,Expense Ratio,30 June 2025,verified_exact,Verified against archived PDF manulife-ML-Fund-Report-SAR-2025.pdf
Manulife,Manulife Regional China Fund,175,docs/research/ilp-source-archive-2026-03-31/manulife-ML-Fund-Report-SAR-2025.pdf,https://www.manulife.com.sg/content/dam/insurance/sg/funds/ML-Fund%20Report_SAR.pdf,Expense Ratio,30 June 2025,verified_exact,Verified against archived PDF manulife-ML-Fund-Report-SAR-2025.pdf
Manulife,Manulife Select Balanced Fund,138,docs/research/ilp-source-archive-2026-03-31/manulife-ML-Fund-Report-SAR-2025.pdf,https://www.manulife.com.sg/content/dam/insurance/sg/funds/ML-Fund%20Report_SAR.pdf,Expense Ratio,30 June 2025,verified_exact,Verified against archived PDF manulife-ML-Fund-Report-SAR-2025.pdf
Manulife,Manulife Select Conservative Fund,145,docs/research/ilp-source-archive-2026-03-31/manulife-ML-Fund-Report-SAR-2025.pdf,https://www.manulife.com.sg/content/dam/insurance/sg/funds/ML-Fund%20Report_SAR.pdf,Expense Ratio,30 June 2025,verified_exact,Verified against archived PDF manulife-ML-Fund-Report-SAR-2025.pdf
Manulife,Manulife Select Growth Fund,150,docs/research/ilp-source-archive-2026-03-31/manulife-ML-Fund-Report-SAR-2025.pdf,https://www.manulife.com.sg/content/dam/insurance/sg/funds/ML-Fund%20Report_SAR.pdf,Expense Ratio,30 June 2025,verified_exact,Verified against archived PDF manulife-ML-Fund-Report-SAR-2025.pdf
Manulife,Manulife Singapore Bond Fund,150,docs/research/ilp-source-archive-2026-03-31/manulife-ML-Fund-Report-SAR-2025.pdf,https://www.manulife.com.sg/content/dam/insurance/sg/funds/ML-Fund%20Report_SAR.pdf,Expense Ratio,30 June 2025,verified_exact,Verified against archived PDF manulife-ML-Fund-Report-SAR-2025.pdf
Manulife,Manulife Singapore Dividend Equity Fund,164,docs/research/ilp-source-archive-2026-03-31/manulife-ML-Fund-Report-SAR-2025.pdf,https://www.manulife.com.sg/content/dam/insurance/sg/funds/ML-Fund%20Report_SAR.pdf,Expense Ratio,30 June 2025,verified_exact,Verified against archived PDF manulife-ML-Fund-Report-SAR-2025.pdf
Manulife,Manulife Thematica Fund,211,docs/research/ilp-source-archive-2026-03-31/manulife-ML-Fund-Report-SAR-2025.pdf,https://www.manulife.com.sg/content/dam/insurance/sg/funds/ML-Fund%20Report_SAR.pdf,Expense Ratio,30 June 2025,verified_exact,Verified against archived PDF manulife-ML-Fund-Report-SAR-2025.pdf
Manulife,Manulife US Opportunities Fund,168,docs/research/ilp-source-archive-2026-03-31/manulife-ML-Fund-Report-SAR-2025.pdf,https://www.manulife.com.sg/content/dam/insurance/sg/funds/ML-Fund%20Report_SAR.pdf,Expense Ratio,30 June 2025,verified_exact,Verified against archived PDF manulife-ML-Fund-Report-SAR-2025.pdf
Prudential,PRULink ActiveInvest Portfolio Balanced Accumulation,1,docs/research/ilp-source-archive-2026-03-31/fee-verify-cache/360c3ebbb7a7-prulink-activeinvest-portfolio---balanced.pdf,https://www.prudential.com.sg/-/media/project/prudential/pdf/ebrochures/prulink-funds-updated/factsheets/prulink-activeinvest-portfolio---balanced.pdf,Continuing Investment Charge,,verified_exact,Verified against archived PDF 360c3ebbb7a7-prulink-activeinvest-portfolio---balanced.pdf
Prudential,PRULink ActiveInvest Portfolio Conservative Accumulation,1,docs/research/ilp-source-archive-2026-03-31/fee-verify-cache/6ddb9a6bb497-prulink-activeinvest-portfolio---conservative.pdf,https://www.prudential.com.sg/-/media/project/prudential/pdf/ebrochures/prulink-funds-updated/factsheets/prulink-activeinvest-portfolio---conservative.pdf,Continuing Investment Charge,,verified_exact,Verified against archived PDF 6ddb9a6bb497-prulink-activeinvest-portfolio---conservative.pdf
Prudential,PRULink ActiveInvest Portfolio Growth Accumulation,1,docs/research/ilp-source-archive-2026-03-31/fee-verify-cache/579b76bacc1a-prulink-activeinvest-portfolio---growth.pdf,https://www.prudential.com.sg/-/media/project/prudential/pdf/ebrochures/prulink-funds-updated/factsheets/prulink-activeinvest-portfolio---growth.pdf,Continuing Investment Charge,,verified_exact,Verified against archived PDF 579b76bacc1a-prulink-activeinvest-portfolio---growth.pdf
Prudential,PRULink ActiveInvest Portfolio Moderate Accumulation,1,docs/research/ilp-source-archive-2026-03-31/fee-verify-cache/abf181a479ae-prulink-activeinvest-portfolio---moderate.pdf,https://www.prudential.com.sg/-/media/project/prudential/pdf/ebrochures/prulink-funds-updated/factsheets/prulink-activeinvest-portfolio---moderate.pdf,Continuing Investment Charge,,verified_exact,Verified against archived PDF abf181a479ae-prulink-activeinvest-portfolio---moderate.pdf
Prudential,PRULink Adapt 2035 Fund,1,docs/research/ilp-source-archive-2026-03-31/fee-verify-cache/a7df0aa5f7ca-prulink-adapt-2035-fund-template.pdf,https://www.prudential.com.sg/-/media/project/prudential/pdf/ebrochures/prulink-funds-updated/factsheets/prulink-adapt-2035-fund-template.pdf,Continuing Investment Charge,,verified_exact,Verified against archived PDF a7df0aa5f7ca-prulink-adapt-2035-fund-template.pdf
Prudential,PRULink America Fund,1,docs/research/ilp-source-archive-2026-03-31/fee-verify-cache/b7362d1fa825-prulink-america-fund-template.pdf,https://www.prudential.com.sg/-/media/project/prudential/pdf/ebrochures/prulink-funds-updated/factsheets/prulink-america-fund-template.pdf,Continuing Investment Charge,,verified_exact,Verified against archived PDF b7362d1fa825-prulink-america-fund-template.pdf
Prudential,PRULink America Fund Accumulation,,https://www.prudential.com.sg/products/wealth-accumulation/ilp/prulink-funds/prulink-america-fund-accumulation#continuing-investment-charge,https://www.prudential.com.sg/products/wealth-accumulation/ilp/prulink-funds/prulink-america-fund-accumulation#continuing-investment-charge,Continuing Investment Charge,,verified_exact,Verified against official Prudential fund page HTML; fee appears in the Continuing Investment Charge card
Prudential,PRULink Asian American Managed Fund,1,docs/research/ilp-source-archive-2026-03-31/fee-verify-cache/6138d4549cef-prulink-asian-american-managed-fund-template.pdf,https://www.prudential.com.sg/-/media/project/prudential/pdf/ebrochures/prulink-funds-updated/factsheets/prulink-asian-american-managed-fund-template.pdf,Continuing Investment Charge,,verified_exact,Verified against archived PDF 6138d4549cef-prulink-asian-american-managed-fund-template.pdf
Prudential,PRULink Asian Equity Fund,1,docs/research/ilp-source-archive-2026-03-31/fee-verify-cache/ac10aa73b50e-prulink-asian-equity-fund-template.pdf,https://www.prudential.com.sg/-/media/project/prudential/pdf/ebrochures/prulink-funds-updated/factsheets/prulink-asian-equity-fund-template.pdf,Continuing Investment Charge,,verified_exact,Verified against archived PDF ac10aa73b50e-prulink-asian-equity-fund-template.pdf
Prudential,PRULink Asian Fixed Income Fund Accumulation,1,docs/research/ilp-source-archive-2026-03-31/fee-verify-cache/7a50f73b3055-prulink-asian-fixedincome-fund-accumulation.pdf,https://www.prudential.com.sg/-/media/project/prudential/pdf/ebrochures/prulink-funds/factsheets/prulink-asian-fixedincome-fund-accumulation.pdf,Continuing Investment Charge,,verified_exact,Verified against archived PDF 7a50f73b3055-prulink-asian-fixedincome-fund-accumulation.pdf
Prudential,PRULink Asian Fixed Income Fund Distribution,1,docs/research/ilp-source-archive-2026-03-31/fee-verify-cache/6747b1d29836-prulink-asian-fixedincome-fund-distribution.pdf,https://www.prudential.com.sg/-/media/project/prudential/pdf/ebrochures/prulink-funds/factsheets/prulink-asian-fixedincome-fund-distribution.pdf,Continuing Investment Charge,,verified_exact,Verified against archived PDF 6747b1d29836-prulink-asian-fixedincome-fund-distribution.pdf
Prudential,PRULink Asian Income Fund,1,docs/research/ilp-source-archive-2026-03-31/fee-verify-cache/23fbce1a7274-prulink-asian-income-fund-template.pdf,https://www.prudential.com.sg/-/media/project/prudential/pdf/ebrochures/prulink-funds-updated/factsheets/prulink-asian-income-fund-template.pdf,Continuing Investment Charge,,verified_exact,Verified against archived PDF 23fbce1a7274-prulink-asian-income-fund-template.pdf
Prudential,PRULink Asian Income and Growth Fund Accumulation,1,docs/research/ilp-source-archive-2026-03-31/fee-verify-cache/8b16c13e78d7-prulink-asian-income-and-growth-fund-template.pdf,https://www.prudential.com.sg/-/media/project/prudential/pdf/ebrochures/prulink-funds-updated/factsheets/prulink-asian-income-and-growth-fund-template.pdf,Continuing Investment Charge,,verified_exact,Verified against archived PDF 8b16c13e78d7-prulink-asian-income-and-growth-fund-template.pdf
Prudential,PRULink Asian Income and Growth Fund Distribution,1,docs/research/ilp-source-archive-2026-03-31/fee-verify-cache/8b16c13e78d7-prulink-asian-income-and-growth-fund-template.pdf,https://www.prudential.com.sg/-/media/project/prudential/pdf/ebrochures/prulink-funds-updated/factsheets/prulink-asian-income-and-growth-fund-template.pdf,Continuing Investment Charge,,verified_exact,Verified against archived PDF 8b16c13e78d7-prulink-asian-income-and-growth-fund-template.pdf
Prudential,PRULink Asian Income and Growth Fund USD Accumulation,1,docs/research/ilp-source-archive-2026-03-31/fee-verify-cache/8b16c13e78d7-prulink-asian-income-and-growth-fund-template.pdf,https://www.prudential.com.sg/-/media/project/prudential/pdf/ebrochures/prulink-funds-updated/factsheets/prulink-asian-income-and-growth-fund-template.pdf,Continuing Investment Charge,,verified_exact,Verified against archived PDF 8b16c13e78d7-prulink-asian-income-and-growth-fund-template.pdf
Prudential,PRULink Asian Low Volatility Equity Fund Accumulation,,https://www.prudential.com.sg/products/wealth-accumulation/ilp/prulink-funds/prulink-asian-low-volatility-equity-fund-accumulation#continuing-investment-charge,https://www.prudential.com.sg/products/wealth-accumulation/ilp/prulink-funds/prulink-asian-low-volatility-equity-fund-accumulation#continuing-investment-charge,Continuing Investment Charge,,verified_exact,Verified against official Prudential fund page HTML; fee appears in the Continuing Investment Charge card
Prudential,PRULink Asian Multi Asset Income Fund Accumulation,1,docs/research/ilp-source-archive-2026-03-31/fee-verify-cache/7990144bf76d-prulink-asian-multi-asset-income-fund-template.pdf,https://www.prudential.com.sg/-/media/project/prudential/pdf/ebrochures/prulink-funds-updated/factsheets/prulink-asian-multi-asset-income-fund-template.pdf,Continuing Investment Charge,,verified_exact,Verified against archived PDF 7990144bf76d-prulink-asian-multi-asset-income-fund-template.pdf
Prudential,PRULink Asian Multi Asset Income Fund Decumulation,1,docs/research/ilp-source-archive-2026-03-31/fee-verify-cache/d18a80ca626c-prulink-asian-multiasset-income-fund-decumulation.pdf,https://www.prudential.com.sg/-/media/project/prudential/pdf/ebrochures/prulink-funds/factsheets/prulink-asian-multiasset-income-fund-decumulation.pdf,Continuing Investment Charge,,verified_exact,Verified against archived PDF d18a80ca626c-prulink-asian-multiasset-income-fund-decumulation.pdf
Prudential,PRULink Asian Multi Asset Income Fund Distribution,1,docs/research/ilp-source-archive-2026-03-31/fee-verify-cache/2d4d41418f10-prulink-asian-multiasset-income-fund-distribution.pdf,https://www.prudential.com.sg/-/media/project/prudential/pdf/ebrochures/prulink-funds/factsheets/prulink-asian-multiasset-income-fund-distribution.pdf,Continuing Investment Charge,,verified_exact,Verified against archived PDF 2d4d41418f10-prulink-asian-multiasset-income-fund-distribution.pdf
Prudential,PRULink China India Fund,1,docs/research/ilp-source-archive-2026-03-31/fee-verify-cache/4dc7f7391258-prulink-china-india-fund.pdf,https://www.prudential.com.sg/-/media/project/prudential/pdf/ebrochures/prulink-funds/factsheets/prulink-china-india-fund.pdf,Continuing Investment Charge,,verified_exact,Verified against archived PDF 4dc7f7391258-prulink-china-india-fund.pdf
Prudential,PRULink Emerging Markets Fund,1,docs/research/ilp-source-archive-2026-03-31/fee-verify-cache/86f6d2d77911-prulink-emerging-markets-fund-template.pdf,https://www.prudential.com.sg/-/media/project/prudential/pdf/ebrochures/prulink-funds-updated/factsheets/prulink-emerging-markets-fund-template.pdf,Continuing Investment Charge,,verified_exact,Verified against archived PDF 86f6d2d77911-prulink-emerging-markets-fund-template.pdf
Prudential,PRULink FlexGrowth Fund,1,docs/research/ilp-source-archive-2026-03-31/fee-verify-cache/408a7cd693e0-prulink-flexgrowth-fund.pdf,https://www.prudential.com.sg/-/media/project/prudential/pdf/ebrochures/prulink-funds-updated/factsheets/prulink-flexgrowth-fund.pdf,Continuing Investment Charge,,verified_exact,Verified against archived PDF 408a7cd693e0-prulink-flexgrowth-fund.pdf
Prudential,PRULink Global Bond Fund,1,docs/research/ilp-source-archive-2026-03-31/fee-verify-cache/a94c2d06cc65-prulink-global-bond-fund-template.pdf,https://www.prudential.com.sg/-/media/project/prudential/pdf/ebrochures/prulink-funds-updated/factsheets/prulink-global-bond-fund-template.pdf,Continuing Investment Charge,,verified_exact,Verified against archived PDF a94c2d06cc65-prulink-global-bond-fund-template.pdf
Prudential,PRULink Global Climate Change Equity Fund Accumulation,1,docs/research/ilp-source-archive-2026-03-31/fee-verify-cache/d46c51cef93b-prulink-global-climate-change-equity-fund.pdf,https://www.prudential.com.sg/-/media/project/prudential/pdf/ebrochures/prulink-funds-updated/factsheets/prulink-global-climate-change-equity-fund.pdf,Continuing Investment Charge,,verified_exact,Verified against archived PDF d46c51cef93b-prulink-global-climate-change-equity-fund.pdf
Prudential,PRULink Global Diversified Income Fund Distribution,,https://www.prudential.com.sg/products/wealth-accumulation/ilp/prulink-funds/prulink-global-diversified-income-fund-distribution#continuing-investment-charge,https://www.prudential.com.sg/products/wealth-accumulation/ilp/prulink-funds/prulink-global-diversified-income-fund-distribution#continuing-investment-charge,Continuing Investment Charge,,verified_exact,Verified against official Prudential fund page HTML; fee appears in the Continuing Investment Charge card
Prudential,PRULink Global Dividend Wealth Fund Distribution,1,docs/research/ilp-source-archive-2026-03-31/fee-verify-cache/c343e3cfb331-prulink-global-dividend-wealth-fund-distribution.pdf,https://www.prudential.com.sg/-/media/project/prudential/pdf/ebrochures/prulink-funds-updated/factsheets/prulink-global-dividend-wealth-fund-distribution.pdf,Continuing Investment Charge,,verified_exact,Verified against archived PDF c343e3cfb331-prulink-global-dividend-wealth-fund-distribution.pdf
Prudential,PRULink Global Episode Macro Fund Accumulation,,https://www.prudential.com.sg/products/wealth-accumulation/ilp/prulink-funds/prulink-global-episode-macro-fund-accumulation#continuing-investment-charge,https://www.prudential.com.sg/products/wealth-accumulation/ilp/prulink-funds/prulink-global-episode-macro-fund-accumulation#continuing-investment-charge,Continuing Investment Charge,,verified_exact,Verified against official Prudential fund page HTML; fee appears in the Continuing Investment Charge card
Prudential,PRULink Global Equity Fund,1,docs/research/ilp-source-archive-2026-03-31/fee-verify-cache/8d4d7a22c6c3-prulink-global-equity-fund.pdf,https://www.prudential.com.sg/-/media/project/prudential/pdf/ebrochures/prulink-funds/factsheets/prulink-global-equity-fund.pdf,Continuing Investment Charge,,verified_exact,Verified against archived PDF 8d4d7a22c6c3-prulink-global-equity-fund.pdf
Prudential,PRULink Global Equity Fund Accumulation,1,docs/research/ilp-source-archive-2026-03-31/fee-verify-cache/adf20b5dc282-prulink-global-equity-fund-dis.pdf,https://www.prudential.com.sg/-/media/project/prudential/pdf/ebrochures/prulink-funds/factsheets/prulink-global-equity-fund-dis.pdf,Continuing Investment Charge,,verified_exact,Verified against archived PDF adf20b5dc282-prulink-global-equity-fund-dis.pdf
Prudential,PRULink Global Equity Fund Distribution,1,docs/research/ilp-source-archive-2026-03-31/fee-verify-cache/adf20b5dc282-prulink-global-equity-fund-dis.pdf,https://www.prudential.com.sg/-/media/project/prudential/pdf/ebrochures/prulink-funds/factsheets/prulink-global-equity-fund-dis.pdf,Continuing Investment Charge,,verified_exact,Verified against archived PDF adf20b5dc282-prulink-global-equity-fund-dis.pdf
Prudential,PRULink Global Equity Growth Accumulation,,https://www.prudential.com.sg/products/wealth-accumulation/ilp/prulink-funds/prulink-global-equity-growth-accumulation#continuing-investment-charge,https://www.prudential.com.sg/products/wealth-accumulation/ilp/prulink-funds/prulink-global-equity-growth-accumulation#continuing-investment-charge,Continuing Investment Charge,,verified_exact,Verified against official Prudential fund page HTML; fee appears in the Continuing Investment Charge card
Prudential,PRULink Global Fixed Income Fund Accumulation,1,docs/research/ilp-source-archive-2026-03-31/fee-verify-cache/996128171e36-prulink-global-fixed-income-fund-template.pdf,https://www.prudential.com.sg/-/media/project/prudential/pdf/ebrochures/prulink-funds-updated/factsheets/prulink-global-fixed-income-fund-template.pdf,Continuing Investment Charge,,verified_exact,Verified against archived PDF 996128171e36-prulink-global-fixed-income-fund-template.pdf
Prudential,PRULink Global Fixed Income Fund USD Accumulation,1,docs/research/ilp-source-archive-2026-03-31/fee-verify-cache/996128171e36-prulink-global-fixed-income-fund-template.pdf,https://www.prudential.com.sg/-/media/project/prudential/pdf/ebrochures/prulink-funds-updated/factsheets/prulink-global-fixed-income-fund-template.pdf,Continuing Investment Charge,,verified_exact,Verified against archived PDF 996128171e36-prulink-global-fixed-income-fund-template.pdf
Prudential,PRULink Global Growth Fund Accumulation,1,docs/research/ilp-source-archive-2026-03-31/fee-verify-cache/4f3291aae57c-prulink-global-growth-fund-accumulation.pdf,https://www.prudential.com.sg/-/media/project/prudential/pdf/ebrochures/prulink-funds-updated/factsheets/prulink-global-growth-fund-accumulation.pdf,Continuing Investment Charge,,verified_exact,Verified against archived PDF 4f3291aae57c-prulink-global-growth-fund-accumulation.pdf
Prudential,PRULink Global Impact ESG Equity Fund Accumulation,1,docs/research/ilp-source-archive-2026-03-31/fee-verify-cache/d2028400e735-prulink-global-impact-esg-equity-fund.pdf,https://www.prudential.com.sg/-/media/project/prudential/pdf/ebrochures/prulink-funds-updated/factsheets/prulink-global-impact-esg-equity-fund.pdf,Continuing Investment Charge,,verified_exact,Verified against archived PDF d2028400e735-prulink-global-impact-esg-equity-fund.pdf
Prudential,PRULink Global Income Fund Accumulation,1,docs/research/ilp-source-archive-2026-03-31/fee-verify-cache/d1410b841382-prulink-global-income-fund-accumulation.pdf,https://www.prudential.com.sg/-/media/project/prudential/pdf/ebrochures/prulink-funds-updated/factsheets/prulink-global-income-fund-accumulation.pdf,Continuing Investment Charge,,verified_exact,Verified against archived PDF d1410b841382-prulink-global-income-fund-accumulation.pdf
Prudential,PRULink Global Innovation Equity Fund Accumulation,1,docs/research/ilp-source-archive-2026-03-31/fee-verify-cache/79ae538a0cf1-prulink-global-innovation-equity-fund.pdf,https://www.prudential.com.sg/-/media/project/prudential/pdf/ebrochures/prulink-funds-updated/factsheets/prulink-global-innovation-equity-fund.pdf,Continuing Investment Charge,,verified_exact,Verified against archived PDF 79ae538a0cf1-prulink-global-innovation-equity-fund.pdf
Prudential,PRULink Global Managed Fund,1,docs/research/ilp-source-archive-2026-03-31/fee-verify-cache/1a2e68830f20-prulink-global-managed-fund-template.pdf,https://www.prudential.com.sg/-/media/project/prudential/pdf/ebrochures/prulink-funds-updated/factsheets/prulink-global-managed-fund-template.pdf,Continuing Investment Charge,,verified_exact,Verified against archived PDF 1a2e68830f20-prulink-global-managed-fund-template.pdf
Prudential,PRULink Global Managed Fund Distribution,1,docs/research/ilp-source-archive-2026-03-31/fee-verify-cache/01be922f1109-prulink-global-managed-fund-dis.pdf,https://www.prudential.com.sg/-/media/project/prudential/pdf/ebrochures/prulink-funds/factsheets/prulink-global-managed-fund-dis.pdf,Continuing Investment Charge,,verified_exact,Verified against archived PDF 01be922f1109-prulink-global-managed-fund-dis.pdf
Prudential,PRULink Global Multi Asset Income Fund Accumulation,1,docs/research/ilp-source-archive-2026-03-31/fee-verify-cache/e1901c807333-prulink-global-multi-asset-income-fund-template.pdf,https://www.prudential.com.sg/-/media/project/prudential/pdf/ebrochures/prulink-funds-updated/factsheets/prulink-global-multi-asset-income-fund-template.pdf,Continuing Investment Charge,,verified_exact,Verified against archived PDF e1901c807333-prulink-global-multi-asset-income-fund-template.pdf
Prudential,PRULink Global Multi Asset Income Fund Decumulation,1,docs/research/ilp-source-archive-2026-03-31/fee-verify-cache/d406c137f032-prulink-global-multiasset-income-fund-decumulation.pdf,https://www.prudential.com.sg/-/media/project/prudential/pdf/ebrochures/prulink-funds/factsheets/prulink-global-multiasset-income-fund-decumulation.pdf,Continuing Investment Charge,,verified_exact,Verified against archived PDF d406c137f032-prulink-global-multiasset-income-fund-decumulation.pdf
Prudential,PRULink Global Multi Asset Income Fund Distribution,1,docs/research/ilp-source-archive-2026-03-31/fee-verify-cache/2d40713b6b65-prulink-global-multiasset-income-fund-distribution.pdf,https://www.prudential.com.sg/-/media/project/prudential/pdf/ebrochures/prulink-funds/factsheets/prulink-global-multiasset-income-fund-distribution.pdf,Continuing Investment Charge,,verified_exact,Verified against archived PDF 2d40713b6b65-prulink-global-multiasset-income-fund-distribution.pdf
Prudential,PRULink Global Property Securities Fund,1,docs/research/ilp-source-archive-2026-03-31/fee-verify-cache/7529422dd023-prulink-global-property-securities-fund-template.pdf,https://www.prudential.com.sg/-/media/project/prudential/pdf/ebrochures/prulink-funds-updated/factsheets/prulink-global-property-securities-fund-template.pdf,Continuing Investment Charge,,verified_exact,Verified against archived PDF 7529422dd023-prulink-global-property-securities-fund-template.pdf
Prudential,PRULink Global Signature CIO Balance Fund Accumulation,,https://www.prudential.com.sg/products/wealth-accumulation/ilp/prulink-funds/prulink-global-signature-cio-balance-fund-accumulation#continuing-investment-charge,https://www.prudential.com.sg/products/wealth-accumulation/ilp/prulink-funds/prulink-global-signature-cio-balance-fund-accumulation#continuing-investment-charge,Continuing Investment Charge,,verified_exact,Verified against official Prudential fund page HTML; fee appears in the Continuing Investment Charge card
Prudential,PRULink Global Signature CIO Growth Fund Accumulation,1,docs/research/ilp-source-archive-2026-03-31/fee-verify-cache/0721b69402a3-prulink-global-signature-cio-growth-fund.pdf,https://www.prudential.com.sg/-/media/project/prudential/pdf/ebrochures/prulink-funds-updated/factsheets/prulink-global-signature-cio-growth-fund.pdf,Continuing Investment Charge,,verified_exact,Verified against archived PDF 0721b69402a3-prulink-global-signature-cio-growth-fund.pdf
Prudential,PRULink Global Signature CIO Income Fund Distribution,1,docs/research/ilp-source-archive-2026-03-31/fee-verify-cache/a05f1c355f98-prulink-global-signature-cio-income-fund.pdf,https://www.prudential.com.sg/-/media/project/prudential/pdf/ebrochures/prulink-funds-updated/factsheets/prulink-global-signature-cio-income-fund.pdf,Continuing Investment Charge,,verified_exact,Verified against archived PDF a05f1c355f98-prulink-global-signature-cio-income-fund.pdf
Prudential,PRULink Global Technology Fund,1,docs/research/ilp-source-archive-2026-03-31/fee-verify-cache/2da13f9aa433-prulink-global-technology-fund-template.pdf,https://www.prudential.com.sg/-/media/project/prudential/pdf/ebrochures/prulink-funds-updated/factsheets/prulink-global-technology-fund-template.pdf,Continuing Investment Charge,,verified_exact,Verified against archived PDF 2da13f9aa433-prulink-global-technology-fund-template.pdf
Prudential,PRULink Greater China Fund,1,docs/research/ilp-source-archive-2026-03-31/fee-verify-cache/0a181c13950d-prulink-greater-china-fund-template.pdf,https://www.prudential.com.sg/-/media/project/prudential/pdf/ebrochures/prulink-funds-updated/factsheets/prulink-greater-china-fund-template.pdf,Continuing Investment Charge,,verified_exact,Verified against archived PDF 0a181c13950d-prulink-greater-china-fund-template.pdf
Prudential,PRULink Greater China Fund Accumulation,,https://www.prudential.com.sg/products/wealth-accumulation/ilp/prulink-funds/prulink-greater-china-fund-accumulation#continuing-investment-charge,https://www.prudential.com.sg/products/wealth-accumulation/ilp/prulink-funds/prulink-greater-china-fund-accumulation#continuing-investment-charge,Continuing Investment Charge,,verified_exact,Verified against official Prudential fund page HTML; fee appears in the Continuing Investment Charge card
Prudential,PRULink India Equity Fund,1,docs/research/ilp-source-archive-2026-03-31/fee-verify-cache/a6d3c9d55c29-prulink-india-equity-template.pdf,https://www.prudential.com.sg/-/media/project/prudential/pdf/ebrochures/prulink-funds-updated/factsheets/prulink-india-equity-template.pdf,Continuing Investment Charge,,verified_exact,Verified against archived PDF a6d3c9d55c29-prulink-india-equity-template.pdf
Prudential,PRULink India Opportunity Equity Fund Accumulation,,https://www.prudential.com.sg/products/wealth-accumulation/ilp/prulink-funds/prulink-india-opportunity-equity-fund-accumulation#continuing-investment-charge,https://www.prudential.com.sg/products/wealth-accumulation/ilp/prulink-funds/prulink-india-opportunity-equity-fund-accumulation#continuing-investment-charge,Continuing Investment Charge,,verified_exact,Verified against official Prudential fund page HTML; fee appears in the Continuing Investment Charge card
Prudential,PRULink Islamic Global Equity Index Fund Accumulation,1,docs/research/ilp-source-archive-2026-03-31/fee-verify-cache/3e8b8b133aef-prulink-islamic-global-equity-index-fund-accumulation.pdf,https://www.prudential.com.sg/-/media/project/prudential/pdf/ebrochures/prulink-funds-updated/factsheets/prulink-islamic-global-equity-index-fund-accumulation.pdf,Continuing Investment Charge,,verified_exact,Verified against archived PDF 3e8b8b133aef-prulink-islamic-global-equity-index-fund-accumulation.pdf
Prudential,PRULink Pan European Fund,1,docs/research/ilp-source-archive-2026-03-31/fee-verify-cache/c9ba575c4d45-prulink-pan-european-fund-template.pdf,https://www.prudential.com.sg/-/media/project/prudential/pdf/ebrochures/prulink-funds-updated/factsheets/prulink-pan-european-fund-template.pdf,Continuing Investment Charge,,verified_exact,Verified against archived PDF c9ba575c4d45-prulink-pan-european-fund-template.pdf
Prudential,PRULink Singapore ASEAN Managed Fund,1,docs/research/ilp-source-archive-2026-03-31/fee-verify-cache/1223ffe2f728-prulink-singapore-asean-managed-fund-template.pdf,https://www.prudential.com.sg/-/media/project/prudential/pdf/ebrochures/prulink-funds-updated/factsheets/prulink-singapore-asean-managed-fund-template.pdf,Continuing Investment Charge,,verified_exact,Verified against archived PDF 1223ffe2f728-prulink-singapore-asean-managed-fund-template.pdf
Prudential,PRULink Singapore Asian Managed Fund,1,docs/research/ilp-source-archive-2026-03-31/fee-verify-cache/15d3f9950f51-prulink-singapore-asian-managed-fund-template.pdf,https://www.prudential.com.sg/-/media/project/prudential/pdf/ebrochures/prulink-funds-updated/factsheets/prulink-singapore-asian-managed-fund-template.pdf,Continuing Investment Charge,,verified_exact,Verified against archived PDF 15d3f9950f51-prulink-singapore-asian-managed-fund-template.pdf
Prudential,PRULink Singapore Cash Fund,1,docs/research/ilp-source-archive-2026-03-31/fee-verify-cache/3dccece17d5c-prulink-singapore-cash-fund-template.pdf,https://www.prudential.com.sg/-/media/project/prudential/pdf/ebrochures/prulink-funds-updated/factsheets/prulink-singapore-cash-fund-template.pdf,Continuing Investment Charge,,verified_exact,Verified against archived PDF 3dccece17d5c-prulink-singapore-cash-fund-template.pdf
Prudential,PRULink Singapore Dynamic Bond Fund Accumulation,1,docs/research/ilp-source-archive-2026-03-31/fee-verify-cache/f0e4dfc7b216-prulink-singapore-dynamic-bond-fund-template.pdf,https://www.prudential.com.sg/-/media/project/prudential/pdf/ebrochures/prulink-funds-updated/factsheets/prulink-singapore-dynamic-bond-fund-template.pdf,Continuing Investment Charge,,verified_exact,Verified against archived PDF f0e4dfc7b216-prulink-singapore-dynamic-bond-fund-template.pdf
Prudential,PRULink Singapore Dynamic Bond Fund Distribution,1,docs/research/ilp-source-archive-2026-03-31/fee-verify-cache/3793d23f31a7-prulink-singapore-dynamic-bond-fund-dis.pdf,https://www.prudential.com.sg/-/media/project/prudential/pdf/ebrochures/prulink-funds/factsheets/prulink-singapore-dynamic-bond-fund-dis.pdf,Continuing Investment Charge,,verified_exact,Verified against archived PDF 3793d23f31a7-prulink-singapore-dynamic-bond-fund-dis.pdf
Prudential,PRULink Singapore Growth Fund,1,docs/research/ilp-source-archive-2026-03-31/fee-verify-cache/9616e2a993ba-prulink-singapore-growth-fund-template.pdf,https://www.prudential.com.sg/-/media/project/prudential/pdf/ebrochures/prulink-funds-updated/factsheets/prulink-singapore-growth-fund-template.pdf,Continuing Investment Charge,,verified_exact,Verified against archived PDF 9616e2a993ba-prulink-singapore-growth-fund-template.pdf
Prudential,PRULink StrategicInvest Income Fund Distribution,,https://www.prudential.com.sg/products/wealth-accumulation/ilp/prulink-funds/prulink-strategicinvest-income-fund-distribution#continuing-investment-charge,https://www.prudential.com.sg/products/wealth-accumulation/ilp/prulink-funds/prulink-strategicinvest-income-fund-distribution#continuing-investment-charge,Continuing Investment Charge,,verified_exact,Verified against official Prudential fund page HTML; fee appears in the Continuing Investment Charge card
Prudential,PRULink StrategicInvest Income Fund USD Distribution,,https://www.prudential.com.sg/products/wealth-accumulation/ilp/prulink-funds/prulink-strategicinvest-income-fund-usd-distribution#continuing-investment-charge,https://www.prudential.com.sg/products/wealth-accumulation/ilp/prulink-funds/prulink-strategicinvest-income-fund-usd-distribution#continuing-investment-charge,Continuing Investment Charge,,verified_exact,Verified against official Prudential fund page HTML; fee appears in the Continuing Investment Charge card
Prudential,PRULink US Dividend Wealth Fund Distribution,1,docs/research/ilp-source-archive-2026-03-31/fee-verify-cache/c1327c24930a-prulink-us-dividend-wealth-fund-distribution.pdf,https://www.prudential.com.sg/-/media/project/prudential/pdf/ebrochures/prulink-funds-updated/factsheets/prulink-us-dividend-wealth-fund-distribution.pdf,Continuing Investment Charge,,verified_exact,Verified against archived PDF c1327c24930a-prulink-us-dividend-wealth-fund-distribution.pdf
Prudential,PRULink US Dividend Wealth Fund USD Distribution,1,docs/research/ilp-source-archive-2026-03-31/fee-verify-cache/c1327c24930a-prulink-us-dividend-wealth-fund-distribution.pdf,https://www.prudential.com.sg/-/media/project/prudential/pdf/ebrochures/prulink-funds-updated/factsheets/prulink-us-dividend-wealth-fund-distribution.pdf,Continuing Investment Charge,,verified_exact,Verified against archived PDF c1327c24930a-prulink-us-dividend-wealth-fund-distribution.pdf
Singlife,AB SICAV I - AB International Health Care Portfolio,42,docs/research/ilp-source-archive-2026-03-31/singlife-semiannual-2025.pdf,https://content.singlife.com/content/dam/public/sg/documents/investment/reports/semi-annual-ilp-funds-report-thick-31-dec-2025.pdf,Expense Ratio,31 December 2025,verified_exact,Verified against archived PDF singlife-semiannual-2025.pdf
Singlife,AB SICAV I - All Market Income Portfolio,44,docs/research/ilp-source-archive-2026-03-31/singlife-semiannual-2025.pdf,https://content.singlife.com/content/dam/public/sg/documents/investment/reports/semi-annual-ilp-funds-report-thick-31-dec-2025.pdf,Expense Ratio,31 December 2025,verified_exact,Verified against archived PDF singlife-semiannual-2025.pdf
Singlife,AB SICAV I - Sustainable US Thematic Portfolio,46,docs/research/ilp-source-archive-2026-03-31/singlife-semiannual-2025.pdf,https://content.singlife.com/content/dam/public/sg/documents/investment/reports/semi-annual-ilp-funds-report-thick-31-dec-2025.pdf,Expense Ratio,31 December 2025,verified_exact,Verified against archived PDF singlife-semiannual-2025.pdf
Singlife,Allianz Global Investors Fund - Allianz Best Styles Global Equity Fund,48,docs/research/ilp-source-archive-2026-03-31/singlife-semiannual-2025.pdf,https://content.singlife.com/content/dam/public/sg/documents/investment/reports/semi-annual-ilp-funds-report-thick-31-dec-2025.pdf,Expense Ratio,31 December 2025,verified_exact,Verified against archived PDF singlife-semiannual-2025.pdf
Singlife,Allianz Global Investors Fund - Allianz China Equity Fund,50,docs/research/ilp-source-archive-2026-03-31/singlife-semiannual-2025.pdf,https://content.singlife.com/content/dam/public/sg/documents/investment/reports/semi-annual-ilp-funds-report-thick-31-dec-2025.pdf,Expense Ratio,31 December 2025,verified_exact,Verified against archived PDF singlife-semiannual-2025.pdf
Singlife,Allianz Global Investors Fund - Allianz Global Sustainability Fund (EUR),58,docs/research/ilp-source-archive-2026-03-31/singlife-semiannual-2025.pdf,https://content.singlife.com/content/dam/public/sg/documents/investment/reports/semi-annual-ilp-funds-report-thick-31-dec-2025.pdf,Expense Ratio,31 December 2025,verified_exact,Verified against archived PDF singlife-semiannual-2025.pdf
Singlife,Allianz Global Investors Fund - Allianz Global Sustainability Fund (SGD),58,docs/research/ilp-source-archive-2026-03-31/singlife-semiannual-2025.pdf,https://content.singlife.com/content/dam/public/sg/documents/investment/reports/semi-annual-ilp-funds-report-thick-31-dec-2025.pdf,Expense Ratio,31 December 2025,verified_exact,Verified against archived PDF singlife-semiannual-2025.pdf
Singlife,Allianz Global Investors Fund - Allianz Income and Growth Fund,56,docs/research/ilp-source-archive-2026-03-31/singlife-semiannual-2025.pdf,https://content.singlife.com/content/dam/public/sg/documents/investment/reports/semi-annual-ilp-funds-report-thick-31-dec-2025.pdf,Expense Ratio,31 December 2025,verified_exact,Verified against archived PDF singlife-semiannual-2025.pdf
Singlife,Allianz Global Investors Fund - Allianz Oriental Income Fund,58,docs/research/ilp-source-archive-2026-03-31/singlife-semiannual-2025.pdf,https://content.singlife.com/content/dam/public/sg/documents/investment/reports/semi-annual-ilp-funds-report-thick-31-dec-2025.pdf,Expense Ratio,31 December 2025,verified_exact,Verified against archived PDF singlife-semiannual-2025.pdf
Singlife,Allianz Global Investors Premier Funds - Allianz Global High Payout Fund,60,docs/research/ilp-source-archive-2026-03-31/singlife-semiannual-2025.pdf,https://content.singlife.com/content/dam/public/sg/documents/investment/reports/semi-annual-ilp-funds-report-thick-31-dec-2025.pdf,Expense Ratio,31 December 2025,verified_exact,Verified against archived PDF singlife-semiannual-2025.pdf
Singlife,Amundi Funds - Global Government Bond,62,docs/research/ilp-source-archive-2026-03-31/singlife-semiannual-2025.pdf,https://content.singlife.com/content/dam/public/sg/documents/investment/reports/semi-annual-ilp-funds-report-thick-31-dec-2025.pdf,Expense Ratio,31 December 2025,verified_exact,Verified against archived PDF singlife-semiannual-2025.pdf
Singlife,Amundi Funds - Real Assets Target Income,64,docs/research/ilp-source-archive-2026-03-31/singlife-semiannual-2025.pdf,https://content.singlife.com/content/dam/public/sg/documents/investment/reports/semi-annual-ilp-funds-report-thick-31-dec-2025.pdf,Expense Ratio,31 December 2025,verified_exact,Verified against archived PDF singlife-semiannual-2025.pdf
Singlife,Aviva Investors - Global High Yield Bond Fund,66,docs/research/ilp-source-archive-2026-03-31/singlife-semiannual-2025.pdf,https://content.singlife.com/content/dam/public/sg/documents/investment/reports/semi-annual-ilp-funds-report-thick-31-dec-2025.pdf,Expense Ratio,31 December 2025,verified_exact,Verified against archived PDF singlife-semiannual-2025.pdf
Singlife,Aviva Investors - Multi-Strategy Target Return Fund,68,docs/research/ilp-source-archive-2026-03-31/singlife-semiannual-2025.pdf,https://content.singlife.com/content/dam/public/sg/documents/investment/reports/semi-annual-ilp-funds-report-thick-31-dec-2025.pdf,Expense Ratio,31 December 2025,verified_exact,Verified against archived PDF singlife-semiannual-2025.pdf
Singlife,BNP Paribas Funds Aqua,112,docs/research/ilp-source-archive-2026-03-31/singlife-semiannual-2025.pdf,https://content.singlife.com/content/dam/public/sg/documents/investment/reports/semi-annual-ilp-funds-report-thick-31-dec-2025.pdf,Expense Ratio,31 December 2025,verified_exact,Verified against archived PDF singlife-semiannual-2025.pdf
Singlife,BNP Paribas Funds Euro Money Market,115,docs/research/ilp-source-archive-2026-03-31/singlife-semiannual-2025.pdf,https://content.singlife.com/content/dam/public/sg/documents/investment/reports/semi-annual-ilp-funds-report-thick-31-dec-2025.pdf,Expense Ratio,,verified_exact,Verified against archived PDF singlife-semiannual-2025.pdf
Singlife,BNP Paribas Funds Global Environment (SGD),120,docs/research/ilp-source-archive-2026-03-31/singlife-semiannual-2025.pdf,https://content.singlife.com/content/dam/public/sg/documents/investment/reports/semi-annual-ilp-funds-report-thick-31-dec-2025.pdf,Expense Ratio,31 December 2025,verified_exact,Verified against archived PDF singlife-semiannual-2025.pdf
Singlife,BNP Paribas Funds Global Environment (USD),120,docs/research/ilp-source-archive-2026-03-31/singlife-semiannual-2025.pdf,https://content.singlife.com/content/dam/public/sg/documents/investment/reports/semi-annual-ilp-funds-report-thick-31-dec-2025.pdf,Expense Ratio,31 December 2025,verified_exact,Verified against archived PDF singlife-semiannual-2025.pdf
Singlife,BNP Paribas Funds Russia Equity,122,docs/research/ilp-source-archive-2026-03-31/singlife-semiannual-2025.pdf,https://content.singlife.com/content/dam/public/sg/documents/investment/reports/semi-annual-ilp-funds-report-thick-31-dec-2025.pdf,Expense Ratio,,verified_exact,Verified against archived PDF singlife-semiannual-2025.pdf
Singlife,BNP Paribas Funds USD Money Market,125,docs/research/ilp-source-archive-2026-03-31/singlife-semiannual-2025.pdf,https://content.singlife.com/content/dam/public/sg/documents/investment/reports/semi-annual-ilp-funds-report-thick-31-dec-2025.pdf,Expense Ratio,,verified_exact,Verified against archived PDF singlife-semiannual-2025.pdf
Singlife,BNP Paribas Islamic Fund Equity Optimiser,128,docs/research/ilp-source-archive-2026-03-31/singlife-semiannual-2025.pdf,https://content.singlife.com/content/dam/public/sg/documents/investment/reports/semi-annual-ilp-funds-report-thick-31-dec-2025.pdf,Expense Ratio,31 December 2025,verified_exact,Verified against archived PDF singlife-semiannual-2025.pdf
Singlife,Baillie Gifford Worldwide Long Term Global Growth Fund,70,docs/research/ilp-source-archive-2026-03-31/singlife-semiannual-2025.pdf,https://content.singlife.com/content/dam/public/sg/documents/investment/reports/semi-annual-ilp-funds-report-thick-31-dec-2025.pdf,Expense Ratio,31 December 2025,verified_exact,Verified against archived PDF singlife-semiannual-2025.pdf
Singlife,Baillie Gifford Worldwide Positive Change Fund,72,docs/research/ilp-source-archive-2026-03-31/singlife-semiannual-2025.pdf,https://content.singlife.com/content/dam/public/sg/documents/investment/reports/semi-annual-ilp-funds-report-thick-31-dec-2025.pdf,Expense Ratio,31 December 2025,verified_exact,Verified against archived PDF singlife-semiannual-2025.pdf
Singlife,BlackRock Funds I ICAV - BlackRock Advantage Europe Equity Fund,74,docs/research/ilp-source-archive-2026-03-31/singlife-semiannual-2025.pdf,https://content.singlife.com/content/dam/public/sg/documents/investment/reports/semi-annual-ilp-funds-report-thick-31-dec-2025.pdf,Expense Ratio,31 December 2025,verified_exact,Verified against archived PDF singlife-semiannual-2025.pdf
Singlife,BlackRock Global Funds - Asian Tiger Bond Fund,76,docs/research/ilp-source-archive-2026-03-31/singlife-semiannual-2025.pdf,https://content.singlife.com/content/dam/public/sg/documents/investment/reports/semi-annual-ilp-funds-report-thick-31-dec-2025.pdf,Expense Ratio,31 December 2025,verified_exact,Verified against archived PDF singlife-semiannual-2025.pdf
Singlife,BlackRock Global Funds - ESG Multi-Asset Fund,78,docs/research/ilp-source-archive-2026-03-31/singlife-semiannual-2025.pdf,https://content.singlife.com/content/dam/public/sg/documents/investment/reports/semi-annual-ilp-funds-report-thick-31-dec-2025.pdf,Expense Ratio,31 December 2025,verified_exact,Verified against archived PDF singlife-semiannual-2025.pdf
Singlife,BlackRock Global Funds - European Equity Income Fund,80,docs/research/ilp-source-archive-2026-03-31/singlife-semiannual-2025.pdf,https://content.singlife.com/content/dam/public/sg/documents/investment/reports/semi-annual-ilp-funds-report-thick-31-dec-2025.pdf,Expense Ratio,31 December 2025,verified_exact,Verified against archived PDF singlife-semiannual-2025.pdf
Singlife,BlackRock Global Funds - Future Of Transport Fund,82,docs/research/ilp-source-archive-2026-03-31/singlife-semiannual-2025.pdf,https://content.singlife.com/content/dam/public/sg/documents/investment/reports/semi-annual-ilp-funds-report-thick-31-dec-2025.pdf,Expense Ratio,31 December 2025,verified_exact,Verified against archived PDF singlife-semiannual-2025.pdf
Singlife,BlackRock Global Funds - Global Allocation Fund,84,docs/research/ilp-source-archive-2026-03-31/singlife-semiannual-2025.pdf,https://content.singlife.com/content/dam/public/sg/documents/investment/reports/semi-annual-ilp-funds-report-thick-31-dec-2025.pdf,Expense Ratio,31 December 2025,verified_exact,Verified against archived PDF singlife-semiannual-2025.pdf
Singlife,BlackRock Global Funds - Latin American Fund,86,docs/research/ilp-source-archive-2026-03-31/singlife-semiannual-2025.pdf,https://content.singlife.com/content/dam/public/sg/documents/investment/reports/semi-annual-ilp-funds-report-thick-31-dec-2025.pdf,Expense Ratio,31 December 2025,verified_exact,Verified against archived PDF singlife-semiannual-2025.pdf
Singlife,BlackRock Global Funds - Next Generation Technology Fund,88,docs/research/ilp-source-archive-2026-03-31/singlife-semiannual-2025.pdf,https://content.singlife.com/content/dam/public/sg/documents/investment/reports/semi-annual-ilp-funds-report-thick-31-dec-2025.pdf,Expense Ratio,31 December 2025,verified_exact,Verified against archived PDF singlife-semiannual-2025.pdf
Singlife,BlackRock Global Funds - Sustainable Energy Fund (SGD),92,docs/research/ilp-source-archive-2026-03-31/singlife-semiannual-2025.pdf,https://content.singlife.com/content/dam/public/sg/documents/investment/reports/semi-annual-ilp-funds-report-thick-31-dec-2025.pdf,Expense Ratio,31 December 2025,verified_exact,Verified against archived PDF singlife-semiannual-2025.pdf
Singlife,BlackRock Global Funds - Sustainable Energy Fund (USD),92,docs/research/ilp-source-archive-2026-03-31/singlife-semiannual-2025.pdf,https://content.singlife.com/content/dam/public/sg/documents/investment/reports/semi-annual-ilp-funds-report-thick-31-dec-2025.pdf,Expense Ratio,31 December 2025,verified_exact,Verified against archived PDF singlife-semiannual-2025.pdf
Singlife,BlackRock Global Funds - Systematic Global SmallCap Fund,94,docs/research/ilp-source-archive-2026-03-31/singlife-semiannual-2025.pdf,https://content.singlife.com/content/dam/public/sg/documents/investment/reports/semi-annual-ilp-funds-report-thick-31-dec-2025.pdf,Expense Ratio,31 December 2025,verified_exact,Verified against archived PDF singlife-semiannual-2025.pdf
Singlife,BlackRock Global Funds - United Kingdom Fund,96,docs/research/ilp-source-archive-2026-03-31/singlife-semiannual-2025.pdf,https://content.singlife.com/content/dam/public/sg/documents/investment/reports/semi-annual-ilp-funds-report-thick-31-dec-2025.pdf,Expense Ratio,31 December 2025,verified_exact,Verified against archived PDF singlife-semiannual-2025.pdf
Singlife,BlackRock Global Funds - World Energy Fund,98,docs/research/ilp-source-archive-2026-03-31/singlife-semiannual-2025.pdf,https://content.singlife.com/content/dam/public/sg/documents/investment/reports/semi-annual-ilp-funds-report-thick-31-dec-2025.pdf,Expense Ratio,31 December 2025,verified_exact,Verified against archived PDF singlife-semiannual-2025.pdf
Singlife,BlackRock Global Funds - World Gold Fund (SGD),106,docs/research/ilp-source-archive-2026-03-31/singlife-semiannual-2025.pdf,https://content.singlife.com/content/dam/public/sg/documents/investment/reports/semi-annual-ilp-funds-report-thick-31-dec-2025.pdf,Expense Ratio,31 December 2025,verified_exact,Verified against archived PDF singlife-semiannual-2025.pdf
Singlife,BlackRock Global Funds - World Gold Fund (USD),102,docs/research/ilp-source-archive-2026-03-31/singlife-semiannual-2025.pdf,https://content.singlife.com/content/dam/public/sg/documents/investment/reports/semi-annual-ilp-funds-report-thick-31-dec-2025.pdf,Expense Ratio,31 December 2025,verified_exact,Verified against archived PDF singlife-semiannual-2025.pdf
Singlife,BlackRock Global Funds - World Healthscience Fund,104,docs/research/ilp-source-archive-2026-03-31/singlife-semiannual-2025.pdf,https://content.singlife.com/content/dam/public/sg/documents/investment/reports/semi-annual-ilp-funds-report-thick-31-dec-2025.pdf,Expense Ratio,31 December 2025,verified_exact,Verified against archived PDF singlife-semiannual-2025.pdf
Singlife,BlackRock Global Funds - World Mining Fund,106,docs/research/ilp-source-archive-2026-03-31/singlife-semiannual-2025.pdf,https://content.singlife.com/content/dam/public/sg/documents/investment/reports/semi-annual-ilp-funds-report-thick-31-dec-2025.pdf,Expense Ratio,31 December 2025,verified_exact,Verified against archived PDF singlife-semiannual-2025.pdf
Singlife,BlackRock Global Funds - World Technology Fund,108,docs/research/ilp-source-archive-2026-03-31/singlife-semiannual-2025.pdf,https://content.singlife.com/content/dam/public/sg/documents/investment/reports/semi-annual-ilp-funds-report-thick-31-dec-2025.pdf,Expense Ratio,31 December 2025,verified_exact,Verified against archived PDF singlife-semiannual-2025.pdf
Singlife,BlackRock Strategic Funds (BSF) - BlackRock Systematic Asia Pacific Equity Absolute Return Fund,110,docs/research/ilp-source-archive-2026-03-31/singlife-semiannual-2025.pdf,https://content.singlife.com/content/dam/public/sg/documents/investment/reports/semi-annual-ilp-funds-report-thick-31-dec-2025.pdf,Expense Ratio,31 December 2025,verified_exact,Verified against archived PDF singlife-semiannual-2025.pdf
Singlife,DWS Invest Global Agribusiness,130,docs/research/ilp-source-archive-2026-03-31/singlife-semiannual-2025.pdf,https://content.singlife.com/content/dam/public/sg/documents/investment/reports/semi-annual-ilp-funds-report-thick-31-dec-2025.pdf,Expense Ratio,31 December 2025,verified_exact,Verified against archived PDF singlife-semiannual-2025.pdf
Singlife,FSSA ASEAN All Cap Fund,164,docs/research/ilp-source-archive-2026-03-31/singlife-semiannual-2025.pdf,https://content.singlife.com/content/dam/public/sg/documents/investment/reports/semi-annual-ilp-funds-report-thick-31-dec-2025.pdf,Expense Ratio,31 December 2025,verified_exact,Verified against archived PDF singlife-semiannual-2025.pdf
Singlife,FSSA Dividend Advantage Fund,166,docs/research/ilp-source-archive-2026-03-31/singlife-semiannual-2025.pdf,https://content.singlife.com/content/dam/public/sg/documents/investment/reports/semi-annual-ilp-funds-report-thick-31-dec-2025.pdf,Expense Ratio,31 December 2025,verified_exact,Verified against archived PDF singlife-semiannual-2025.pdf
Singlife,FSSA Regional China Fund,168,docs/research/ilp-source-archive-2026-03-31/singlife-semiannual-2025.pdf,https://content.singlife.com/content/dam/public/sg/documents/investment/reports/semi-annual-ilp-funds-report-thick-31-dec-2025.pdf,Expense Ratio,31 December 2025,verified_exact,Verified against archived PDF singlife-semiannual-2025.pdf
Singlife,Fidelity Funds - ASEAN Fund,132,docs/research/ilp-source-archive-2026-03-31/singlife-semiannual-2025.pdf,https://content.singlife.com/content/dam/public/sg/documents/investment/reports/semi-annual-ilp-funds-report-thick-31-dec-2025.pdf,Expense Ratio,31 December 2025,verified_exact,Verified against archived PDF singlife-semiannual-2025.pdf
Singlife,Fidelity Funds - Asia Equity ESG Fund,134,docs/research/ilp-source-archive-2026-03-31/singlife-semiannual-2025.pdf,https://content.singlife.com/content/dam/public/sg/documents/investment/reports/semi-annual-ilp-funds-report-thick-31-dec-2025.pdf,Expense Ratio,31 December 2025,verified_exact,Verified against archived PDF singlife-semiannual-2025.pdf
Singlife,Fidelity Funds - Asian Special Situations Fund,136,docs/research/ilp-source-archive-2026-03-31/singlife-semiannual-2025.pdf,https://content.singlife.com/content/dam/public/sg/documents/investment/reports/semi-annual-ilp-funds-report-thick-31-dec-2025.pdf,Expense Ratio,31 December 2025,verified_exact,Verified against archived PDF singlife-semiannual-2025.pdf
Singlife,Fidelity Funds - Emerging Markets Fund,138,docs/research/ilp-source-archive-2026-03-31/singlife-semiannual-2025.pdf,https://content.singlife.com/content/dam/public/sg/documents/investment/reports/semi-annual-ilp-funds-report-thick-31-dec-2025.pdf,Expense Ratio,31 December 2025,verified_exact,Verified against archived PDF singlife-semiannual-2025.pdf
Singlife,Fidelity Funds - Europe Equity ESG Fund,140,docs/research/ilp-source-archive-2026-03-31/singlife-semiannual-2025.pdf,https://content.singlife.com/content/dam/public/sg/documents/investment/reports/semi-annual-ilp-funds-report-thick-31-dec-2025.pdf,Expense Ratio,31 December 2025,verified_exact,Verified against archived PDF singlife-semiannual-2025.pdf
Singlife,Fidelity Funds - European High Yield Fund,142,docs/research/ilp-source-archive-2026-03-31/singlife-semiannual-2025.pdf,https://content.singlife.com/content/dam/public/sg/documents/investment/reports/semi-annual-ilp-funds-report-thick-31-dec-2025.pdf,Expense Ratio,31 December 2025,verified_exact,Verified against archived PDF singlife-semiannual-2025.pdf
Singlife,Fidelity Funds - Flexible Bond Fund,144,docs/research/ilp-source-archive-2026-03-31/singlife-semiannual-2025.pdf,https://content.singlife.com/content/dam/public/sg/documents/investment/reports/semi-annual-ilp-funds-report-thick-31-dec-2025.pdf,Expense Ratio,31 December 2025,verified_exact,Verified against archived PDF singlife-semiannual-2025.pdf
Singlife,Fidelity Funds - Global Financial Services Fund,146,docs/research/ilp-source-archive-2026-03-31/singlife-semiannual-2025.pdf,https://content.singlife.com/content/dam/public/sg/documents/investment/reports/semi-annual-ilp-funds-report-thick-31-dec-2025.pdf,Expense Ratio,31 December 2025,verified_exact,Verified against archived PDF singlife-semiannual-2025.pdf
Singlife,Fidelity Funds - Global Multi Asset Dynamic Fund,148,docs/research/ilp-source-archive-2026-03-31/singlife-semiannual-2025.pdf,https://content.singlife.com/content/dam/public/sg/documents/investment/reports/semi-annual-ilp-funds-report-thick-31-dec-2025.pdf,Expense Ratio,31 December 2025,verified_exact,Verified against archived PDF singlife-semiannual-2025.pdf
Singlife,Fidelity Funds - Global Multiple Opportunities Fund,150,docs/research/ilp-source-archive-2026-03-31/singlife-semiannual-2025.pdf,https://content.singlife.com/content/dam/public/sg/documents/investment/reports/semi-annual-ilp-funds-report-thick-31-dec-2025.pdf,Expense Ratio,31 December 2025,verified_exact,Verified against archived PDF singlife-semiannual-2025.pdf
Singlife,Fidelity Funds - Global Technology Fund (EUR),154,docs/research/ilp-source-archive-2026-03-31/singlife-semiannual-2025.pdf,https://content.singlife.com/content/dam/public/sg/documents/investment/reports/semi-annual-ilp-funds-report-thick-31-dec-2025.pdf,Expense Ratio,31 December 2025,verified_exact,Verified against archived PDF singlife-semiannual-2025.pdf
Singlife,Fidelity Funds - Global Technology Fund (SGD),154,docs/research/ilp-source-archive-2026-03-31/singlife-semiannual-2025.pdf,https://content.singlife.com/content/dam/public/sg/documents/investment/reports/semi-annual-ilp-funds-report-thick-31-dec-2025.pdf,Expense Ratio,31 December 2025,verified_exact,Verified against archived PDF singlife-semiannual-2025.pdf
Singlife,Fidelity Funds - Japan Equity ESG Fund,156,docs/research/ilp-source-archive-2026-03-31/singlife-semiannual-2025.pdf,https://content.singlife.com/content/dam/public/sg/documents/investment/reports/semi-annual-ilp-funds-report-thick-31-dec-2025.pdf,Expense Ratio,31 December 2025,verified_exact,Verified against archived PDF singlife-semiannual-2025.pdf
Singlife,Fidelity Funds - Pacific Fund,158,docs/research/ilp-source-archive-2026-03-31/singlife-semiannual-2025.pdf,https://content.singlife.com/content/dam/public/sg/documents/investment/reports/semi-annual-ilp-funds-report-thick-31-dec-2025.pdf,Expense Ratio,31 December 2025,verified_exact,Verified against archived PDF singlife-semiannual-2025.pdf
Singlife,Fidelity Funds - US Dollar Bond Fund,160,docs/research/ilp-source-archive-2026-03-31/singlife-semiannual-2025.pdf,https://content.singlife.com/content/dam/public/sg/documents/investment/reports/semi-annual-ilp-funds-report-thick-31-dec-2025.pdf,Expense Ratio,31 December 2025,verified_exact,Verified against archived PDF singlife-semiannual-2025.pdf
Singlife,First Sentier Bridge Fund,162,docs/research/ilp-source-archive-2026-03-31/singlife-semiannual-2025.pdf,https://content.singlife.com/content/dam/public/sg/documents/investment/reports/semi-annual-ilp-funds-report-thick-31-dec-2025.pdf,Expense Ratio,31 December 2025,verified_exact,Verified against archived PDF singlife-semiannual-2025.pdf
Singlife,Franklin Templeton Global Funds (FTGF) - FTGF Western Asset Asian Opportunities Fund,292,docs/research/ilp-source-archive-2026-03-31/singlife-semiannual-2025.pdf,https://content.singlife.com/content/dam/public/sg/documents/investment/reports/semi-annual-ilp-funds-report-thick-31-dec-2025.pdf,Expense Ratio,31 December 2025,verified_exact,Verified against archived PDF singlife-semiannual-2025.pdf
Singlife,Franklin Templeton Investment Funds (FTIF) - Franklin Biotechnology Discovery Fund (SGD),302,docs/research/ilp-source-archive-2026-03-31/singlife-semiannual-2025.pdf,https://content.singlife.com/content/dam/public/sg/documents/investment/reports/semi-annual-ilp-funds-report-thick-31-dec-2025.pdf,Expense Ratio,31 December 2025,verified_exact,Verified against archived PDF singlife-semiannual-2025.pdf
Singlife,Franklin Templeton Investment Funds (FTIF) - Franklin Strategic Income Fund,298,docs/research/ilp-source-archive-2026-03-31/singlife-semiannual-2025.pdf,https://content.singlife.com/content/dam/public/sg/documents/investment/reports/semi-annual-ilp-funds-report-thick-31-dec-2025.pdf,Expense Ratio,31 December 2025,verified_exact,Verified against archived PDF singlife-semiannual-2025.pdf
Singlife,Franklin Templeton Investment Funds (FTIF) - Franklin U.S. Opportunities Fund (SGD),302,docs/research/ilp-source-archive-2026-03-31/singlife-semiannual-2025.pdf,https://content.singlife.com/content/dam/public/sg/documents/investment/reports/semi-annual-ilp-funds-report-thick-31-dec-2025.pdf,Expense Ratio,31 December 2025,verified_exact,Verified against archived PDF singlife-semiannual-2025.pdf
Singlife,Franklin Templeton Investment Funds (FTIF) - Franklin U.S. Opportunities Fund (USD),302,docs/research/ilp-source-archive-2026-03-31/singlife-semiannual-2025.pdf,https://content.singlife.com/content/dam/public/sg/documents/investment/reports/semi-annual-ilp-funds-report-thick-31-dec-2025.pdf,Expense Ratio,31 December 2025,verified_exact,Verified against archived PDF singlife-semiannual-2025.pdf
Singlife,Franklin Templeton Investment Funds (FTIF) - Templeton Asian Growth Fund,304,docs/research/ilp-source-archive-2026-03-31/singlife-semiannual-2025.pdf,https://content.singlife.com/content/dam/public/sg/documents/investment/reports/semi-annual-ilp-funds-report-thick-31-dec-2025.pdf,Expense Ratio,31 December 2025,verified_exact,Verified against archived PDF singlife-semiannual-2025.pdf
Singlife,Franklin Templeton Investment Funds (FTIF) - Templeton Asian Smaller Companies Fund,306,docs/research/ilp-source-archive-2026-03-31/singlife-semiannual-2025.pdf,https://content.singlife.com/content/dam/public/sg/documents/investment/reports/semi-annual-ilp-funds-report-thick-31-dec-2025.pdf,Expense Ratio,31 December 2025,verified_exact,Verified against archived PDF singlife-semiannual-2025.pdf
Singlife,Franklin Templeton Investment Funds (FTIF) - Templeton Emerging Markets Fund,308,docs/research/ilp-source-archive-2026-03-31/singlife-semiannual-2025.pdf,https://content.singlife.com/content/dam/public/sg/documents/investment/reports/semi-annual-ilp-funds-report-thick-31-dec-2025.pdf,Expense Ratio,31 December 2025,verified_exact,Verified against archived PDF singlife-semiannual-2025.pdf
Singlife,Franklin Templeton Investment Funds (FTIF) - Templeton Latin America Fund,310,docs/research/ilp-source-archive-2026-03-31/singlife-semiannual-2025.pdf,https://content.singlife.com/content/dam/public/sg/documents/investment/reports/semi-annual-ilp-funds-report-thick-31-dec-2025.pdf,Expense Ratio,31 December 2025,verified_exact,Verified against archived PDF singlife-semiannual-2025.pdf
Singlife,Fullerton Fund - Fullerton SGD Cash Fund,170,docs/research/ilp-source-archive-2026-03-31/singlife-semiannual-2025.pdf,https://content.singlife.com/content/dam/public/sg/documents/investment/reports/semi-annual-ilp-funds-report-thick-31-dec-2025.pdf,Expense Ratio,30 September 2025,verified_exact,Verified against archived PDF singlife-semiannual-2025.pdf
Singlife,Fullerton Fund - Fullerton USD Cash Fund,172,docs/research/ilp-source-archive-2026-03-31/singlife-semiannual-2025.pdf,https://content.singlife.com/content/dam/public/sg/documents/investment/reports/semi-annual-ilp-funds-report-thick-31-dec-2025.pdf,Expense Ratio,30 September 2025,verified_exact,Verified against archived PDF singlife-semiannual-2025.pdf
Singlife,Fullerton Lux Funds - Asia ESG Evolution,174,docs/research/ilp-source-archive-2026-03-31/singlife-semiannual-2025.pdf,https://content.singlife.com/content/dam/public/sg/documents/investment/reports/semi-annual-ilp-funds-report-thick-31-dec-2025.pdf,Expense Ratio,31 December 2025,verified_exact,Verified against archived PDF singlife-semiannual-2025.pdf
Singlife,Fullerton Lux Funds - Global Absolute Alpha,176,docs/research/ilp-source-archive-2026-03-31/singlife-semiannual-2025.pdf,https://content.singlife.com/content/dam/public/sg/documents/investment/reports/semi-annual-ilp-funds-report-thick-31-dec-2025.pdf,Expense Ratio,31 December 2025,verified_exact,Verified against archived PDF singlife-semiannual-2025.pdf
Singlife,Fundsmith Equity Fund,178,docs/research/ilp-source-archive-2026-03-31/singlife-semiannual-2025.pdf,https://content.singlife.com/content/dam/public/sg/documents/investment/reports/semi-annual-ilp-funds-report-thick-31-dec-2025.pdf,Expense Ratio,31 December 2025,verified_exact,Verified against archived PDF singlife-semiannual-2025.pdf
Singlife,Fundsmith Sustainable Equity Fund,180,docs/research/ilp-source-archive-2026-03-31/singlife-semiannual-2025.pdf,https://content.singlife.com/content/dam/public/sg/documents/investment/reports/semi-annual-ilp-funds-report-thick-31-dec-2025.pdf,Expense Ratio,31 December 2025,verified_exact,Verified against archived PDF singlife-semiannual-2025.pdf
Singlife,Goldman Sachs India Equity Portfolio,182,docs/research/ilp-source-archive-2026-03-31/singlife-semiannual-2025.pdf,https://content.singlife.com/content/dam/public/sg/documents/investment/reports/semi-annual-ilp-funds-report-thick-31-dec-2025.pdf,Expense Ratio,31 December 2025,verified_exact,Verified against archived PDF singlife-semiannual-2025.pdf
Singlife,Goldman Sachs Japan Equity Portfolio,184,docs/research/ilp-source-archive-2026-03-31/singlife-semiannual-2025.pdf,https://content.singlife.com/content/dam/public/sg/documents/investment/reports/semi-annual-ilp-funds-report-thick-31-dec-2025.pdf,Expense Ratio,31 December 2025,verified_exact,Verified against archived PDF singlife-semiannual-2025.pdf
Singlife,GrowthPath Portfolios - GrowthPath 2030,314,docs/research/ilp-source-archive-2026-03-31/singlife-semiannual-2025.pdf,https://content.singlife.com/content/dam/public/sg/documents/investment/reports/semi-annual-ilp-funds-report-thick-31-dec-2025.pdf,Expense Ratio,31 December 2025,verified_exact,Verified against archived PDF singlife-semiannual-2025.pdf
Singlife,GrowthPath Portfolios - GrowthPath 2040,316,docs/research/ilp-source-archive-2026-03-31/singlife-semiannual-2025.pdf,https://content.singlife.com/content/dam/public/sg/documents/investment/reports/semi-annual-ilp-funds-report-thick-31-dec-2025.pdf,Expense Ratio,31 December 2025,verified_exact,Verified against archived PDF singlife-semiannual-2025.pdf
Singlife,GrowthPath Portfolios - GrowthPath Today,312,docs/research/ilp-source-archive-2026-03-31/singlife-semiannual-2025.pdf,https://content.singlife.com/content/dam/public/sg/documents/investment/reports/semi-annual-ilp-funds-report-thick-31-dec-2025.pdf,Expense Ratio,31 December 2025,verified_exact,Verified against archived PDF singlife-semiannual-2025.pdf
Singlife,Infinity European Stock Index Fund,228,docs/research/ilp-source-archive-2026-03-31/singlife-semiannual-2025.pdf,https://content.singlife.com/content/dam/public/sg/documents/investment/reports/semi-annual-ilp-funds-report-thick-31-dec-2025.pdf,Expense Ratio,31 December 2025,verified_exact,Verified against archived PDF singlife-semiannual-2025.pdf
Singlife,Infinity Global Stock Index Fund,230,docs/research/ilp-source-archive-2026-03-31/singlife-semiannual-2025.pdf,https://content.singlife.com/content/dam/public/sg/documents/investment/reports/semi-annual-ilp-funds-report-thick-31-dec-2025.pdf,Expense Ratio,31 December 2025,verified_exact,Verified against archived PDF singlife-semiannual-2025.pdf
Singlife,Infinity U.S. 500 Stock Index Fund,232,docs/research/ilp-source-archive-2026-03-31/singlife-semiannual-2025.pdf,https://content.singlife.com/content/dam/public/sg/documents/investment/reports/semi-annual-ilp-funds-report-thick-31-dec-2025.pdf,Expense Ratio,31 December 2025,verified_exact,Verified against archived PDF singlife-semiannual-2025.pdf
Singlife,JPMorgan Funds - ASEAN Equity Fund,202,docs/research/ilp-source-archive-2026-03-31/singlife-semiannual-2025.pdf,https://content.singlife.com/content/dam/public/sg/documents/investment/reports/semi-annual-ilp-funds-report-thick-31-dec-2025.pdf,Expense Ratio,31 December 2025,verified_exact,Verified against archived PDF singlife-semiannual-2025.pdf
Singlife,JPMorgan Funds - China Fund,204,docs/research/ilp-source-archive-2026-03-31/singlife-semiannual-2025.pdf,https://content.singlife.com/content/dam/public/sg/documents/investment/reports/semi-annual-ilp-funds-report-thick-31-dec-2025.pdf,Expense Ratio,31 December 2025,verified_exact,Verified against archived PDF singlife-semiannual-2025.pdf
Singlife,JPMorgan Funds - Emerging Markets Dividend Fund,206,docs/research/ilp-source-archive-2026-03-31/singlife-semiannual-2025.pdf,https://content.singlife.com/content/dam/public/sg/documents/investment/reports/semi-annual-ilp-funds-report-thick-31-dec-2025.pdf,Expense Ratio,31 December 2025,verified_exact,Verified against archived PDF singlife-semiannual-2025.pdf
Singlife,JPMorgan Funds - Emerging Markets Equity Fund,208,docs/research/ilp-source-archive-2026-03-31/singlife-semiannual-2025.pdf,https://content.singlife.com/content/dam/public/sg/documents/investment/reports/semi-annual-ilp-funds-report-thick-31-dec-2025.pdf,Expense Ratio,31 December 2025,verified_exact,Verified against archived PDF singlife-semiannual-2025.pdf
Singlife,JPMorgan Funds - Europe Dynamic Fund,210,docs/research/ilp-source-archive-2026-03-31/singlife-semiannual-2025.pdf,https://content.singlife.com/content/dam/public/sg/documents/investment/reports/semi-annual-ilp-funds-report-thick-31-dec-2025.pdf,Expense Ratio,31 December 2025,verified_exact,Verified against archived PDF singlife-semiannual-2025.pdf
Singlife,JPMorgan Funds - Europe Equity Plus Fund,212,docs/research/ilp-source-archive-2026-03-31/singlife-semiannual-2025.pdf,https://content.singlife.com/content/dam/public/sg/documents/investment/reports/semi-annual-ilp-funds-report-thick-31-dec-2025.pdf,Expense Ratio,31 December 2025,verified_exact,Verified against archived PDF singlife-semiannual-2025.pdf
Singlife,JPMorgan Funds - Global Natural Resources Fund (SGD),214,docs/research/ilp-source-archive-2026-03-31/singlife-semiannual-2025.pdf,https://content.singlife.com/content/dam/public/sg/documents/investment/reports/semi-annual-ilp-funds-report-thick-31-dec-2025.pdf,Expense Ratio,31 December 2025,verified_exact,Verified against archived PDF singlife-semiannual-2025.pdf
Singlife,JPMorgan Funds - Global Natural Resources Fund (USD),216,docs/research/ilp-source-archive-2026-03-31/singlife-semiannual-2025.pdf,https://content.singlife.com/content/dam/public/sg/documents/investment/reports/semi-annual-ilp-funds-report-thick-31-dec-2025.pdf,Expense Ratio,31 December 2025,verified_exact,Verified against archived PDF singlife-semiannual-2025.pdf
Singlife,JPMorgan Funds - Income Fund,218,docs/research/ilp-source-archive-2026-03-31/singlife-semiannual-2025.pdf,https://content.singlife.com/content/dam/public/sg/documents/investment/reports/semi-annual-ilp-funds-report-thick-31-dec-2025.pdf,Expense Ratio,31 December 2025,verified_exact,Verified against archived PDF singlife-semiannual-2025.pdf
Singlife,JPMorgan Funds - Taiwan Fund,220,docs/research/ilp-source-archive-2026-03-31/singlife-semiannual-2025.pdf,https://content.singlife.com/content/dam/public/sg/documents/investment/reports/semi-annual-ilp-funds-report-thick-31-dec-2025.pdf,Expense Ratio,31 December 2025,verified_exact,Verified against archived PDF singlife-semiannual-2025.pdf
Singlife,JPMorgan Investment Funds - Global Select Equity Fund,222,docs/research/ilp-source-archive-2026-03-31/singlife-semiannual-2025.pdf,https://content.singlife.com/content/dam/public/sg/documents/investment/reports/semi-annual-ilp-funds-report-thick-31-dec-2025.pdf,Expense Ratio,31 December 2025,verified_exact,Verified against archived PDF singlife-semiannual-2025.pdf
Singlife,Janus Henderson Horizon Fund (JHHF) - China Opportunities Fund,186,docs/research/ilp-source-archive-2026-03-31/singlife-semiannual-2025.pdf,https://content.singlife.com/content/dam/public/sg/documents/investment/reports/semi-annual-ilp-funds-report-thick-31-dec-2025.pdf,Expense Ratio,31 December 2025,verified_exact,Verified against archived PDF singlife-semiannual-2025.pdf
Singlife,Janus Henderson Horizon Fund (JHHF) - Euroland Fund,188,docs/research/ilp-source-archive-2026-03-31/singlife-semiannual-2025.pdf,https://content.singlife.com/content/dam/public/sg/documents/investment/reports/semi-annual-ilp-funds-report-thick-31-dec-2025.pdf,Expense Ratio,31 December 2025,verified_exact,Verified against archived PDF singlife-semiannual-2025.pdf
Singlife,Janus Henderson Horizon Fund (JHHF) - Global Property Equities Fund (SGD),200,docs/research/ilp-source-archive-2026-03-31/singlife-semiannual-2025.pdf,https://content.singlife.com/content/dam/public/sg/documents/investment/reports/semi-annual-ilp-funds-report-thick-31-dec-2025.pdf,Expense Ratio,31 December 2025,verified_exact,Verified against archived PDF singlife-semiannual-2025.pdf
Singlife,Janus Henderson Horizon Fund (JHHF) - Global Property Equities Fund (USD),200,docs/research/ilp-source-archive-2026-03-31/singlife-semiannual-2025.pdf,https://content.singlife.com/content/dam/public/sg/documents/investment/reports/semi-annual-ilp-funds-report-thick-31-dec-2025.pdf,Expense Ratio,31 December 2025,verified_exact,Verified against archived PDF singlife-semiannual-2025.pdf
Singlife,Janus Henderson Horizon Fund (JHHF) - Global Technology Leaders Fund,194,docs/research/ilp-source-archive-2026-03-31/singlife-semiannual-2025.pdf,https://content.singlife.com/content/dam/public/sg/documents/investment/reports/semi-annual-ilp-funds-report-thick-31-dec-2025.pdf,Expense Ratio,31 December 2025,verified_exact,Verified against archived PDF singlife-semiannual-2025.pdf
Singlife,Janus Henderson Horizon Fund (JHHF) - Japan Opportunities Fund,196,docs/research/ilp-source-archive-2026-03-31/singlife-semiannual-2025.pdf,https://content.singlife.com/content/dam/public/sg/documents/investment/reports/semi-annual-ilp-funds-report-thick-31-dec-2025.pdf,Expense Ratio,31 December 2025,verified_exact,Verified against archived PDF singlife-semiannual-2025.pdf
Singlife,Janus Henderson Horizon Fund (JHHF) - Pan European Property Equities Fund (EUR),200,docs/research/ilp-source-archive-2026-03-31/singlife-semiannual-2025.pdf,https://content.singlife.com/content/dam/public/sg/documents/investment/reports/semi-annual-ilp-funds-report-thick-31-dec-2025.pdf,Expense Ratio,31 December 2025,verified_exact,Verified against archived PDF singlife-semiannual-2025.pdf
Singlife,Janus Henderson Horizon Fund (JHHF) - Pan European Property Equities Fund (SGD),200,docs/research/ilp-source-archive-2026-03-31/singlife-semiannual-2025.pdf,https://content.singlife.com/content/dam/public/sg/documents/investment/reports/semi-annual-ilp-funds-report-thick-31-dec-2025.pdf,Expense Ratio,31 December 2025,verified_exact,Verified against archived PDF singlife-semiannual-2025.pdf
Singlife,Jupiter Global Fund - Jupiter European Select,224,docs/research/ilp-source-archive-2026-03-31/singlife-semiannual-2025.pdf,https://content.singlife.com/content/dam/public/sg/documents/investment/reports/semi-annual-ilp-funds-report-thick-31-dec-2025.pdf,Expense Ratio,31 December 2025,verified_exact,Verified against archived PDF singlife-semiannual-2025.pdf
Singlife,Jupiter Global Fund - Jupiter Financial Innovation,226,docs/research/ilp-source-archive-2026-03-31/singlife-semiannual-2025.pdf,https://content.singlife.com/content/dam/public/sg/documents/investment/reports/semi-annual-ilp-funds-report-thick-31-dec-2025.pdf,Expense Ratio,31 December 2025,verified_exact,Verified against archived PDF singlife-semiannual-2025.pdf
Singlife,LionGlobal Disruptive Innovation Fund,234,docs/research/ilp-source-archive-2026-03-31/singlife-semiannual-2025.pdf,https://content.singlife.com/content/dam/public/sg/documents/investment/reports/semi-annual-ilp-funds-report-thick-31-dec-2025.pdf,Expense Ratio,31 December 2025,verified_exact,Verified against archived PDF singlife-semiannual-2025.pdf
Singlife,LionGlobal Singapore Fixed Income Investment Fund,236,docs/research/ilp-source-archive-2026-03-31/singlife-semiannual-2025.pdf,https://content.singlife.com/content/dam/public/sg/documents/investment/reports/semi-annual-ilp-funds-report-thick-31-dec-2025.pdf,Expense Ratio,31 December 2025,verified_exact,Verified against archived PDF singlife-semiannual-2025.pdf
Singlife,Massachusetts Financial Services (MFS) Meridian Funds - Global Equity Fund,238,docs/research/ilp-source-archive-2026-03-31/singlife-semiannual-2025.pdf,https://content.singlife.com/content/dam/public/sg/documents/investment/reports/semi-annual-ilp-funds-report-thick-31-dec-2025.pdf,Expense Ratio,31 December 2025,verified_exact,Verified against archived PDF singlife-semiannual-2025.pdf
Singlife,Neuberger Berman Emerging Market Debt - Hard Currency Fund (SGD),242,docs/research/ilp-source-archive-2026-03-31/singlife-semiannual-2025.pdf,https://content.singlife.com/content/dam/public/sg/documents/investment/reports/semi-annual-ilp-funds-report-thick-31-dec-2025.pdf,Expense Ratio,31 December 2025,verified_exact,Verified against archived PDF singlife-semiannual-2025.pdf
Singlife,Neuberger Berman Emerging Market Debt - Hard Currency Fund (USD),242,docs/research/ilp-source-archive-2026-03-31/singlife-semiannual-2025.pdf,https://content.singlife.com/content/dam/public/sg/documents/investment/reports/semi-annual-ilp-funds-report-thick-31-dec-2025.pdf,Expense Ratio,31 December 2025,verified_exact,Verified against archived PDF singlife-semiannual-2025.pdf
Singlife,Neuberger Berman Global Value Fund,244,docs/research/ilp-source-archive-2026-03-31/singlife-semiannual-2025.pdf,https://content.singlife.com/content/dam/public/sg/documents/investment/reports/semi-annual-ilp-funds-report-thick-31-dec-2025.pdf,Expense Ratio,31 December 2025,verified_exact,Verified against archived PDF singlife-semiannual-2025.pdf
Singlife,Neuberger Berman Next Generation Connectivity Fund,246,docs/research/ilp-source-archive-2026-03-31/singlife-semiannual-2025.pdf,https://content.singlife.com/content/dam/public/sg/documents/investment/reports/semi-annual-ilp-funds-report-thick-31-dec-2025.pdf,Expense Ratio,31 December 2025,verified_exact,Verified against archived PDF singlife-semiannual-2025.pdf
Singlife,PIMCO Funds: Global Investors Series PLC (GIS plc) - Climate Bond Fund,248,docs/research/ilp-source-archive-2026-03-31/singlife-semiannual-2025.pdf,https://content.singlife.com/content/dam/public/sg/documents/investment/reports/semi-annual-ilp-funds-report-thick-31-dec-2025.pdf,Expense Ratio,30 September 2025,verified_exact,Verified against archived PDF singlife-semiannual-2025.pdf
Singlife,PIMCO Funds: Global Investors Series PLC (GIS plc) - ESG Income Fund,254,docs/research/ilp-source-archive-2026-03-31/singlife-semiannual-2025.pdf,https://content.singlife.com/content/dam/public/sg/documents/investment/reports/semi-annual-ilp-funds-report-thick-31-dec-2025.pdf,Expense Ratio,30 September 2025,verified_exact,Verified against archived PDF singlife-semiannual-2025.pdf
Singlife,PIMCO Funds: Global Investors Series PLC (GIS plc) - Emerging Markets Bond Fund (SGD),252,docs/research/ilp-source-archive-2026-03-31/singlife-semiannual-2025.pdf,https://content.singlife.com/content/dam/public/sg/documents/investment/reports/semi-annual-ilp-funds-report-thick-31-dec-2025.pdf,Expense Ratio,30 September 2025,verified_exact,Verified against archived PDF singlife-semiannual-2025.pdf
Singlife,PIMCO Funds: Global Investors Series PLC (GIS plc) - Emerging Markets Bond Fund (USD),252,docs/research/ilp-source-archive-2026-03-31/singlife-semiannual-2025.pdf,https://content.singlife.com/content/dam/public/sg/documents/investment/reports/semi-annual-ilp-funds-report-thick-31-dec-2025.pdf,Expense Ratio,30 September 2025,verified_exact,Verified against archived PDF singlife-semiannual-2025.pdf
Singlife,PIMCO Funds: Global Investors Series PLC (GIS plc) - Global Bond Fund,256,docs/research/ilp-source-archive-2026-03-31/singlife-semiannual-2025.pdf,https://content.singlife.com/content/dam/public/sg/documents/investment/reports/semi-annual-ilp-funds-report-thick-31-dec-2025.pdf,Expense Ratio,30 September 2025,verified_exact,Verified against archived PDF singlife-semiannual-2025.pdf
Singlife,PIMCO Funds: Global Investors Series PLC (GIS plc) - Global Real Return Fund,258,docs/research/ilp-source-archive-2026-03-31/singlife-semiannual-2025.pdf,https://content.singlife.com/content/dam/public/sg/documents/investment/reports/semi-annual-ilp-funds-report-thick-31-dec-2025.pdf,Expense Ratio,30 September 2025,verified_exact,Verified against archived PDF singlife-semiannual-2025.pdf
Singlife,PIMCO Funds: Global Investors Series PLC (GIS plc) - Income Fund,260,docs/research/ilp-source-archive-2026-03-31/singlife-semiannual-2025.pdf,https://content.singlife.com/content/dam/public/sg/documents/investment/reports/semi-annual-ilp-funds-report-thick-31-dec-2025.pdf,Expense Ratio,30 September 2025,verified_exact,Verified against archived PDF singlife-semiannual-2025.pdf
Singlife,PIMCO Funds: Global Investors Series PLC (GIS plc) - Total Return Bond Fund (SGD),266,docs/research/ilp-source-archive-2026-03-31/singlife-semiannual-2025.pdf,https://content.singlife.com/content/dam/public/sg/documents/investment/reports/semi-annual-ilp-funds-report-thick-31-dec-2025.pdf,Expense Ratio,30 September 2025,verified_exact,Verified against archived PDF singlife-semiannual-2025.pdf
Singlife,PIMCO Funds: Global Investors Series PLC (GIS plc) - Total Return Bond Fund (USD),266,docs/research/ilp-source-archive-2026-03-31/singlife-semiannual-2025.pdf,https://content.singlife.com/content/dam/public/sg/documents/investment/reports/semi-annual-ilp-funds-report-thick-31-dec-2025.pdf,Expense Ratio,30 September 2025,verified_exact,Verified against archived PDF singlife-semiannual-2025.pdf
Singlife,PIMCO Funds: Global Investors Series PLC (GIS plc) - US High Yield Bond Fund,266,docs/research/ilp-source-archive-2026-03-31/singlife-semiannual-2025.pdf,https://content.singlife.com/content/dam/public/sg/documents/investment/reports/semi-annual-ilp-funds-report-thick-31-dec-2025.pdf,Expense Ratio,30 September 2025,verified_exact,Verified against archived PDF singlife-semiannual-2025.pdf
Singlife,Schroder Asian Growth Fund,268,docs/research/ilp-source-archive-2026-03-31/singlife-semiannual-2025.pdf,https://content.singlife.com/content/dam/public/sg/documents/investment/reports/semi-annual-ilp-funds-report-thick-31-dec-2025.pdf,Expense Ratio,31 December 2025,verified_exact,Verified against archived PDF singlife-semiannual-2025.pdf
Singlife,Schroder Global Emerging Market Opportunities Fund,270,docs/research/ilp-source-archive-2026-03-31/singlife-semiannual-2025.pdf,https://content.singlife.com/content/dam/public/sg/documents/investment/reports/semi-annual-ilp-funds-report-thick-31-dec-2025.pdf,Expense Ratio,31 December 2025,verified_exact,Verified against archived PDF singlife-semiannual-2025.pdf
Singlife,Schroder International Selection Fund (ISF) Asian Bond Total Return (SGD),272,docs/research/ilp-source-archive-2026-03-31/singlife-semiannual-2025.pdf,https://content.singlife.com/content/dam/public/sg/documents/investment/reports/semi-annual-ilp-funds-report-thick-31-dec-2025.pdf,Expense Ratio,31 December 2025,verified_exact,Verified against archived PDF singlife-semiannual-2025.pdf
Singlife,Schroder International Selection Fund (ISF) Asian Bond Total Return (USD),274,docs/research/ilp-source-archive-2026-03-31/singlife-semiannual-2025.pdf,https://content.singlife.com/content/dam/public/sg/documents/investment/reports/semi-annual-ilp-funds-report-thick-31-dec-2025.pdf,Expense Ratio,31 December 2025,verified_exact,Verified against archived PDF singlife-semiannual-2025.pdf
Singlife,Schroder International Selection Fund (ISF) BIC,276,docs/research/ilp-source-archive-2026-03-31/singlife-semiannual-2025.pdf,https://content.singlife.com/content/dam/public/sg/documents/investment/reports/semi-annual-ilp-funds-report-thick-31-dec-2025.pdf,Expense Ratio,31 December 2025,verified_exact,Verified against archived PDF singlife-semiannual-2025.pdf
Singlife,Schroder International Selection Fund (ISF) China Opportunities,278,docs/research/ilp-source-archive-2026-03-31/singlife-semiannual-2025.pdf,https://content.singlife.com/content/dam/public/sg/documents/investment/reports/semi-annual-ilp-funds-report-thick-31-dec-2025.pdf,Expense Ratio,31 December 2025,verified_exact,Verified against archived PDF singlife-semiannual-2025.pdf
Singlife,Schroder International Selection Fund (ISF) Emerging Markets,280,docs/research/ilp-source-archive-2026-03-31/singlife-semiannual-2025.pdf,https://content.singlife.com/content/dam/public/sg/documents/investment/reports/semi-annual-ilp-funds-report-thick-31-dec-2025.pdf,Expense Ratio,31 December 2025,verified_exact,Verified against archived PDF singlife-semiannual-2025.pdf
Singlife,Schroder International Selection Fund (ISF) Global Cities,282,docs/research/ilp-source-archive-2026-03-31/singlife-semiannual-2025.pdf,https://content.singlife.com/content/dam/public/sg/documents/investment/reports/semi-annual-ilp-funds-report-thick-31-dec-2025.pdf,Expense Ratio,31 December 2025,verified_exact,Verified against archived PDF singlife-semiannual-2025.pdf
Singlife,Schroder International Selection Fund (ISF) Global Climate Change Equity,284,docs/research/ilp-source-archive-2026-03-31/singlife-semiannual-2025.pdf,https://content.singlife.com/content/dam/public/sg/documents/investment/reports/semi-annual-ilp-funds-report-thick-31-dec-2025.pdf,Expense Ratio,31 December 2025,verified_exact,Verified against archived PDF singlife-semiannual-2025.pdf
Singlife,Schroder International Selection Fund (ISF) Global Sustainable Growth,286,docs/research/ilp-source-archive-2026-03-31/singlife-semiannual-2025.pdf,https://content.singlife.com/content/dam/public/sg/documents/investment/reports/semi-annual-ilp-funds-report-thick-31-dec-2025.pdf,Expense Ratio,31 December 2025,verified_exact,Verified against archived PDF singlife-semiannual-2025.pdf
Singlife,Schroder Multi Asset Revolution,288,docs/research/ilp-source-archive-2026-03-31/singlife-semiannual-2025.pdf,https://content.singlife.com/content/dam/public/sg/documents/investment/reports/semi-annual-ilp-funds-report-thick-31-dec-2025.pdf,Expense Ratio,31 December 2025,verified_exact,Verified against archived PDF singlife-semiannual-2025.pdf
Singlife,Schroder Singapore Trust,290,docs/research/ilp-source-archive-2026-03-31/singlife-semiannual-2025.pdf,https://content.singlife.com/content/dam/public/sg/documents/investment/reports/semi-annual-ilp-funds-report-thick-31-dec-2025.pdf,Expense Ratio,31 December 2025,verified_exact,Verified against archived PDF singlife-semiannual-2025.pdf
Singlife,United E-Commerce Fund,318,docs/research/ilp-source-archive-2026-03-31/singlife-semiannual-2025.pdf,https://content.singlife.com/content/dam/public/sg/documents/investment/reports/semi-annual-ilp-funds-report-thick-31-dec-2025.pdf,Expense Ratio,31 December 2025,verified_exact,Verified against archived PDF singlife-semiannual-2025.pdf
Singlife,United Emerging Markets Bond Fund,320,docs/research/ilp-source-archive-2026-03-31/singlife-semiannual-2025.pdf,https://content.singlife.com/content/dam/public/sg/documents/investment/reports/semi-annual-ilp-funds-report-thick-31-dec-2025.pdf,Expense Ratio,31 December 2025,verified_exact,Verified against archived PDF singlife-semiannual-2025.pdf
Singlife,United Global Healthcare Fund,322,docs/research/ilp-source-archive-2026-03-31/singlife-semiannual-2025.pdf,https://content.singlife.com/content/dam/public/sg/documents/investment/reports/semi-annual-ilp-funds-report-thick-31-dec-2025.pdf,Expense Ratio,31 December 2025,verified_exact,Verified against archived PDF singlife-semiannual-2025.pdf
Singlife,United SGD Fund,324,docs/research/ilp-source-archive-2026-03-31/singlife-semiannual-2025.pdf,https://content.singlife.com/content/dam/public/sg/documents/investment/reports/semi-annual-ilp-funds-report-thick-31-dec-2025.pdf,Expense Ratio,31 December 2025,verified_exact,Verified against archived PDF singlife-semiannual-2025.pdf
Singlife,United Singapore Bond Fund,326,docs/research/ilp-source-archive-2026-03-31/singlife-semiannual-2025.pdf,https://content.singlife.com/content/dam/public/sg/documents/investment/reports/semi-annual-ilp-funds-report-thick-31-dec-2025.pdf,Expense Ratio,31 December 2025,verified_exact,Verified against archived PDF singlife-semiannual-2025.pdf
Singlife,United Singapore Growth Fund,328,docs/research/ilp-source-archive-2026-03-31/singlife-semiannual-2025.pdf,https://content.singlife.com/content/dam/public/sg/documents/investment/reports/semi-annual-ilp-funds-report-thick-31-dec-2025.pdf,Expense Ratio,31 December 2025,verified_exact,Verified against archived PDF singlife-semiannual-2025.pdf
Singlife,abrdn SICAV I - All China Sustainable Equity Fund,34,docs/research/ilp-source-archive-2026-03-31/singlife-semiannual-2025.pdf,https://content.singlife.com/content/dam/public/sg/documents/investment/reports/semi-annual-ilp-funds-report-thick-31-dec-2025.pdf,Expense Ratio,30 September 2025,verified_exact,Verified against archived PDF singlife-semiannual-2025.pdf
Singlife,abrdn SICAV I - Asia Pacific Sustainable Equity Fund,36,docs/research/ilp-source-archive-2026-03-31/singlife-semiannual-2025.pdf,https://content.singlife.com/content/dam/public/sg/documents/investment/reports/semi-annual-ilp-funds-report-thick-31-dec-2025.pdf,Expense Ratio,30 September 2025,verified_exact,Verified against archived PDF singlife-semiannual-2025.pdf
Singlife,abrdn SICAV I - Emerging Markets Bond Fund,38,docs/research/ilp-source-archive-2026-03-31/singlife-semiannual-2025.pdf,https://content.singlife.com/content/dam/public/sg/documents/investment/reports/semi-annual-ilp-funds-report-thick-31-dec-2025.pdf,Expense Ratio,30 September 2025,verified_exact,Verified against archived PDF singlife-semiannual-2025.pdf
Singlife,abrdn SICAV I - Indian Equity Fund,40,docs/research/ilp-source-archive-2026-03-31/singlife-semiannual-2025.pdf,https://content.singlife.com/content/dam/public/sg/documents/investment/reports/semi-annual-ilp-funds-report-thick-31-dec-2025.pdf,Expense Ratio,30 September 2025,verified_exact,Verified against archived PDF singlife-semiannual-2025.pdf
Singlife,abrdn Select Portfolio - abrdn India Opportunities Fund,28,docs/research/ilp-source-archive-2026-03-31/singlife-semiannual-2025.pdf,https://content.singlife.com/content/dam/public/sg/documents/investment/reports/semi-annual-ilp-funds-report-thick-31-dec-2025.pdf,Expense Ratio,30 September 2025,verified_exact,Verified against archived PDF singlife-semiannual-2025.pdf
Singlife,abrdn Select Portfolio - abrdn Pacific Equity Fund,30,docs/research/ilp-source-archive-2026-03-31/singlife-semiannual-2025.pdf,https://content.singlife.com/content/dam/public/sg/documents/investment/reports/semi-annual-ilp-funds-report-thick-31-dec-2025.pdf,Expense Ratio,30 September 2025,verified_exact,Verified against archived PDF singlife-semiannual-2025.pdf
Singlife,abrdn Select Portfolio - abrdn Singapore Equity Fund,32,docs/research/ilp-source-archive-2026-03-31/singlife-semiannual-2025.pdf,https://content.singlife.com/content/dam/public/sg/documents/investment/reports/semi-annual-ilp-funds-report-thick-31-dec-2025.pdf,Expense Ratio,30 September 2025,verified_exact,Verified against archived PDF singlife-semiannual-2025.pdf
Tokio Marine,ALLIANZ GLOBAL ARTIFICIAL INTELLIGENCE FUND,80,docs/research/ilp-source-archive-2026-03-31/tokiomarine-atlas-2025-sar.pdf,https://www.tokiomarine.com/content/dam/tokiomarine/sg/life/resources/fund-reports/Semi-Annual%20ILP%20Fund%20Report%20%281Jan-30Jun%202025%29%20Atlas.pdf,Expense Ratio,30 June 2025,verified_exact,Verified against archived PDF tokiomarine-atlas-2025-sar.pdf
Tokio Marine,ALLIANZ GLOBAL INTELLIGENT CITIES INCOME FUND,127,docs/research/ilp-source-archive-2026-03-31/tokiomarine-atlas-2025-sar.pdf,https://www.tokiomarine.com/content/dam/tokiomarine/sg/life/resources/fund-reports/Semi-Annual%20ILP%20Fund%20Report%20%281Jan-30Jun%202025%29%20Atlas.pdf,Expense Ratio,30 June 2025,verified_exact,Verified against archived PDF tokiomarine-atlas-2025-sar.pdf
Tokio Marine,ALLIANZ INCOME AND GROWTH FUND,131,docs/research/ilp-source-archive-2026-03-31/tokiomarine-atlas-2025-sar.pdf,https://www.tokiomarine.com/content/dam/tokiomarine/sg/life/resources/fund-reports/Semi-Annual%20ILP%20Fund%20Report%20%281Jan-30Jun%202025%29%20Atlas.pdf,Expense Ratio,30 Jun 2025,verified_exact,Verified against archived PDF tokiomarine-atlas-2025-sar.pdf
Tokio Marine,ALLIANZ US SHORT DURATION HIGH INCOME BOND FUND,105,docs/research/ilp-source-archive-2026-03-31/tokiomarine-atlas-2025-sar.pdf,https://www.tokiomarine.com/content/dam/tokiomarine/sg/life/resources/fund-reports/Semi-Annual%20ILP%20Fund%20Report%20%281Jan-30Jun%202025%29%20Atlas.pdf,Expense Ratio,30 June 2025,verified_exact,Verified against archived PDF tokiomarine-atlas-2025-sar.pdf
Tokio Marine,BAILLIE GIFFORD ASIA EX-JAPAN FUND,46,docs/research/ilp-source-archive-2026-03-31/tokiomarine-atlas-2025-sar.pdf,https://www.tokiomarine.com/content/dam/tokiomarine/sg/life/resources/fund-reports/Semi-Annual%20ILP%20Fund%20Report%20%281Jan-30Jun%202025%29%20Atlas.pdf,Expense Ratio,30 June 2025,verified_exact,Verified against archived PDF tokiomarine-atlas-2025-sar.pdf
Tokio Marine,BAILLIE GIFFORD LONG TERM GLOBAL GROWTH FUND,10,docs/research/ilp-source-archive-2026-03-31/tokiomarine-atlas-2025-sar.pdf,https://www.tokiomarine.com/content/dam/tokiomarine/sg/life/resources/fund-reports/Semi-Annual%20ILP%20Fund%20Report%20%281Jan-30Jun%202025%29%20Atlas.pdf,Expense Ratio,30 June 2025,verified_exact,Verified against archived PDF tokiomarine-atlas-2025-sar.pdf
Tokio Marine,BAILLIE GIFFORD POSITIVE CHANGE FUND,12,docs/research/ilp-source-archive-2026-03-31/tokiomarine-atlas-2025-sar.pdf,https://www.tokiomarine.com/content/dam/tokiomarine/sg/life/resources/fund-reports/Semi-Annual%20ILP%20Fund%20Report%20%281Jan-30Jun%202025%29%20Atlas.pdf,Expense Ratio,30 June 2025,verified_exact,Verified against archived PDF tokiomarine-atlas-2025-sar.pdf
Tokio Marine,BAILLIE GIFFORD US EQUITY GROWTH FUND,29,docs/research/ilp-source-archive-2026-03-31/tokiomarine-atlas-2025-sar.pdf,https://www.tokiomarine.com/content/dam/tokiomarine/sg/life/resources/fund-reports/Semi-Annual%20ILP%20Fund%20Report%20%281Jan-30Jun%202025%29%20Atlas.pdf,Expense Ratio,30 June 2025,verified_exact,Verified against archived PDF tokiomarine-atlas-2025-sar.pdf
Tokio Marine,CANACCORD GENUITY OPPORTUNITY FUND,134,docs/research/ilp-source-archive-2026-03-31/tokiomarine-atlas-2025-sar.pdf,https://www.tokiomarine.com/content/dam/tokiomarine/sg/life/resources/fund-reports/Semi-Annual%20ILP%20Fund%20Report%20%281Jan-30Jun%202025%29%20Atlas.pdf,Expense Ratio,30 June 2025,verified_exact,Verified against archived PDF tokiomarine-atlas-2025-sar.pdf
Tokio Marine,CAPITAL GROUP CAPITAL INCOME BUILDER FUND,136,docs/research/ilp-source-archive-2026-03-31/tokiomarine-atlas-2025-sar.pdf,https://www.tokiomarine.com/content/dam/tokiomarine/sg/life/resources/fund-reports/Semi-Annual%20ILP%20Fund%20Report%20%281Jan-30Jun%202025%29%20Atlas.pdf,Expense Ratio,30 June 2025,verified_exact,Verified against archived PDF tokiomarine-atlas-2025-sar.pdf
Tokio Marine,CAPITAL GROUP NEW PERSPECTIVE FUND,14,docs/research/ilp-source-archive-2026-03-31/tokiomarine-atlas-2025-sar.pdf,https://www.tokiomarine.com/content/dam/tokiomarine/sg/life/resources/fund-reports/Semi-Annual%20ILP%20Fund%20Report%20%281Jan-30Jun%202025%29%20Atlas.pdf,Expense Ratio,30 June 2025,verified_exact,Verified against archived PDF tokiomarine-atlas-2025-sar.pdf
Tokio Marine,FIDELITY ASIAN SPECIAL SITUATIONS FUND,48,docs/research/ilp-source-archive-2026-03-31/tokiomarine-atlas-2025-sar.pdf,https://www.tokiomarine.com/content/dam/tokiomarine/sg/life/resources/fund-reports/Semi-Annual%20ILP%20Fund%20Report%20%281Jan-30Jun%202025%29%20Atlas.pdf,Expense Ratio,30 June 2025,verified_exact,Verified against archived PDF tokiomarine-atlas-2025-sar.pdf
Tokio Marine,FIDELITY EMERGING MARKETS FUND,42,docs/research/ilp-source-archive-2026-03-31/tokiomarine-atlas-2025-sar.pdf,https://www.tokiomarine.com/content/dam/tokiomarine/sg/life/resources/fund-reports/Semi-Annual%20ILP%20Fund%20Report%20%281Jan-30Jun%202025%29%20Atlas.pdf,Expense Ratio,30 Jun 2025,verified_exact,Verified against archived PDF tokiomarine-atlas-2025-sar.pdf
Tokio Marine,FIDELITY EUROPEAN DYNAMIC GROWTH FUND,37,docs/research/ilp-source-archive-2026-03-31/tokiomarine-atlas-2025-sar.pdf,https://www.tokiomarine.com/content/dam/tokiomarine/sg/life/resources/fund-reports/Semi-Annual%20ILP%20Fund%20Report%20%281Jan-30Jun%202025%29%20Atlas.pdf,Expense Ratio,30 Jun 2025,verified_exact,Verified against archived PDF tokiomarine-atlas-2025-sar.pdf
Tokio Marine,FIDELITY US DOLLAR CASH FUND,120,docs/research/ilp-source-archive-2026-03-31/tokiomarine-atlas-2025-sar.pdf,https://www.tokiomarine.com/content/dam/tokiomarine/sg/life/resources/fund-reports/Semi-Annual%20ILP%20Fund%20Report%20%281Jan-30Jun%202025%29%20Atlas.pdf,Expense Ratio,30 June 2025,verified_exact,Verified against archived PDF tokiomarine-atlas-2025-sar.pdf
Tokio Marine,FIDELITY US HIGH YIELD FUND,109,docs/research/ilp-source-archive-2026-03-31/tokiomarine-atlas-2025-sar.pdf,https://www.tokiomarine.com/content/dam/tokiomarine/sg/life/resources/fund-reports/Semi-Annual%20ILP%20Fund%20Report%20%281Jan-30Jun%202025%29%20Atlas.pdf,Expense Ratio,30 June 2025,verified_exact,Verified against archived PDF tokiomarine-atlas-2025-sar.pdf
Tokio Marine,FIRST SENTIER BRIDGE FUND,152,docs/research/ilp-source-archive-2026-03-31/tokiomarine-atlas-2025-sar.pdf,https://www.tokiomarine.com/content/dam/tokiomarine/sg/life/resources/fund-reports/Semi-Annual%20ILP%20Fund%20Report%20%281Jan-30Jun%202025%29%20Atlas.pdf,Expense Ratio,30 June 2025,verified_exact,Verified against archived PDF tokiomarine-atlas-2025-sar.pdf
Tokio Marine,FRANKLIN GLOBAL SUKUK FUND,97,docs/research/ilp-source-archive-2026-03-31/tokiomarine-atlas-2025-sar.pdf,https://www.tokiomarine.com/content/dam/tokiomarine/sg/life/resources/fund-reports/Semi-Annual%20ILP%20Fund%20Report%20%281Jan-30Jun%202025%29%20Atlas.pdf,Expense Ratio,30 June 2025,verified_exact,Verified against archived PDF tokiomarine-atlas-2025-sar.pdf
Tokio Marine,FRANKLIN TECHNOLOGY FUND,83,docs/research/ilp-source-archive-2026-03-31/tokiomarine-atlas-2025-sar.pdf,https://www.tokiomarine.com/content/dam/tokiomarine/sg/life/resources/fund-reports/Semi-Annual%20ILP%20Fund%20Report%20%281Jan-30Jun%202025%29%20Atlas.pdf,Expense Ratio,30 Jun 2025,verified_exact,Verified against archived PDF tokiomarine-atlas-2025-sar.pdf
Tokio Marine,FSSA ASIAN EQUITY PLUS FUND,51,docs/research/ilp-source-archive-2026-03-31/tokiomarine-atlas-2025-sar.pdf,https://www.tokiomarine.com/content/dam/tokiomarine/sg/life/resources/fund-reports/Semi-Annual%20ILP%20Fund%20Report%20%281Jan-30Jun%202025%29%20Atlas.pdf,Expense Ratio,30 June 2025,verified_exact,Verified against archived PDF tokiomarine-atlas-2025-sar.pdf
Tokio Marine,FSSA DIVIDEND ADVANTAGE FUND,53,docs/research/ilp-source-archive-2026-03-31/tokiomarine-atlas-2025-sar.pdf,https://www.tokiomarine.com/content/dam/tokiomarine/sg/life/resources/fund-reports/Semi-Annual%20ILP%20Fund%20Report%20%281Jan-30Jun%202025%29%20Atlas.pdf,Expense Ratio,30 June 2025,verified_exact,Verified against archived PDF tokiomarine-atlas-2025-sar.pdf
Tokio Marine,FSSA GREATER CHINA GROWTH FUND,56,docs/research/ilp-source-archive-2026-03-31/tokiomarine-atlas-2025-sar.pdf,https://www.tokiomarine.com/content/dam/tokiomarine/sg/life/resources/fund-reports/Semi-Annual%20ILP%20Fund%20Report%20%281Jan-30Jun%202025%29%20Atlas.pdf,Expense Ratio,30 June 2025,verified_exact,Verified against archived PDF tokiomarine-atlas-2025-sar.pdf
Tokio Marine,FSSA INDIAN SUBCONTINENT FUND,69,docs/research/ilp-source-archive-2026-03-31/tokiomarine-atlas-2025-sar.pdf,https://www.tokiomarine.com/content/dam/tokiomarine/sg/life/resources/fund-reports/Semi-Annual%20ILP%20Fund%20Report%20%281Jan-30Jun%202025%29%20Atlas.pdf,Expense Ratio,30 June 2025,verified_exact,Verified against archived PDF tokiomarine-atlas-2025-sar.pdf
Tokio Marine,FSSA REGIONAL CHINA FUND,58,docs/research/ilp-source-archive-2026-03-31/tokiomarine-atlas-2025-sar.pdf,https://www.tokiomarine.com/content/dam/tokiomarine/sg/life/resources/fund-reports/Semi-Annual%20ILP%20Fund%20Report%20%281Jan-30Jun%202025%29%20Atlas.pdf,Expense Ratio,30 June 2025,verified_exact,Verified against archived PDF tokiomarine-atlas-2025-sar.pdf
Tokio Marine,FSSA REGIONAL INDIA FUND,71,docs/research/ilp-source-archive-2026-03-31/tokiomarine-atlas-2025-sar.pdf,https://www.tokiomarine.com/content/dam/tokiomarine/sg/life/resources/fund-reports/Semi-Annual%20ILP%20Fund%20Report%20%281Jan-30Jun%202025%29%20Atlas.pdf,Expense Ratio,30 June 2025,verified_exact,Verified against archived PDF tokiomarine-atlas-2025-sar.pdf
Tokio Marine,FUNDSMITH EQUITY FUND,17,docs/research/ilp-source-archive-2026-03-31/tokiomarine-atlas-2025-sar.pdf,https://www.tokiomarine.com/content/dam/tokiomarine/sg/life/resources/fund-reports/Semi-Annual%20ILP%20Fund%20Report%20%281Jan-30Jun%202025%29%20Atlas.pdf,Expense Ratio,30 June 2025,verified_exact,Verified against archived PDF tokiomarine-atlas-2025-sar.pdf
Tokio Marine,INFINITY US 500 STOCK INDEX FUND,31,docs/research/ilp-source-archive-2026-03-31/tokiomarine-atlas-2025-sar.pdf,https://www.tokiomarine.com/content/dam/tokiomarine/sg/life/resources/fund-reports/Semi-Annual%20ILP%20Fund%20Report%20%281Jan-30Jun%202025%29%20Atlas.pdf,Expense Ratio,30 June 2025,verified_exact,Verified against archived PDF tokiomarine-atlas-2025-sar.pdf
Tokio Marine,INVESCO GLOBAL CONSUMER TRENDS FUND,85,docs/research/ilp-source-archive-2026-03-31/tokiomarine-atlas-2025-sar.pdf,https://www.tokiomarine.com/content/dam/tokiomarine/sg/life/resources/fund-reports/Semi-Annual%20ILP%20Fund%20Report%20%281Jan-30Jun%202025%29%20Atlas.pdf,Expense Ratio,30 June 2025,verified_exact,Verified against archived PDF tokiomarine-atlas-2025-sar.pdf
Tokio Marine,JANUS HENDERSON GLOBAL LIFE SCIENCES FUND,88,docs/research/ilp-source-archive-2026-03-31/tokiomarine-atlas-2025-sar.pdf,https://www.tokiomarine.com/content/dam/tokiomarine/sg/life/resources/fund-reports/Semi-Annual%20ILP%20Fund%20Report%20%281Jan-30Jun%202025%29%20Atlas.pdf,Expense Ratio,30 Jun 2025,verified_exact,Verified against archived PDF tokiomarine-atlas-2025-sar.pdf
Tokio Marine,JPM ASIA PACIFIC INCOME FUND,149,docs/research/ilp-source-archive-2026-03-31/tokiomarine-atlas-2025-sar.pdf,https://www.tokiomarine.com/content/dam/tokiomarine/sg/life/resources/fund-reports/Semi-Annual%20ILP%20Fund%20Report%20%281Jan-30Jun%202025%29%20Atlas.pdf,Expense Ratio,30 June 2025,verified_exact,Verified against archived PDF tokiomarine-atlas-2025-sar.pdf
Tokio Marine,LIONGLOBAL SGD MONEY MARKET FUND,124,docs/research/ilp-source-archive-2026-03-31/tokiomarine-atlas-2025-sar.pdf,https://www.tokiomarine.com/content/dam/tokiomarine/sg/life/resources/fund-reports/Semi-Annual%20ILP%20Fund%20Report%20%281Jan-30Jun%202025%29%20Atlas.pdf,Expense Ratio,30 Jun 2025,verified_exact,Verified against archived PDF tokiomarine-atlas-2025-sar.pdf
Tokio Marine,MS EMERGING LEADERS EQUITY FUND,44,docs/research/ilp-source-archive-2026-03-31/tokiomarine-atlas-2025-sar.pdf,https://www.tokiomarine.com/content/dam/tokiomarine/sg/life/resources/fund-reports/Semi-Annual%20ILP%20Fund%20Report%20%281Jan-30Jun%202025%29%20Atlas.pdf,Expense Ratio,30 June 2025,verified_exact,Verified against archived PDF tokiomarine-atlas-2025-sar.pdf
Tokio Marine,MS EUROPE OPPORTUNITY FUND,39,docs/research/ilp-source-archive-2026-03-31/tokiomarine-atlas-2025-sar.pdf,https://www.tokiomarine.com/content/dam/tokiomarine/sg/life/resources/fund-reports/Semi-Annual%20ILP%20Fund%20Report%20%281Jan-30Jun%202025%29%20Atlas.pdf,Expense Ratio,30 June 2025,verified_exact,Verified against archived PDF tokiomarine-atlas-2025-sar.pdf
Tokio Marine,NIKKO AM JAPAN DIVIDEND EQUITY FUND,74,docs/research/ilp-source-archive-2026-03-31/tokiomarine-atlas-2025-sar.pdf,https://www.tokiomarine.com/content/dam/tokiomarine/sg/life/resources/fund-reports/Semi-Annual%20ILP%20Fund%20Report%20%281Jan-30Jun%202025%29%20Atlas.pdf,Expense Ratio,30 June 2025,verified_exact,Verified against archived PDF tokiomarine-atlas-2025-sar.pdf
Tokio Marine,NIKKO AM SINGAPORE DIVIDEND EQUITY FUND,77,docs/research/ilp-source-archive-2026-03-31/tokiomarine-atlas-2025-sar.pdf,https://www.tokiomarine.com/content/dam/tokiomarine/sg/life/resources/fund-reports/Semi-Annual%20ILP%20Fund%20Report%20%281Jan-30Jun%202025%29%20Atlas.pdf,Expense Ratio,30 June 2025,verified_exact,Verified against archived PDF tokiomarine-atlas-2025-sar.pdf
Tokio Marine,PIMCO INCOME FUND,102,docs/research/ilp-source-archive-2026-03-31/tokiomarine-atlas-2025-sar.pdf,https://www.tokiomarine.com/content/dam/tokiomarine/sg/life/resources/fund-reports/Semi-Annual%20ILP%20Fund%20Report%20%281Jan-30Jun%202025%29%20Atlas.pdf,Expense Ratio,30 June 2025,verified_exact,Verified against archived PDF tokiomarine-atlas-2025-sar.pdf
Tokio Marine,QUILTER CHEVIOT INTERNATIONAL BALANCED FUND,140,docs/research/ilp-source-archive-2026-03-31/tokiomarine-atlas-2025-sar.pdf,https://www.tokiomarine.com/content/dam/tokiomarine/sg/life/resources/fund-reports/Semi-Annual%20ILP%20Fund%20Report%20%281Jan-30Jun%202025%29%20Atlas.pdf,Expense Ratio,30 Jun 2025,verified_exact,Verified against archived PDF tokiomarine-atlas-2025-sar.pdf
Tokio Marine,QUILTER CHEVIOT INTERNATIONAL GROWTH FUND,142,docs/research/ilp-source-archive-2026-03-31/tokiomarine-atlas-2025-sar.pdf,https://www.tokiomarine.com/content/dam/tokiomarine/sg/life/resources/fund-reports/Semi-Annual%20ILP%20Fund%20Report%20%281Jan-30Jun%202025%29%20Atlas.pdf,Expense Ratio,30 June 2025,verified_exact,Verified against archived PDF tokiomarine-atlas-2025-sar.pdf
Tokio Marine,SANDS CAPITAL US SELECT GROWTH FUND,34,docs/research/ilp-source-archive-2026-03-31/tokiomarine-atlas-2025-sar.pdf,https://www.tokiomarine.com/content/dam/tokiomarine/sg/life/resources/fund-reports/Semi-Annual%20ILP%20Fund%20Report%20%281Jan-30Jun%202025%29%20Atlas.pdf,Expense Ratio,30 June 2025,verified_exact,Verified against archived PDF tokiomarine-atlas-2025-sar.pdf
Tokio Marine,SCHRODER ISF CHINA OPPORTUNITIES FUND,61,docs/research/ilp-source-archive-2026-03-31/tokiomarine-atlas-2025-sar.pdf,https://www.tokiomarine.com/content/dam/tokiomarine/sg/life/resources/fund-reports/Semi-Annual%20ILP%20Fund%20Report%20%281Jan-30Jun%202025%29%20Atlas.pdf,Expense Ratio,30 June 2025,verified_exact,Verified against archived PDF tokiomarine-atlas-2025-sar.pdf
Tokio Marine,SCHRODER ISF COMMODITY FUND,92,docs/research/ilp-source-archive-2026-03-31/tokiomarine-atlas-2025-sar.pdf,https://www.tokiomarine.com/content/dam/tokiomarine/sg/life/resources/fund-reports/Semi-Annual%20ILP%20Fund%20Report%20%281Jan-30Jun%202025%29%20Atlas.pdf,Expense Ratio,30 June 2025,verified_exact,Verified against archived PDF tokiomarine-atlas-2025-sar.pdf
Tokio Marine,TEMPLETON SHARIAH GLOBAL EQUITY FUND,27,docs/research/ilp-source-archive-2026-03-31/tokiomarine-atlas-2025-sar.pdf,https://www.tokiomarine.com/content/dam/tokiomarine/sg/life/resources/fund-reports/Semi-Annual%20ILP%20Fund%20Report%20%281Jan-30Jun%202025%29%20Atlas.pdf,Expense Ratio,30 June 2025,verified_exact,Verified against archived PDF tokiomarine-atlas-2025-sar.pdf
Tokio Marine,TMLS ASIA BOND FUND,22,docs/research/ilp-source-archive-2026-03-31/tokiomarine-non-atlas-2025-sar.pdf,https://www.tokiomarine.com/content/dam/tokiomarine/sg/life/resources/fund-reports/Semi-Annual%20ILP%20Fund%20Report%20%281Jan-30Jun%202025%29%20Non-Atlas.pdf,Expense Ratio,30 Jun 2025,verified_exact,Verified against archived PDF tokiomarine-non-atlas-2025-sar.pdf
Tokio Marine,TMLS ASIA PACIFIC INCOME FUND,31,docs/research/ilp-source-archive-2026-03-31/tokiomarine-non-atlas-2025-sar.pdf,https://www.tokiomarine.com/content/dam/tokiomarine/sg/life/resources/fund-reports/Semi-Annual%20ILP%20Fund%20Report%20%281Jan-30Jun%202025%29%20Non-Atlas.pdf,Expense Ratio,30 Jun 2025,verified_exact,Verified against archived PDF tokiomarine-non-atlas-2025-sar.pdf
Tokio Marine,TMLS ASIAN EQUITY PLUS FUND,9,docs/research/ilp-source-archive-2026-03-31/tokiomarine-non-atlas-2025-sar.pdf,https://www.tokiomarine.com/content/dam/tokiomarine/sg/life/resources/fund-reports/Semi-Annual%20ILP%20Fund%20Report%20%281Jan-30Jun%202025%29%20Non-Atlas.pdf,Expense Ratio,30 June 2025,verified_exact,Verified against archived PDF tokiomarine-non-atlas-2025-sar.pdf
Tokio Marine,TMLS CHINA EQUITY FUND,16,docs/research/ilp-source-archive-2026-03-31/tokiomarine-non-atlas-2025-sar.pdf,https://www.tokiomarine.com/content/dam/tokiomarine/sg/life/resources/fund-reports/Semi-Annual%20ILP%20Fund%20Report%20%281Jan-30Jun%202025%29%20Non-Atlas.pdf,Expense Ratio,30 Jun 2025,verified_exact,Verified against archived PDF tokiomarine-non-atlas-2025-sar.pdf
Tokio Marine,TMLS FLEXCONCEPT FUND,47,docs/research/ilp-source-archive-2026-03-31/tokiomarine-non-atlas-2025-sar.pdf,https://www.tokiomarine.com/content/dam/tokiomarine/sg/life/resources/fund-reports/Semi-Annual%20ILP%20Fund%20Report%20%281Jan-30Jun%202025%29%20Non-Atlas.pdf,Expense Ratio,30 Jun 2025,verified_exact,Verified against archived PDF tokiomarine-non-atlas-2025-sar.pdf
Tokio Marine,TMLS GLOBAL EMERGING MARKETS EQUITY FUND,13,docs/research/ilp-source-archive-2026-03-31/tokiomarine-non-atlas-2025-sar.pdf,https://www.tokiomarine.com/content/dam/tokiomarine/sg/life/resources/fund-reports/Semi-Annual%20ILP%20Fund%20Report%20%281Jan-30Jun%202025%29%20Non-Atlas.pdf,Expense Ratio,30 Jun 2025,verified_exact,Verified against archived PDF tokiomarine-non-atlas-2025-sar.pdf
Tokio Marine,TMLS INCOME AND GROWTH FUND,28,docs/research/ilp-source-archive-2026-03-31/tokiomarine-non-atlas-2025-sar.pdf,https://www.tokiomarine.com/content/dam/tokiomarine/sg/life/resources/fund-reports/Semi-Annual%20ILP%20Fund%20Report%20%281Jan-30Jun%202025%29%20Non-Atlas.pdf,Expense Ratio,30 Jun 2025,verified_exact,Verified against archived PDF tokiomarine-non-atlas-2025-sar.pdf
Tokio Marine,TMLS MULTI-ASSET 30 FUND,34,docs/research/ilp-source-archive-2026-03-31/tokiomarine-non-atlas-2025-sar.pdf,https://www.tokiomarine.com/content/dam/tokiomarine/sg/life/resources/fund-reports/Semi-Annual%20ILP%20Fund%20Report%20%281Jan-30Jun%202025%29%20Non-Atlas.pdf,Expense Ratio,30 Jun 2025,verified_exact,Verified against archived PDF tokiomarine-non-atlas-2025-sar.pdf
Tokio Marine,TMLS MULTI-ASSET 50 FUND,37,docs/research/ilp-source-archive-2026-03-31/tokiomarine-non-atlas-2025-sar.pdf,https://www.tokiomarine.com/content/dam/tokiomarine/sg/life/resources/fund-reports/Semi-Annual%20ILP%20Fund%20Report%20%281Jan-30Jun%202025%29%20Non-Atlas.pdf,Expense Ratio,30 Jun 2025,verified_exact,Verified against archived PDF tokiomarine-non-atlas-2025-sar.pdf
Tokio Marine,TMLS MULTI-ASSET 70 FUND,40,docs/research/ilp-source-archive-2026-03-31/tokiomarine-non-atlas-2025-sar.pdf,https://www.tokiomarine.com/content/dam/tokiomarine/sg/life/resources/fund-reports/Semi-Annual%20ILP%20Fund%20Report%20%281Jan-30Jun%202025%29%20Non-Atlas.pdf,Expense Ratio,30 Jun 2025,verified_exact,Verified against archived PDF tokiomarine-non-atlas-2025-sar.pdf
Tokio Marine,TMLS MULTI-ASSET 90 FUND,44,docs/research/ilp-source-archive-2026-03-31/tokiomarine-non-atlas-2025-sar.pdf,https://www.tokiomarine.com/content/dam/tokiomarine/sg/life/resources/fund-reports/Semi-Annual%20ILP%20Fund%20Report%20%281Jan-30Jun%202025%29%20Non-Atlas.pdf,Expense Ratio,30 Jun 2025,verified_exact,Verified against archived PDF tokiomarine-non-atlas-2025-sar.pdf
Tokio Marine,TMLS SINGAPORE BOND FUND,25,docs/research/ilp-source-archive-2026-03-31/tokiomarine-non-atlas-2025-sar.pdf,https://www.tokiomarine.com/content/dam/tokiomarine/sg/life/resources/fund-reports/Semi-Annual%20ILP%20Fund%20Report%20%281Jan-30Jun%202025%29%20Non-Atlas.pdf,Expense Ratio,30 Jun 2025,verified_exact,Verified against archived PDF tokiomarine-non-atlas-2025-sar.pdf
Tokio Marine,TMLS SINGAPORE EQUITY FUND,19,docs/research/ilp-source-archive-2026-03-31/tokiomarine-non-atlas-2025-sar.pdf,https://www.tokiomarine.com/content/dam/tokiomarine/sg/life/resources/fund-reports/Semi-Annual%20ILP%20Fund%20Report%20%281Jan-30Jun%202025%29%20Non-Atlas.pdf,Expense Ratio,30 Jun 2025,verified_exact,Verified against archived PDF tokiomarine-non-atlas-2025-sar.pdf
Tokio Marine,UBS ALL CHINA EQUITY FUND,64,docs/research/ilp-source-archive-2026-03-31/tokiomarine-atlas-2025-sar.pdf,https://www.tokiomarine.com/content/dam/tokiomarine/sg/life/resources/fund-reports/Semi-Annual%20ILP%20Fund%20Report%20%281Jan-30Jun%202025%29%20Atlas.pdf,Expense Ratio,30 June 2025,verified_exact,Verified against archived PDF tokiomarine-atlas-2025-sar.pdf
Tokio Marine,UBS CHINA ALLOCATION OPPORTUNITY FUND,154,docs/research/ilp-source-archive-2026-03-31/tokiomarine-atlas-2025-sar.pdf,https://www.tokiomarine.com/content/dam/tokiomarine/sg/life/resources/fund-reports/Semi-Annual%20ILP%20Fund%20Report%20%281Jan-30Jun%202025%29%20Atlas.pdf,Expense Ratio,30 June 2025,verified_exact,Verified against archived PDF tokiomarine-atlas-2025-sar.pdf
Tokio Marine,UBS O’CONNOR CHINA L/S ALPHA STRATEGIES,67,docs/research/ilp-source-archive-2026-03-31/tokiomarine-atlas-2025-sar.pdf,https://www.tokiomarine.com/content/dam/tokiomarine/sg/life/resources/fund-reports/Semi-Annual%20ILP%20Fund%20Report%20%281Jan-30Jun%202025%29%20Atlas.pdf,Expense Ratio,30 Jun 2025,verified_exact,Verified against archived PDF tokiomarine-atlas-2025-sar.pdf
Tokio Marine,UNITED ASIAN HIGH YIELD BOND FUND,114,docs/research/ilp-source-archive-2026-03-31/tokiomarine-atlas-2025-sar.pdf,https://www.tokiomarine.com/content/dam/tokiomarine/sg/life/resources/fund-reports/Semi-Annual%20ILP%20Fund%20Report%20%281Jan-30Jun%202025%29%20Atlas.pdf,Expense Ratio,30 June 2025,verified_exact,Verified against archived PDF tokiomarine-atlas-2025-sar.pdf
Tokio Marine,UNITED G STRATEGIC FUND,146,docs/research/ilp-source-archive-2026-03-31/tokiomarine-atlas-2025-sar.pdf,https://www.tokiomarine.com/content/dam/tokiomarine/sg/life/resources/fund-reports/Semi-Annual%20ILP%20Fund%20Report%20%281Jan-30Jun%202025%29%20Atlas.pdf,Expense Ratio,30 Jun 2025,verified_exact,Verified against archived PDF tokiomarine-atlas-2025-sar.pdf
Tokio Marine,UNITED GOLD & GENERAL FUND,94,docs/research/ilp-source-archive-2026-03-31/tokiomarine-atlas-2025-sar.pdf,https://www.tokiomarine.com/content/dam/tokiomarine/sg/life/resources/fund-reports/Semi-Annual%20ILP%20Fund%20Report%20%281Jan-30Jun%202025%29%20Atlas.pdf,Expense Ratio,30 June 2025,verified_exact,Verified against archived PDF tokiomarine-atlas-2025-sar.pdf
Tokio Marine,UNITED SGD FUND,118,docs/research/ilp-source-archive-2026-03-31/tokiomarine-atlas-2025-sar.pdf,https://www.tokiomarine.com/content/dam/tokiomarine/sg/life/resources/fund-reports/Semi-Annual%20ILP%20Fund%20Report%20%281Jan-30Jun%202025%29%20Atlas.pdf,Expense Ratio,30 June 2025,verified_exact,Verified against archived PDF tokiomarine-atlas-2025-sar.pdf
